{"type":"FeatureCollection","attribution":"© OpenStreetMap contributors, ODbL 1.0 — https://www.openstreetmap.org/copyright","generated":"2026-10-08T18:39:14.164Z","source":"Overpass API","bbox":[53.366,-6.268,53.391,-6.244],"highwayClasses":["footway","path","pedestrian","steps","cycleway","service","residential","living_street","unclassified","tertiary","secondary","primary","trunk","tertiary_link","secondary_link","primary_link","trunk_link","corridor"],"features":[{"type":"Feature","id":"way/3786916","properties":{"osmId":3786916,"attribution":"© OpenStreetMap contributors, ODbL 1.0","highway":"secondary","name":"Collins Avenue Extension","foot":"no"},"geometry":{"type":"LineString","coordinates":[[-6.264674,53.389136],[-6.264567,53.389118],[-6.26445,53.389094],[-6.264182,53.389038]]}},{"type":"Feature","id":"way/3792286","properties":{"osmId":3792286,"attribution":"© OpenStreetMap contributors, ODbL 1.0","highway":"secondary","name":"Griffith Avenue"},"geometry":{"type":"LineString","coordinates":[[-6.26503,53.378602],[-6.264919,53.378588],[-6.262675,53.378177],[-6.262568,53.378158],[-6.261433,53.377954],[-6.261009,53.377878],[-6.25999,53.377694],[-6.259502,53.377607],[-6.258815,53.377483],[-6.258324,53.377399],[-6.258185,53.377376],[-6.257947,53.377335],[-6.257743,53.377296],[-6.257639,53.377277],[-6.256706,53.377114],[-6.255953,53.376985],[-6.255616,53.376926],[-6.254591,53.376748],[-6.254537,53.376739],[-6.254478,53.376728],[-6.254392,53.376714],[-6.25427,53.376693],[-6.253628,53.376575],[-6.253084,53.37646],[-6.25219,53.37626],[-6.251699,53.376139],[-6.251187,53.376018],[-6.251118,53.376],[-6.251046,53.375982],[-6.250642,53.375883],[-6.250548,53.375856],[-6.250353,53.375817]]}},{"type":"Feature","id":"way/3793938","properties":{"osmId":3793938,"attribution":"© OpenStreetMap contributors, ODbL 1.0","highway":"secondary","name":"Drumcondra Road Upper"},"geometry":{"type":"LineString","coordinates":[[-6.250213,53.375965],[-6.250196,53.375982],[-6.250008,53.376163],[-6.249856,53.376291]]}},{"type":"Feature","id":"way/3809961","properties":{"osmId":3809961,"attribution":"© OpenStreetMap contributors, ODbL 1.0","highway":"secondary","name":"Saint Mobhi Road"},"geometry":{"type":"LineString","coordinates":[[-6.265248,53.378636],[-6.265229,53.378511],[-6.265224,53.378493],[-6.265001,53.377629]]}},{"type":"Feature","id":"way/3809965","properties":{"osmId":3809965,"attribution":"© OpenStreetMap contributors, ODbL 1.0","highway":"residential","name":"Marguerite Road"},"geometry":{"type":"LineString","coordinates":[[-6.269658,53.368798],[-6.269587,53.368764],[-6.269004,53.368665],[-6.266492,53.368363]]}},{"type":"Feature","id":"way/3809970","properties":{"osmId":3809970,"attribution":"© OpenStreetMap contributors, ODbL 1.0","highway":"residential","name":"Daneswell Road"},"geometry":{"type":"LineString","coordinates":[[-6.267324,53.370061],[-6.267304,53.370096],[-6.267157,53.37035],[-6.266083,53.371112],[-6.266049,53.371136],[-6.265769,53.371335],[-6.265725,53.371367]]}},{"type":"Feature","id":"way/3809971","properties":{"osmId":3809971,"attribution":"© OpenStreetMap contributors, ODbL 1.0","highway":"residential","name":"Fairfield Road"},"geometry":{"type":"LineString","coordinates":[[-6.268507,53.370293],[-6.268416,53.370249],[-6.268334,53.370217],[-6.268305,53.370205],[-6.267324,53.370061],[-6.266575,53.369942],[-6.26594,53.369847]]}},{"type":"Feature","id":"way/3809973","properties":{"osmId":3809973,"attribution":"© OpenStreetMap contributors, ODbL 1.0","highway":"tertiary","name":"Botanic Avenue"},"geometry":{"type":"LineString","coordinates":[[-6.268504,53.372722],[-6.268414,53.372711],[-6.268392,53.372708],[-6.268294,53.372698],[-6.268153,53.372683],[-6.268045,53.372669],[-6.267932,53.372644],[-6.267818,53.372605],[-6.267789,53.372589],[-6.267717,53.372551],[-6.267639,53.372502],[-6.267513,53.372407],[-6.267294,53.372263],[-6.267038,53.37212],[-6.266873,53.372023],[-6.266635,53.371894],[-6.266544,53.371844]]}},{"type":"Feature","id":"way/3809974","properties":{"osmId":3809974,"attribution":"© OpenStreetMap contributors, ODbL 1.0","highway":"tertiary","name":"Home Farm Road"},"geometry":{"type":"LineString","coordinates":[[-6.264687,53.376156],[-6.264621,53.376142],[-6.264586,53.376134],[-6.263906,53.375988],[-6.26361,53.375924],[-6.262295,53.375635],[-6.261784,53.375522],[-6.261189,53.37539]]}},{"type":"Feature","id":"way/3809975","properties":{"osmId":3809975,"attribution":"© OpenStreetMap contributors, ODbL 1.0","highway":"residential","name":"Walsh Road"},"geometry":{"type":"LineString","coordinates":[[-6.261189,53.37539],[-6.261214,53.375344],[-6.261221,53.375287],[-6.261205,53.374596],[-6.261204,53.374542],[-6.261195,53.374124],[-6.26119,53.373986],[-6.261178,53.373569],[-6.261159,53.373185],[-6.261149,53.372912],[-6.261143,53.372703],[-6.261135,53.372409],[-6.261126,53.372264],[-6.261124,53.371851],[-6.261122,53.371811],[-6.261112,53.371457],[-6.261111,53.3713],[-6.26111,53.371049],[-6.261093,53.37083],[-6.261068,53.370761],[-6.260991,53.370697],[-6.260864,53.370625],[-6.260776,53.370589],[-6.260635,53.370565],[-6.260493,53.370537]]}},{"type":"Feature","id":"way/3810271","properties":{"osmId":3810271,"attribution":"© OpenStreetMap contributors, ODbL 1.0","highway":"secondary","name":"Saint Mobhi Road"},"geometry":{"type":"LineString","coordinates":[[-6.264687,53.376156],[-6.264802,53.375882],[-6.264883,53.37569],[-6.264895,53.37566],[-6.264914,53.375615],[-6.264934,53.375569],[-6.264957,53.375514],[-6.26508,53.37525],[-6.265583,53.374167],[-6.265615,53.374064],[-6.265628,53.374019],[-6.265807,53.373357],[-6.265823,53.373203],[-6.265839,53.373052]]}},{"type":"Feature","id":"way/3810272","properties":{"osmId":3810272,"attribution":"© OpenStreetMap contributors, ODbL 1.0","highway":"secondary","name":"Griffith Avenue"},"geometry":{"type":"LineString","coordinates":[[-6.265414,53.378662],[-6.265484,53.378678],[-6.265679,53.378708]]}},{"type":"Feature","id":"way/3818298","properties":{"osmId":3818298,"attribution":"© OpenStreetMap contributors, ODbL 1.0","highway":"secondary","name":"Drumcondra Road Upper"},"geometry":{"type":"LineString","coordinates":[[-6.254998,53.368755],[-6.254919,53.368874],[-6.254901,53.368905]]}},{"type":"Feature","id":"way/3818299","properties":{"osmId":3818299,"attribution":"© OpenStreetMap contributors, ODbL 1.0","highway":"tertiary","name":"Richmond Road"},"geometry":{"type":"LineString","coordinates":[[-6.242946,53.362749],[-6.24321,53.362849],[-6.243333,53.362903],[-6.243383,53.362925],[-6.243705,53.363159],[-6.24397,53.363364],[-6.244438,53.363728],[-6.244479,53.36376],[-6.24453,53.363802],[-6.244822,53.364027],[-6.24486,53.364057],[-6.244878,53.364071],[-6.244993,53.36416],[-6.245017,53.364181],[-6.245425,53.36444],[-6.245587,53.364562],[-6.245672,53.364632],[-6.24575,53.364718],[-6.245834,53.36479],[-6.245895,53.364855],[-6.246136,53.365145],[-6.246165,53.365171],[-6.246218,53.365217],[-6.246309,53.365279],[-6.246461,53.365357],[-6.246678,53.365454],[-6.247241,53.365664],[-6.247298,53.365684],[-6.24765,53.365798],[-6.247976,53.365883],[-6.24802,53.365894],[-6.248275,53.365986],[-6.248313,53.366004],[-6.248832,53.366344],[-6.248997,53.366457],[-6.249093,53.366522],[-6.249265,53.366639],[-6.249416,53.366748],[-6.24978,53.366977],[-6.249874,53.367034],[-6.250575,53.36746],[-6.250604,53.367472],[-6.250779,53.367563],[-6.250815,53.367582],[-6.250859,53.367604],[-6.250907,53.367629],[-6.252025,53.368208],[-6.252053,53.368221],[-6.252473,53.368358],[-6.253685,53.368558],[-6.254389,53.368665],[-6.254693,53.368711],[-6.254721,53.368716],[-6.254754,53.368721],[-6.254835,53.368732],[-6.254998,53.368755]]}},{"type":"Feature","id":"way/3818326","properties":{"osmId":3818326,"attribution":"© OpenStreetMap contributors, ODbL 1.0","highway":"secondary","name":"Collins Avenue"},"geometry":{"type":"LineString","coordinates":[[-6.244459,53.382444],[-6.244222,53.382363],[-6.244182,53.382349],[-6.243631,53.382149]]}},{"type":"Feature","id":"way/3818451","properties":{"osmId":3818451,"attribution":"© OpenStreetMap contributors, ODbL 1.0","highway":"secondary","name":"Ballymun Road"},"geometry":{"type":"LineString","coordinates":[[-6.266696,53.379126],[-6.26665,53.379181],[-6.266556,53.379289]]}},{"type":"Feature","id":"way/4469078","properties":{"osmId":4469078,"attribution":"© OpenStreetMap contributors, ODbL 1.0","highway":"residential","name":"Shanowen Avenue"},"geometry":{"type":"LineString","coordinates":[[-6.258442,53.387651],[-6.258349,53.387749],[-6.258185,53.387924],[-6.258094,53.388069],[-6.25799,53.388333],[-6.257846,53.388695]]}},{"type":"Feature","id":"way/4469882","properties":{"osmId":4469882,"attribution":"© OpenStreetMap contributors, ODbL 1.0","highway":"secondary","name":"Griffith Avenue"},"geometry":{"type":"LineString","coordinates":[[-6.250353,53.375817],[-6.250134,53.375754],[-6.250025,53.375725],[-6.249386,53.375552],[-6.248297,53.375255],[-6.247242,53.374978],[-6.245729,53.374557]]}},{"type":"Feature","id":"way/4538997","properties":{"osmId":4538997,"attribution":"© OpenStreetMap contributors, ODbL 1.0","highway":"residential","name":"O'Neachtain Road"},"geometry":{"type":"LineString","coordinates":[[-6.261112,53.371457],[-6.261062,53.371452],[-6.260197,53.371357],[-6.259361,53.371266],[-6.25929,53.371258]]}},{"type":"Feature","id":"way/4539000","properties":{"osmId":4539000,"attribution":"© OpenStreetMap contributors, ODbL 1.0","highway":"residential","name":"Fleming Road"},"geometry":{"type":"LineString","coordinates":[[-6.261126,53.372264],[-6.261083,53.372259],[-6.25874,53.371986],[-6.258671,53.371978]]}},{"type":"Feature","id":"way/4539004","properties":{"osmId":4539004,"attribution":"© OpenStreetMap contributors, ODbL 1.0","highway":"residential","name":"Joyce Road"},"geometry":{"type":"LineString","coordinates":[[-6.261159,53.373185],[-6.261109,53.373181],[-6.260343,53.373109],[-6.259542,53.373022],[-6.25875,53.372928],[-6.258003,53.372846],[-6.257949,53.37284]]}},{"type":"Feature","id":"way/4539008","properties":{"osmId":4539008,"attribution":"© OpenStreetMap contributors, ODbL 1.0","highway":"residential","name":"Hardiman Road"},"geometry":{"type":"LineString","coordinates":[[-6.261195,53.374124],[-6.261135,53.374117],[-6.260054,53.373992],[-6.258491,53.373816],[-6.257398,53.373685],[-6.25733,53.373677]]}},{"type":"Feature","id":"way/4539010","properties":{"osmId":4539010,"attribution":"© OpenStreetMap contributors, ODbL 1.0","highway":"residential","name":"O'Daly Road"},"geometry":{"type":"LineString","coordinates":[[-6.260054,53.373992],[-6.260026,53.374035],[-6.25999,53.374091],[-6.259921,53.374184],[-6.259843,53.374236],[-6.259732,53.374299],[-6.25963,53.374327],[-6.259497,53.374353],[-6.25925,53.37437],[-6.259058,53.374351],[-6.258945,53.374317],[-6.258858,53.374291],[-6.258766,53.374252],[-6.258672,53.374191],[-6.258586,53.374111],[-6.258527,53.374007],[-6.258498,53.373888],[-6.258495,53.373861],[-6.258491,53.373816]]}},{"type":"Feature","id":"way/4539013","properties":{"osmId":4539013,"attribution":"© OpenStreetMap contributors, ODbL 1.0","highway":"residential","name":"Windele Road"},"geometry":{"type":"LineString","coordinates":[[-6.259542,53.373022],[-6.259533,53.373056],[-6.259405,53.373466]]}},{"type":"Feature","id":"way/4539014","properties":{"osmId":4539014,"attribution":"© OpenStreetMap contributors, ODbL 1.0","highway":"residential","name":"O'Brien's Place"},"geometry":{"type":"LineString","coordinates":[[-6.25969,53.372561],[-6.259555,53.372985],[-6.259542,53.373022]]}},{"type":"Feature","id":"way/4539023","properties":{"osmId":4539023,"attribution":"© OpenStreetMap contributors, ODbL 1.0","highway":"residential","name":"Barron Place"},"geometry":{"type":"LineString","coordinates":[[-6.260197,53.371357],[-6.260189,53.371387],[-6.260082,53.371729]]}},{"type":"Feature","id":"way/4539037","properties":{"osmId":4539037,"attribution":"© OpenStreetMap contributors, ODbL 1.0","highway":"residential","name":"Comyn Place"},"geometry":{"type":"LineString","coordinates":[[-6.260322,53.370986],[-6.260208,53.371325],[-6.260197,53.371357]]}},{"type":"Feature","id":"way/4539201","properties":{"osmId":4539201,"attribution":"© OpenStreetMap contributors, ODbL 1.0","highway":"residential","name":"Dargle Road"},"geometry":{"type":"LineString","coordinates":[[-6.259781,53.366376],[-6.25904,53.366199],[-6.258644,53.366105],[-6.258138,53.365993],[-6.257765,53.365899],[-6.257532,53.36585],[-6.257272,53.36577],[-6.257158,53.365739],[-6.257138,53.365734],[-6.256454,53.365548],[-6.256422,53.365541],[-6.256392,53.365536],[-6.256176,53.365474]]}},{"type":"Feature","id":"way/4539203","properties":{"osmId":4539203,"attribution":"© OpenStreetMap contributors, ODbL 1.0","highway":"residential","name":"Carlingford Road"},"geometry":{"type":"LineString","coordinates":[[-6.261022,53.367084],[-6.260956,53.367072],[-6.257867,53.366508],[-6.25732,53.366414],[-6.257262,53.366404],[-6.257211,53.366395],[-6.256754,53.366315],[-6.256005,53.366175],[-6.255983,53.366172],[-6.255957,53.366168],[-6.255746,53.366129]]}},{"type":"Feature","id":"way/4539206","properties":{"osmId":4539206,"attribution":"© OpenStreetMap contributors, ODbL 1.0","highway":"residential","name":"Iona Avenue"},"geometry":{"type":"LineString","coordinates":[[-6.261022,53.367084],[-6.260918,53.367336],[-6.260882,53.36742],[-6.260783,53.367649],[-6.260757,53.36771]]}},{"type":"Feature","id":"way/4539211","properties":{"osmId":4539211,"attribution":"© OpenStreetMap contributors, ODbL 1.0","highway":"residential","name":"Glenarm Avenue"},"geometry":{"type":"LineString","coordinates":[[-6.257532,53.36585],[-6.257513,53.365887],[-6.257277,53.366366],[-6.257262,53.366404],[-6.257249,53.366436],[-6.257004,53.366977],[-6.256977,53.367037]]}},{"type":"Feature","id":"way/4539217","properties":{"osmId":4539217,"attribution":"© OpenStreetMap contributors, ODbL 1.0","highway":"residential","name":"Hollybank Road"},"geometry":{"type":"LineString","coordinates":[[-6.259924,53.367556],[-6.259501,53.367483],[-6.258258,53.367265],[-6.257621,53.367148],[-6.25715,53.367066],[-6.256977,53.367037],[-6.256147,53.36689],[-6.25566,53.366805],[-6.25563,53.366799],[-6.255495,53.366784]]}},{"type":"Feature","id":"way/4539228","properties":{"osmId":4539228,"attribution":"© OpenStreetMap contributors, ODbL 1.0","highway":"tertiary","name":"Botanic Avenue"},"geometry":{"type":"LineString","coordinates":[[-6.266544,53.371844],[-6.266456,53.371794],[-6.26614,53.371612],[-6.265899,53.371471]]}},{"type":"Feature","id":"way/4539231","properties":{"osmId":4539231,"attribution":"© OpenStreetMap contributors, ODbL 1.0","highway":"residential","name":"Glendalough Road"},"geometry":{"type":"LineString","coordinates":[[-6.259924,53.367556],[-6.259898,53.367621],[-6.25969,53.368032],[-6.259529,53.36837],[-6.259503,53.368419]]}},{"type":"Feature","id":"way/4539236","properties":{"osmId":4539236,"attribution":"© OpenStreetMap contributors, ODbL 1.0","highway":"residential","name":"Iona Road"},"geometry":{"type":"LineString","coordinates":[[-6.270875,53.366772],[-6.27083,53.366759],[-6.270815,53.366757],[-6.270576,53.366713],[-6.270198,53.366632],[-6.269465,53.366479],[-6.269016,53.366386],[-6.268718,53.36633],[-6.268525,53.366292],[-6.268285,53.366244],[-6.267917,53.366193],[-6.267489,53.366169],[-6.266913,53.366144],[-6.266403,53.366131],[-6.266318,53.36613],[-6.266256,53.36613],[-6.265979,53.366127],[-6.265683,53.366112],[-6.265422,53.366091],[-6.265128,53.366052],[-6.264447,53.365936],[-6.264372,53.365924],[-6.264127,53.365872],[-6.263102,53.36566]]}},{"type":"Feature","id":"way/4539265","properties":{"osmId":4539265,"attribution":"© OpenStreetMap contributors, ODbL 1.0","highway":"residential","name":"Rathlin Road"},"geometry":{"type":"LineString","coordinates":[[-6.263906,53.375988],[-6.263879,53.376036],[-6.263738,53.376286],[-6.263378,53.376935],[-6.26321,53.377228],[-6.26319,53.377264],[-6.263056,53.377509],[-6.26288,53.377817],[-6.262733,53.378075],[-6.262723,53.378091],[-6.262675,53.378177]]}},{"type":"Feature","id":"way/4539266","properties":{"osmId":4539266,"attribution":"© OpenStreetMap contributors, ODbL 1.0","highway":"residential","name":"Lambay Road"},"geometry":{"type":"LineString","coordinates":[[-6.262295,53.375635],[-6.262268,53.375681],[-6.262225,53.375752],[-6.261873,53.376363],[-6.261442,53.37711],[-6.261159,53.3776],[-6.261052,53.377794],[-6.261009,53.377878]]}},{"type":"Feature","id":"way/4539268","properties":{"osmId":4539268,"attribution":"© OpenStreetMap contributors, ODbL 1.0","highway":"residential","name":"Bantry Road"},"geometry":{"type":"LineString","coordinates":[[-6.2601,53.375153],[-6.260068,53.37521],[-6.259985,53.375355],[-6.259701,53.375873],[-6.259354,53.376504],[-6.25907,53.377021],[-6.258941,53.377257],[-6.25886,53.377403],[-6.258815,53.377483]]}},{"type":"Feature","id":"way/4539270","properties":{"osmId":4539270,"attribution":"© OpenStreetMap contributors, ODbL 1.0","highway":"residential","name":"Valentia Road"},"geometry":{"type":"LineString","coordinates":[[-6.258067,53.374718],[-6.258031,53.374777],[-6.257978,53.374866],[-6.25764,53.375463],[-6.257622,53.375495],[-6.2573,53.376064],[-6.257273,53.376112],[-6.256869,53.376826],[-6.256752,53.377028],[-6.256706,53.377114]]}},{"type":"Feature","id":"way/4539287","properties":{"osmId":4539287,"attribution":"© OpenStreetMap contributors, ODbL 1.0","highway":"residential","name":"Clare Road"},"geometry":{"type":"LineString","coordinates":[[-6.25573,53.374226],[-6.255699,53.374278],[-6.255515,53.374587],[-6.255285,53.374972],[-6.254994,53.375461]]}},{"type":"Feature","id":"way/4539290","properties":{"osmId":4539290,"attribution":"© OpenStreetMap contributors, ODbL 1.0","highway":"residential","name":"Clare Park Villas"},"geometry":{"type":"LineString","coordinates":[[-6.254413,53.375413],[-6.253847,53.3753]]}},{"type":"Feature","id":"way/4539299","properties":{"osmId":4539299,"attribution":"© OpenStreetMap contributors, ODbL 1.0","highway":"residential","name":"Arran Road"},"geometry":{"type":"LineString","coordinates":[[-6.253578,53.373762],[-6.25355,53.373811],[-6.253377,53.374101],[-6.253036,53.374679]]}},{"type":"Feature","id":"way/4539327","properties":{"osmId":4539327,"attribution":"© OpenStreetMap contributors, ODbL 1.0","highway":"residential","name":"Wellpark Avenue"},"geometry":{"type":"LineString","coordinates":[[-6.253767,53.375611],[-6.253628,53.37553],[-6.25316,53.375238],[-6.252249,53.374693],[-6.251708,53.374378],[-6.251681,53.374368],[-6.251533,53.37432]]}},{"type":"Feature","id":"way/4539333","properties":{"osmId":4539333,"attribution":"© OpenStreetMap contributors, ODbL 1.0","highway":"residential","name":"Sherkin Gardens"},"geometry":{"type":"LineString","coordinates":[[-6.253539,53.375729],[-6.253514,53.375771],[-6.253147,53.376364],[-6.253084,53.37646]]}},{"type":"Feature","id":"way/4539553","properties":{"osmId":4539553,"attribution":"© OpenStreetMap contributors, ODbL 1.0","highway":"residential","name":"Inishmaan Road"},"geometry":{"type":"LineString","coordinates":[[-6.249332,53.382179],[-6.249355,53.382223],[-6.249359,53.382269],[-6.249336,53.382322],[-6.249286,53.382368],[-6.249214,53.382402],[-6.249123,53.382421],[-6.249025,53.382421],[-6.248934,53.382402],[-6.248864,53.382368],[-6.248815,53.382324],[-6.248791,53.382273],[-6.248795,53.38222],[-6.248826,53.38217],[-6.248884,53.382127],[-6.248962,53.382097],[-6.249053,53.382084],[-6.249145,53.382089],[-6.249231,53.382111],[-6.249289,53.382141],[-6.249332,53.382179]]}},{"type":"Feature","id":"way/4539600","properties":{"osmId":4539600,"attribution":"© OpenStreetMap contributors, ODbL 1.0","highway":"residential","name":"Iveragh Road"},"geometry":{"type":"LineString","coordinates":[[-6.247039,53.381488],[-6.247014,53.381505],[-6.246967,53.381519],[-6.246936,53.381516],[-6.246894,53.381502],[-6.246847,53.381478],[-6.246809,53.381443],[-6.246797,53.381406],[-6.2468,53.381374],[-6.246826,53.381354],[-6.24688,53.381338],[-6.246946,53.381335],[-6.246997,53.381357],[-6.247035,53.381392],[-6.247043,53.381427],[-6.247046,53.381454],[-6.247046,53.381469],[-6.247039,53.381488]]}},{"type":"Feature","id":"way/4539605","properties":{"osmId":4539605,"attribution":"© OpenStreetMap contributors, ODbL 1.0","highway":"residential","name":"Iveleary Road"},"geometry":{"type":"LineString","coordinates":[[-6.248826,53.38217],[-6.248767,53.382148],[-6.248751,53.382142],[-6.247102,53.381518],[-6.247094,53.381514],[-6.247082,53.381508],[-6.247039,53.381488]]}},{"type":"Feature","id":"way/4539606","properties":{"osmId":4539606,"attribution":"© OpenStreetMap contributors, ODbL 1.0","highway":"residential","name":"Iveragh Road"},"geometry":{"type":"LineString","coordinates":[[-6.2468,53.381374],[-6.246763,53.381363],[-6.246734,53.381355],[-6.246593,53.381315],[-6.246396,53.381271],[-6.246044,53.381194],[-6.245833,53.381147],[-6.245546,53.381083],[-6.245521,53.381078],[-6.245489,53.381071],[-6.24536,53.38104]]}},{"type":"Feature","id":"way/4539786","properties":{"osmId":4539786,"attribution":"© OpenStreetMap contributors, ODbL 1.0","highway":"residential","name":"Iveragh Road"},"geometry":{"type":"LineString","coordinates":[[-6.247687,53.382818],[-6.247149,53.383273],[-6.247038,53.383343],[-6.246988,53.383384]]}},{"type":"Feature","id":"way/4539787","properties":{"osmId":4539787,"attribution":"© OpenStreetMap contributors, ODbL 1.0","highway":"residential","name":"Iveragh Road"},"geometry":{"type":"LineString","coordinates":[[-6.24746,53.382264],[-6.247159,53.382576],[-6.247128,53.382608]]}},{"type":"Feature","id":"way/4539788","properties":{"osmId":4539788,"attribution":"© OpenStreetMap contributors, ODbL 1.0","highway":"residential","name":"Iveragh Road"},"geometry":{"type":"LineString","coordinates":[[-6.248769,53.381047],[-6.248729,53.381086],[-6.248421,53.381377]]}},{"type":"Feature","id":"way/4539789","properties":{"osmId":4539789,"attribution":"© OpenStreetMap contributors, ODbL 1.0","highway":"residential","name":"Inishmaan Road"},"geometry":{"type":"LineString","coordinates":[[-6.249891,53.381483],[-6.249856,53.381516],[-6.249258,53.382085],[-6.249247,53.382095],[-6.249231,53.382111]]}},{"type":"Feature","id":"way/4539790","properties":{"osmId":4539790,"attribution":"© OpenStreetMap contributors, ODbL 1.0","highway":"residential","name":"Inishmaan Road"},"geometry":{"type":"LineString","coordinates":[[-6.248934,53.382402],[-6.248896,53.382437],[-6.248887,53.382446],[-6.248295,53.383001],[-6.248264,53.38303]]}},{"type":"Feature","id":"way/4539791","properties":{"osmId":4539791,"attribution":"© OpenStreetMap contributors, ODbL 1.0","highway":"residential","name":"Tourmakeady Road"},"geometry":{"type":"LineString","coordinates":[[-6.250617,53.3823],[-6.250559,53.382299],[-6.249421,53.38227],[-6.249399,53.38227],[-6.249359,53.382269]]}},{"type":"Feature","id":"way/4539794","properties":{"osmId":4539794,"attribution":"© OpenStreetMap contributors, ODbL 1.0","highway":"residential","name":"Falcarragh Road"},"geometry":{"type":"LineString","coordinates":[[-6.249881,53.384467],[-6.249893,53.384432],[-6.249898,53.38442],[-6.249994,53.384204],[-6.250035,53.384055],[-6.250089,53.383793],[-6.250078,53.383569],[-6.250001,53.383348],[-6.249807,53.383089],[-6.249769,53.383044],[-6.249243,53.382435],[-6.249233,53.382424],[-6.249214,53.382402]]}},{"type":"Feature","id":"way/4539799","properties":{"osmId":4539799,"attribution":"© OpenStreetMap contributors, ODbL 1.0","highway":"residential","name":"Iveragh Road"},"geometry":{"type":"LineString","coordinates":[[-6.246997,53.381357],[-6.247024,53.381341],[-6.247032,53.381336],[-6.247373,53.381138],[-6.247585,53.381006],[-6.247749,53.380926],[-6.247902,53.380891],[-6.248137,53.380873],[-6.248306,53.380889],[-6.248458,53.380932],[-6.248769,53.381047],[-6.249515,53.381337],[-6.249891,53.381483],[-6.250277,53.381673],[-6.250376,53.381762],[-6.250476,53.381852],[-6.250561,53.382037],[-6.250617,53.3823],[-6.250603,53.382376],[-6.25054,53.382587],[-6.2504,53.38273],[-6.250121,53.382949],[-6.249857,53.38307],[-6.249807,53.383089],[-6.24975,53.383103],[-6.249518,53.383154],[-6.249315,53.383178],[-6.249038,53.383185],[-6.248814,53.383173],[-6.24863,53.383144],[-6.248264,53.38303],[-6.247687,53.382818],[-6.247128,53.382608],[-6.246946,53.382543],[-6.246814,53.382468],[-6.24672,53.382385],[-6.246659,53.38231],[-6.246628,53.382245],[-6.246606,53.382156],[-6.246631,53.382056],[-6.246762,53.381808],[-6.246839,53.381668],[-6.246879,53.381549],[-6.246881,53.381543],[-6.246894,53.381502]]}},{"type":"Feature","id":"way/4540441","properties":{"osmId":4540441,"attribution":"© OpenStreetMap contributors, ODbL 1.0","highway":"residential","name":"Iona Villas"},"geometry":{"type":"LineString","coordinates":[[-6.265306,53.368952],[-6.26518,53.368973],[-6.265049,53.368969],[-6.264926,53.368942],[-6.264858,53.368908],[-6.264774,53.368856],[-6.264712,53.368757],[-6.264725,53.368677],[-6.264744,53.368617],[-6.264807,53.368556],[-6.264889,53.368513],[-6.265004,53.368477],[-6.265154,53.368474],[-6.265271,53.368478],[-6.26539,53.368516],[-6.265497,53.368594],[-6.265543,53.368646],[-6.26555,53.368716],[-6.265536,53.368805],[-6.265471,53.368876],[-6.265375,53.368926],[-6.265306,53.368952]]}},{"type":"Feature","id":"way/4540442","properties":{"osmId":4540442,"attribution":"© OpenStreetMap contributors, ODbL 1.0","highway":"residential","name":"Iona Villas"},"geometry":{"type":"LineString","coordinates":[[-6.265252,53.369409],[-6.265335,53.369047],[-6.265328,53.368996],[-6.265306,53.368952]]}},{"type":"Feature","id":"way/4540444","properties":{"osmId":4540444,"attribution":"© OpenStreetMap contributors, ODbL 1.0","highway":"residential","name":"Iona Villas"},"geometry":{"type":"LineString","coordinates":[[-6.264774,53.368856],[-6.264601,53.368889],[-6.26439,53.368974],[-6.264246,53.369027],[-6.264152,53.369044],[-6.264094,53.369032],[-6.264071,53.368995],[-6.264057,53.368931],[-6.264063,53.36884],[-6.264078,53.368802],[-6.264127,53.368788],[-6.264445,53.368773],[-6.264712,53.368757]]}},{"type":"Feature","id":"way/4540445","properties":{"osmId":4540445,"attribution":"© OpenStreetMap contributors, ODbL 1.0","highway":"residential","name":"Iona Villas"},"geometry":{"type":"LineString","coordinates":[[-6.265004,53.368477],[-6.264855,53.3684],[-6.264476,53.368218]]}},{"type":"Feature","id":"way/4540448","properties":{"osmId":4540448,"attribution":"© OpenStreetMap contributors, ODbL 1.0","highway":"residential","name":"Iona Villas"},"geometry":{"type":"LineString","coordinates":[[-6.265497,53.368594],[-6.265629,53.368485],[-6.265787,53.368378],[-6.265906,53.368258],[-6.26599,53.368153],[-6.266045,53.368024],[-6.266065,53.367885]]}},{"type":"Feature","id":"way/4540451","properties":{"osmId":4540451,"attribution":"© OpenStreetMap contributors, ODbL 1.0","highway":"residential","name":"Iona Crescent"},"geometry":{"type":"LineString","coordinates":[[-6.266122,53.367511],[-6.26604,53.367511],[-6.264959,53.367526],[-6.264587,53.367533],[-6.264174,53.367549],[-6.263986,53.36757],[-6.263891,53.367593]]}},{"type":"Feature","id":"way/4540453","properties":{"osmId":4540453,"attribution":"© OpenStreetMap contributors, ODbL 1.0","highway":"residential","name":"Crawford Avenue"},"geometry":{"type":"LineString","coordinates":[[-6.262247,53.367255],[-6.262389,53.366988],[-6.262548,53.366688],[-6.262548,53.366687],[-6.262686,53.366437],[-6.262854,53.366131],[-6.263055,53.365766],[-6.263059,53.365759],[-6.263076,53.365709],[-6.263102,53.36566]]}},{"type":"Feature","id":"way/4540454","properties":{"osmId":4540454,"attribution":"© OpenStreetMap contributors, ODbL 1.0","highway":"residential","name":"Crescent Villas"},"geometry":{"type":"LineString","coordinates":[[-6.263891,53.367593],[-6.263845,53.367562],[-6.263835,53.367556],[-6.263829,53.367546],[-6.262313,53.367267],[-6.262247,53.367255]]}},{"type":"Feature","id":"way/4540455","properties":{"osmId":4540455,"attribution":"© OpenStreetMap contributors, ODbL 1.0","highway":"residential","name":"Iona Drive"},"geometry":{"type":"LineString","coordinates":[[-6.265128,53.366052],[-6.265111,53.3661],[-6.264605,53.367479],[-6.264587,53.367533]]}},{"type":"Feature","id":"way/4540457","properties":{"osmId":4540457,"attribution":"© OpenStreetMap contributors, ODbL 1.0","highway":"residential","name":"Iona Park"},"geometry":{"type":"LineString","coordinates":[[-6.266122,53.367511],[-6.266121,53.367486],[-6.266116,53.367465],[-6.266208,53.367001],[-6.266311,53.36618],[-6.266318,53.36613],[-6.266323,53.36609],[-6.266411,53.365384],[-6.266419,53.365324]]}},{"type":"Feature","id":"way/4540505","properties":{"osmId":4540505,"attribution":"© OpenStreetMap contributors, ODbL 1.0","highway":"residential","name":"Woodville Road"},"geometry":{"type":"LineString","coordinates":[[-6.259107,53.368358],[-6.259092,53.368392],[-6.258904,53.368804],[-6.258898,53.368816]]}},{"type":"Feature","id":"way/4540516","properties":{"osmId":4540516,"attribution":"© OpenStreetMap contributors, ODbL 1.0","highway":"residential","name":"Millmount Terrace"},"geometry":{"type":"LineString","coordinates":[[-6.255635,53.368309],[-6.255584,53.368345],[-6.255546,53.368372],[-6.255285,53.368748],[-6.255249,53.3688]]}},{"type":"Feature","id":"way/4540517","properties":{"osmId":4540517,"attribution":"© OpenStreetMap contributors, ODbL 1.0","highway":"residential","name":"Millmount Place"},"geometry":{"type":"LineString","coordinates":[[-6.256606,53.368124],[-6.256555,53.368207],[-6.256231,53.368732],[-6.256109,53.368921],[-6.256078,53.368972]]}},{"type":"Feature","id":"way/4540519","properties":{"osmId":4540519,"attribution":"© OpenStreetMap contributors, ODbL 1.0","highway":"residential","name":"Millmount Villas"},"geometry":{"type":"LineString","coordinates":[[-6.258322,53.368945],[-6.258203,53.369138],[-6.258083,53.369337],[-6.258055,53.369384]]}},{"type":"Feature","id":"way/4626983","properties":{"osmId":4626983,"attribution":"© OpenStreetMap contributors, ODbL 1.0","highway":"secondary","name":"Saint Mobhi Road"},"geometry":{"type":"LineString","coordinates":[[-6.265652,53.37974],[-6.265347,53.378938]]}},{"type":"Feature","id":"way/7438482","properties":{"osmId":7438482,"attribution":"© OpenStreetMap contributors, ODbL 1.0","highway":"residential","name":"Clonmel Road"},"geometry":{"type":"LineString","coordinates":[[-6.271948,53.388381],[-6.271902,53.388372],[-6.271869,53.388366],[-6.271511,53.388299],[-6.271307,53.388261],[-6.270822,53.38822],[-6.270058,53.388184],[-6.26958,53.388166],[-6.269102,53.388147],[-6.268351,53.388102],[-6.268306,53.388099],[-6.267721,53.388073],[-6.267524,53.388065],[-6.267063,53.388045],[-6.267036,53.388044],[-6.266971,53.388041]]}},{"type":"Feature","id":"way/7438495","properties":{"osmId":7438495,"attribution":"© OpenStreetMap contributors, ODbL 1.0","highway":"residential","name":"Wadelai Green"},"geometry":{"type":"LineString","coordinates":[[-6.266812,53.38665],[-6.266803,53.386707],[-6.266767,53.387145],[-6.266763,53.387188],[-6.266728,53.387608]]}},{"type":"Feature","id":"way/7990000","properties":{"osmId":7990000,"attribution":"© OpenStreetMap contributors, ODbL 1.0","highway":"residential","name":"Dean Swift Road"},"geometry":{"type":"LineString","coordinates":[[-6.27037,53.386178],[-6.270379,53.386118],[-6.270398,53.385995],[-6.270482,53.385453],[-6.270489,53.38538],[-6.270461,53.38532],[-6.270211,53.384977],[-6.269978,53.384648],[-6.269962,53.384588],[-6.269809,53.384586],[-6.26912,53.384464],[-6.267509,53.384196],[-6.267412,53.384182],[-6.267374,53.384177]]}},{"type":"Feature","id":"way/12526691","properties":{"osmId":12526691,"attribution":"© OpenStreetMap contributors, ODbL 1.0","highway":"residential","name":"Saint Pappin's Road"},"geometry":{"type":"LineString","coordinates":[[-6.271966,53.38624],[-6.271875,53.386236],[-6.27147,53.386221],[-6.271454,53.38622],[-6.271205,53.38621],[-6.270993,53.386202],[-6.27037,53.386178],[-6.268725,53.386092],[-6.268479,53.38608],[-6.268185,53.38607],[-6.267971,53.386063],[-6.266887,53.38602],[-6.266631,53.386012],[-6.26656,53.386007],[-6.26644,53.386],[-6.266183,53.385985],[-6.265856,53.385966],[-6.265848,53.385966],[-6.265365,53.38594],[-6.265313,53.385938],[-6.265154,53.385929]]}},{"type":"Feature","id":"way/19736221","properties":{"osmId":19736221,"attribution":"© OpenStreetMap contributors, ODbL 1.0","highway":"service"},"geometry":{"type":"LineString","coordinates":[[-6.250008,53.376163],[-6.250155,53.376268],[-6.250204,53.376303],[-6.25053,53.376534],[-6.250627,53.376589],[-6.25071,53.376634],[-6.250761,53.376655],[-6.250997,53.376737],[-6.25123,53.37684],[-6.251308,53.376892]]}},{"type":"Feature","id":"way/19737915","properties":{"osmId":19737915,"attribution":"© OpenStreetMap contributors, ODbL 1.0","highway":"unclassified","name":"Seven Oaks"},"geometry":{"type":"LineString","coordinates":[[-6.248167,53.37768],[-6.248011,53.377639],[-6.247818,53.377587],[-6.247598,53.377528],[-6.247551,53.377516],[-6.247519,53.377507]]}},{"type":"Feature","id":"way/19737916","properties":{"osmId":19737916,"attribution":"© OpenStreetMap contributors, ODbL 1.0","highway":"residential","name":"Seven Oaks"},"geometry":{"type":"LineString","coordinates":[[-6.247519,53.377507],[-6.247546,53.377465],[-6.247607,53.377377],[-6.247638,53.377331],[-6.247859,53.377002],[-6.247889,53.376958]]}},{"type":"Feature","id":"way/19737918","properties":{"osmId":19737918,"attribution":"© OpenStreetMap contributors, ODbL 1.0","highway":"service","name":"Grace Park Manor","access":"private"},"geometry":{"type":"LineString","coordinates":[[-6.244944,53.376837],[-6.24481,53.3767],[-6.244755,53.376657],[-6.24471,53.376638],[-6.244628,53.376621],[-6.244551,53.376609],[-6.24448,53.376605],[-6.244432,53.376607],[-6.244319,53.376641],[-6.244139,53.376698],[-6.244034,53.376729],[-6.243979,53.376739],[-6.243893,53.376735],[-6.243707,53.3767],[-6.243521,53.376665],[-6.243366,53.376638],[-6.243267,53.376841]]}},{"type":"Feature","id":"way/19737921","properties":{"osmId":19737921,"attribution":"© OpenStreetMap contributors, ODbL 1.0","highway":"residential","name":"Seven Oaks"},"geometry":{"type":"LineString","coordinates":[[-6.248344,53.377081],[-6.247889,53.376958],[-6.247421,53.376844],[-6.247047,53.376747],[-6.246992,53.376763],[-6.246978,53.376785],[-6.246711,53.377193]]}},{"type":"Feature","id":"way/19737922","properties":{"osmId":19737922,"attribution":"© OpenStreetMap contributors, ODbL 1.0","highway":"footway"},"geometry":{"type":"LineString","coordinates":[[-6.246615,53.377191],[-6.246879,53.376759],[-6.246931,53.376674],[-6.247883,53.376912],[-6.248373,53.377046],[-6.248546,53.37709]]}},{"type":"Feature","id":"way/19737923","properties":{"osmId":19737923,"attribution":"© OpenStreetMap contributors, ODbL 1.0","highway":"residential","name":"Griffith Downs"},"geometry":{"type":"LineString","coordinates":[[-6.249387,53.376642],[-6.249292,53.376603],[-6.249219,53.376578],[-6.249198,53.376571],[-6.249011,53.376533],[-6.246624,53.376003],[-6.246475,53.375975],[-6.24628,53.375959],[-6.246169,53.375955],[-6.245944,53.375973],[-6.24587,53.375984],[-6.24576,53.375999]]}},{"type":"Feature","id":"way/19737926","properties":{"osmId":19737926,"attribution":"© OpenStreetMap contributors, ODbL 1.0","highway":"residential","name":"The Grove"},"geometry":{"type":"LineString","coordinates":[[-6.24576,53.375999],[-6.245675,53.375874],[-6.245497,53.375642]]}},{"type":"Feature","id":"way/19737929","properties":{"osmId":19737929,"attribution":"© OpenStreetMap contributors, ODbL 1.0","highway":"residential","name":"The Crescent"},"geometry":{"type":"LineString","coordinates":[[-6.24576,53.375999],[-6.245766,53.376159],[-6.245761,53.376337],[-6.245746,53.376462],[-6.245729,53.376586]]}},{"type":"Feature","id":"way/23051060","properties":{"osmId":23051060,"attribution":"© OpenStreetMap contributors, ODbL 1.0","highway":"service"},"geometry":{"type":"LineString","coordinates":[[-6.243882,53.365181],[-6.243844,53.365221],[-6.24375,53.365303],[-6.243647,53.365347],[-6.243527,53.365376],[-6.243387,53.365393],[-6.243233,53.365402],[-6.243105,53.365417],[-6.243014,53.365438],[-6.242927,53.365473],[-6.242851,53.365532],[-6.242775,53.36561],[-6.242541,53.365903],[-6.24247,53.366022],[-6.242454,53.366134],[-6.242497,53.366256],[-6.242535,53.366295],[-6.242574,53.366321],[-6.242595,53.36633],[-6.242711,53.366384],[-6.243356,53.366625],[-6.243432,53.366645],[-6.243476,53.366683],[-6.243502,53.366741],[-6.24352,53.366772],[-6.243557,53.366793],[-6.244028,53.366924]]}},{"type":"Feature","id":"way/23051061","properties":{"osmId":23051061,"attribution":"© OpenStreetMap contributors, ODbL 1.0","highway":"service"},"geometry":{"type":"LineString","coordinates":[[-6.243647,53.365347],[-6.24369,53.365391],[-6.243765,53.365539],[-6.243797,53.365659],[-6.243787,53.365755],[-6.243753,53.36587],[-6.243685,53.365985],[-6.243517,53.366189],[-6.243406,53.366279],[-6.243397,53.366289],[-6.243394,53.366296],[-6.243398,53.366307],[-6.243405,53.366315],[-6.243469,53.36634],[-6.243546,53.366363],[-6.244222,53.366549],[-6.244379,53.366594]]}},{"type":"Feature","id":"way/23051085","properties":{"osmId":23051085,"attribution":"© OpenStreetMap contributors, ODbL 1.0","highway":"residential","name":"Church Avenue"},"geometry":{"type":"LineString","coordinates":[[-6.248732,53.369158],[-6.248799,53.369184],[-6.248833,53.369197],[-6.249424,53.369362],[-6.249514,53.369387],[-6.250231,53.369671],[-6.250316,53.369705],[-6.250499,53.36977],[-6.25048,53.369835],[-6.250476,53.369849],[-6.250494,53.369906],[-6.250511,53.369958],[-6.250552,53.370155],[-6.25057,53.370285],[-6.250571,53.370401],[-6.250563,53.370499],[-6.250542,53.370577]]}},{"type":"Feature","id":"way/23051086","properties":{"osmId":23051086,"attribution":"© OpenStreetMap contributors, ODbL 1.0","highway":"residential","name":"Ormond Road"},"geometry":{"type":"LineString","coordinates":[[-6.250499,53.36977],[-6.250578,53.369796],[-6.250995,53.36992],[-6.251641,53.370052],[-6.251664,53.370057],[-6.252079,53.370146],[-6.252581,53.370291],[-6.253067,53.370432],[-6.25314,53.370451],[-6.25332,53.370491],[-6.253691,53.370576],[-6.253836,53.370609]]}},{"type":"Feature","id":"way/23051087","properties":{"osmId":23051087,"attribution":"© OpenStreetMap contributors, ODbL 1.0","highway":"residential","name":"Grace Park Gardens"},"geometry":{"type":"LineString","coordinates":[[-6.249398,53.368617],[-6.249335,53.368602],[-6.249321,53.368598],[-6.248174,53.368315]]}},{"type":"Feature","id":"way/23051088","properties":{"osmId":23051088,"attribution":"© OpenStreetMap contributors, ODbL 1.0","highway":"residential","name":"Waterfall Avenue"},"geometry":{"type":"LineString","coordinates":[[-6.24802,53.365894],[-6.247997,53.365932],[-6.247792,53.366276],[-6.24771,53.366412]]}},{"type":"Feature","id":"way/23051106","properties":{"osmId":23051106,"attribution":"© OpenStreetMap contributors, ODbL 1.0","highway":"residential","name":"Glencarrig Court","access":"private"},"geometry":{"type":"LineString","coordinates":[[-6.249048,53.366721],[-6.248973,53.366775],[-6.248964,53.366931],[-6.248984,53.36696]]}},{"type":"Feature","id":"way/23051107","properties":{"osmId":23051107,"attribution":"© OpenStreetMap contributors, ODbL 1.0","highway":"residential","name":"Grace Park Avenue"},"geometry":{"type":"LineString","coordinates":[[-6.249874,53.367034],[-6.249845,53.367054],[-6.249389,53.36733],[-6.24889,53.367626]]}},{"type":"Feature","id":"way/23054527","properties":{"osmId":23054527,"attribution":"© OpenStreetMap contributors, ODbL 1.0","highway":"service"},"geometry":{"type":"LineString","coordinates":[[-6.246009,53.371384],[-6.246049,53.371434],[-6.246119,53.371527],[-6.246301,53.371801],[-6.246307,53.37186],[-6.246357,53.371942],[-6.246371,53.371979],[-6.246383,53.372024],[-6.246381,53.372092],[-6.246389,53.372156],[-6.246392,53.372191]]}},{"type":"Feature","id":"way/23076385","properties":{"osmId":23076385,"attribution":"© OpenStreetMap contributors, ODbL 1.0","highway":"secondary","name":"The Frank Flood Bridge"},"geometry":{"type":"LineString","coordinates":[[-6.255238,53.368198],[-6.255194,53.368298]]}},{"type":"Feature","id":"way/23076386","properties":{"osmId":23076386,"attribution":"© OpenStreetMap contributors, ODbL 1.0","highway":"secondary","name":"Drumcondra Road Upper"},"geometry":{"type":"LineString","coordinates":[[-6.255152,53.368398],[-6.254998,53.368755]]}},{"type":"Feature","id":"way/24555742","properties":{"osmId":24555742,"attribution":"© OpenStreetMap contributors, ODbL 1.0","highway":"residential","name":"Shanliss Road"},"geometry":{"type":"LineString","coordinates":[[-6.249144,53.38961],[-6.249148,53.389635],[-6.249154,53.389667],[-6.249193,53.389887],[-6.249224,53.390059],[-6.249226,53.390072],[-6.249237,53.390135],[-6.249296,53.3905],[-6.249306,53.390549],[-6.249337,53.390592],[-6.249368,53.390631],[-6.249486,53.390727],[-6.249681,53.390811],[-6.249851,53.390863],[-6.249924,53.390886],[-6.250212,53.390974],[-6.250304,53.391003],[-6.250542,53.391065],[-6.250677,53.391101]]}},{"type":"Feature","id":"way/24555815","properties":{"osmId":24555815,"attribution":"© OpenStreetMap contributors, ODbL 1.0","highway":"residential","name":"Shanard Avenue"},"geometry":{"type":"LineString","coordinates":[[-6.262786,53.388744],[-6.262757,53.388797],[-6.262739,53.388831],[-6.262641,53.389031],[-6.262609,53.389132],[-6.262564,53.389474]]}},{"type":"Feature","id":"way/24555816","properties":{"osmId":24555816,"attribution":"© OpenStreetMap contributors, ODbL 1.0","highway":"residential","name":"Shanard Road"},"geometry":{"type":"LineString","coordinates":[[-6.254245,53.391069],[-6.254247,53.391035],[-6.254246,53.390996],[-6.254242,53.390788],[-6.254239,53.390634],[-6.254273,53.390558],[-6.25433,53.390502],[-6.254396,53.39046],[-6.254476,53.390419],[-6.254618,53.390378],[-6.254783,53.390375],[-6.255021,53.390391],[-6.255505,53.390439],[-6.256752,53.390615],[-6.256772,53.390618],[-6.257065,53.390659]]}},{"type":"Feature","id":"way/24555817","properties":{"osmId":24555817,"attribution":"© OpenStreetMap contributors, ODbL 1.0","highway":"residential","name":"Shanowen Grove"},"geometry":{"type":"LineString","coordinates":[[-6.262444,53.390263],[-6.262258,53.39025],[-6.26207,53.390236],[-6.261572,53.39021],[-6.260277,53.389955],[-6.259186,53.389744],[-6.258085,53.389591],[-6.258054,53.389587],[-6.257532,53.389514]]}},{"type":"Feature","id":"way/24555818","properties":{"osmId":24555818,"attribution":"© OpenStreetMap contributors, ODbL 1.0","highway":"residential","name":"Shanowen Grove"},"geometry":{"type":"LineString","coordinates":[[-6.260277,53.389955],[-6.260202,53.390083],[-6.260112,53.390294],[-6.26005,53.390326],[-6.259987,53.390326],[-6.259106,53.390211],[-6.259033,53.390158],[-6.259033,53.390076],[-6.25916,53.3898],[-6.259186,53.389744]]}},{"type":"Feature","id":"way/24555819","properties":{"osmId":24555819,"attribution":"© OpenStreetMap contributors, ODbL 1.0","highway":"residential","name":"Shanowen Park"},"geometry":{"type":"LineString","coordinates":[[-6.262564,53.389474],[-6.262484,53.389475],[-6.262395,53.389475],[-6.262175,53.389473],[-6.26202,53.389472],[-6.261742,53.389464],[-6.261509,53.389444],[-6.261221,53.389383],[-6.260538,53.3892],[-6.259758,53.389014],[-6.259353,53.388931],[-6.258243,53.388757],[-6.257945,53.388711],[-6.257905,53.388704],[-6.257846,53.388695]]}},{"type":"Feature","id":"way/24556012","properties":{"osmId":24556012,"attribution":"© OpenStreetMap contributors, ODbL 1.0","highway":"residential","name":"Shanrath Road"},"geometry":{"type":"LineString","coordinates":[[-6.24402,53.387887],[-6.243704,53.388034],[-6.243422,53.388166],[-6.243378,53.388198],[-6.243357,53.388268],[-6.243313,53.388603],[-6.2432,53.389362],[-6.24309,53.38993]]}},{"type":"Feature","id":"way/24556013","properties":{"osmId":24556013,"attribution":"© OpenStreetMap contributors, ODbL 1.0","highway":"residential","name":"Shanvarna Road"},"geometry":{"type":"LineString","coordinates":[[-6.243376,53.387836],[-6.243346,53.388045],[-6.243353,53.388114],[-6.243422,53.388166],[-6.2435,53.388188],[-6.243828,53.388383],[-6.244224,53.388635],[-6.244423,53.388823],[-6.244543,53.388991],[-6.244628,53.389238],[-6.244733,53.389573],[-6.244805,53.389803],[-6.244825,53.389868],[-6.244875,53.39003],[-6.244843,53.390101],[-6.244783,53.390153],[-6.244718,53.390174],[-6.244591,53.390178],[-6.243716,53.390034],[-6.24309,53.38993]]}},{"type":"Feature","id":"way/24556015","properties":{"osmId":24556015,"attribution":"© OpenStreetMap contributors, ODbL 1.0","highway":"residential","name":"Lorcan Road"},"geometry":{"type":"LineString","coordinates":[[-6.242993,53.390677],[-6.243047,53.39068],[-6.243998,53.390735],[-6.244596,53.390787],[-6.244711,53.390807],[-6.244795,53.390835],[-6.244859,53.390869],[-6.244885,53.390915],[-6.244872,53.391006],[-6.244781,53.391435],[-6.244653,53.392041],[-6.244504,53.392711]]}},{"type":"Feature","id":"way/24753781","properties":{"osmId":24753781,"attribution":"© OpenStreetMap contributors, ODbL 1.0","highway":"service"},"geometry":{"type":"LineString","coordinates":[[-6.251308,53.376892],[-6.251283,53.376931],[-6.251271,53.376962],[-6.251262,53.376986],[-6.251257,53.377011],[-6.251269,53.377035],[-6.251295,53.377054],[-6.251351,53.37706],[-6.251415,53.377061],[-6.251472,53.377056],[-6.251586,53.377065],[-6.251775,53.377084],[-6.251971,53.377118],[-6.252246,53.377194],[-6.25226,53.377183],[-6.252267,53.37717],[-6.252271,53.377156],[-6.252269,53.377144],[-6.252268,53.377132],[-6.252265,53.377115],[-6.252251,53.377101],[-6.252195,53.377086],[-6.252151,53.377067],[-6.252006,53.377012],[-6.251848,53.376972],[-6.251716,53.376934],[-6.251644,53.376929],[-6.251527,53.376899],[-6.251445,53.376886],[-6.251308,53.376892]]}},{"type":"Feature","id":"way/25019463","properties":{"osmId":25019463,"attribution":"© OpenStreetMap contributors, ODbL 1.0","highway":"service"},"geometry":{"type":"LineString","coordinates":[[-6.260669,53.384847],[-6.260663,53.384884],[-6.2606,53.385276],[-6.260596,53.385306],[-6.260593,53.385327]]}},{"type":"Feature","id":"way/25019464","properties":{"osmId":25019464,"attribution":"© OpenStreetMap contributors, ODbL 1.0","highway":"service"},"geometry":{"type":"LineString","coordinates":[[-6.261674,53.384828],[-6.261669,53.384867],[-6.261594,53.38539],[-6.26155,53.385698],[-6.261487,53.38601],[-6.261478,53.386051],[-6.261462,53.386102],[-6.261429,53.386154],[-6.261369,53.386188],[-6.261283,53.386221],[-6.261112,53.386264],[-6.261071,53.38627]]}},{"type":"Feature","id":"way/25019465","properties":{"osmId":25019465,"attribution":"© OpenStreetMap contributors, ODbL 1.0","highway":"pedestrian","foot":"permissive"},"geometry":{"type":"LineString","coordinates":[[-6.259431,53.386309],[-6.259209,53.386234],[-6.258819,53.386101],[-6.258554,53.386011]]}},{"type":"Feature","id":"way/25019468","properties":{"osmId":25019468,"attribution":"© OpenStreetMap contributors, ODbL 1.0","highway":"footway"},"geometry":{"type":"LineString","coordinates":[[-6.260103,53.384891],[-6.260101,53.384848],[-6.260099,53.384794]]}},{"type":"Feature","id":"way/25038358","properties":{"osmId":25038358,"attribution":"© OpenStreetMap contributors, ODbL 1.0","highway":"residential","name":"The Rise"},"geometry":{"type":"LineString","coordinates":[[-6.264703,53.380651],[-6.26477,53.380652],[-6.265516,53.380663]]}},{"type":"Feature","id":"way/25038359","properties":{"osmId":25038359,"attribution":"© OpenStreetMap contributors, ODbL 1.0","highway":"service","name":"Woodpark"},"geometry":{"type":"LineString","coordinates":[[-6.261719,53.379285],[-6.261578,53.378956]]}},{"type":"Feature","id":"way/25038360","properties":{"osmId":25038360,"attribution":"© OpenStreetMap contributors, ODbL 1.0","highway":"service","foot":"yes"},"geometry":{"type":"LineString","coordinates":[[-6.26449,53.380138],[-6.264757,53.380178],[-6.264738,53.3805]]}},{"type":"Feature","id":"way/25038361","properties":{"osmId":25038361,"attribution":"© OpenStreetMap contributors, ODbL 1.0","highway":"residential","name":"Hampstead Park"},"geometry":{"type":"LineString","coordinates":[[-6.26421,53.379966],[-6.263998,53.379478],[-6.263973,53.379464],[-6.263514,53.379371],[-6.263462,53.379372],[-6.263276,53.379401],[-6.262605,53.379502]]}},{"type":"Feature","id":"way/25038364","properties":{"osmId":25038364,"attribution":"© OpenStreetMap contributors, ODbL 1.0","highway":"footway","foot":"yes"},"geometry":{"type":"LineString","coordinates":[[-6.264125,53.380043],[-6.264141,53.380028],[-6.264143,53.380016],[-6.264144,53.380004],[-6.264152,53.379984]]}},{"type":"Feature","id":"way/25038985","properties":{"osmId":25038985,"attribution":"© OpenStreetMap contributors, ODbL 1.0","highway":"footway"},"geometry":{"type":"LineString","coordinates":[[-6.265519,53.381817],[-6.26548,53.381855],[-6.265447,53.381887],[-6.26529,53.381941]]}},{"type":"Feature","id":"way/25038987","properties":{"osmId":25038987,"attribution":"© OpenStreetMap contributors, ODbL 1.0","highway":"footway"},"geometry":{"type":"LineString","coordinates":[[-6.260504,53.382163],[-6.260709,53.382148],[-6.260845,53.382087],[-6.261124,53.382139]]}},{"type":"Feature","id":"way/25039752","properties":{"osmId":25039752,"attribution":"© OpenStreetMap contributors, ODbL 1.0","highway":"residential","name":"Walnut Lawn"},"geometry":{"type":"LineString","coordinates":[[-6.256878,53.378233],[-6.256863,53.378268],[-6.256652,53.378772],[-6.256568,53.378828],[-6.256476,53.378833],[-6.254167,53.378434]]}},{"type":"Feature","id":"way/25039753","properties":{"osmId":25039753,"attribution":"© OpenStreetMap contributors, ODbL 1.0","highway":"residential","name":"Walnut Rise"},"geometry":{"type":"LineString","coordinates":[[-6.258185,53.377376],[-6.258139,53.377481],[-6.258003,53.37772],[-6.257902,53.377878],[-6.257761,53.378032],[-6.257609,53.378148],[-6.257427,53.378198],[-6.257214,53.378235],[-6.256878,53.378233],[-6.25426,53.377776],[-6.25423,53.377771],[-6.253995,53.377729],[-6.253477,53.377637],[-6.253365,53.377619],[-6.253216,53.377642],[-6.253095,53.377697],[-6.253039,53.377825],[-6.252948,53.378236],[-6.252936,53.378646],[-6.252887,53.379138],[-6.252457,53.38005],[-6.252314,53.380346]]}},{"type":"Feature","id":"way/25039754","properties":{"osmId":25039754,"attribution":"© OpenStreetMap contributors, ODbL 1.0","highway":"residential","name":"Walnut Avenue"},"geometry":{"type":"LineString","coordinates":[[-6.25426,53.377776],[-6.254253,53.377827],[-6.254167,53.378434],[-6.254068,53.378726],[-6.253937,53.379213],[-6.253655,53.38026],[-6.253631,53.380325]]}},{"type":"Feature","id":"way/25039757","properties":{"osmId":25039757,"attribution":"© OpenStreetMap contributors, ODbL 1.0","highway":"residential","name":"Walnut Park"},"geometry":{"type":"LineString","coordinates":[[-6.252887,53.379138],[-6.251015,53.378795],[-6.250701,53.378715],[-6.250543,53.378679]]}},{"type":"Feature","id":"way/25039758","properties":{"osmId":25039758,"attribution":"© OpenStreetMap contributors, ODbL 1.0","highway":"residential","name":"Walnut Court"},"geometry":{"type":"LineString","coordinates":[[-6.251015,53.378795],[-6.250592,53.379378],[-6.250577,53.379432],[-6.250606,53.379476],[-6.252457,53.38005]]}},{"type":"Feature","id":"way/25039760","properties":{"osmId":25039760,"attribution":"© OpenStreetMap contributors, ODbL 1.0","highway":"residential","name":"Walnut Walk"},"geometry":{"type":"LineString","coordinates":[[-6.25428,53.37741],[-6.254275,53.377382],[-6.25436,53.376843],[-6.254374,53.376786],[-6.254392,53.376714]]}},{"type":"Feature","id":"way/25096130","properties":{"osmId":25096130,"attribution":"© OpenStreetMap contributors, ODbL 1.0","highway":"residential","name":"Albert College Park"},"geometry":{"type":"LineString","coordinates":[[-6.260415,53.388257],[-6.260463,53.388166],[-6.260542,53.388023],[-6.260673,53.387802],[-6.260753,53.387671],[-6.260811,53.387628],[-6.26089,53.387602],[-6.260996,53.387601],[-6.261731,53.387727],[-6.261793,53.387729],[-6.261869,53.387719]]}},{"type":"Feature","id":"way/25096131","properties":{"osmId":25096131,"attribution":"© OpenStreetMap contributors, ODbL 1.0","highway":"residential","name":"Albert College Park"},"geometry":{"type":"LineString","coordinates":[[-6.260673,53.387802],[-6.260486,53.387755],[-6.259773,53.38756],[-6.258884,53.387247]]}},{"type":"Feature","id":"way/25096132","properties":{"osmId":25096132,"attribution":"© OpenStreetMap contributors, ODbL 1.0","highway":"residential","name":"Albert College Avenue"},"geometry":{"type":"LineString","coordinates":[[-6.262645,53.384945],[-6.262636,53.385047],[-6.262545,53.385628],[-6.262456,53.386237],[-6.262423,53.386341],[-6.262255,53.386862],[-6.262144,53.387206],[-6.262121,53.387278],[-6.261988,53.387623],[-6.261951,53.387677],[-6.261914,53.387702],[-6.261869,53.387719]]}},{"type":"Feature","id":"way/25096133","properties":{"osmId":25096133,"attribution":"© OpenStreetMap contributors, ODbL 1.0","highway":"residential","name":"Hampstead Court"},"geometry":{"type":"LineString","coordinates":[[-6.262883,53.387835],[-6.26255,53.387832],[-6.262353,53.38783],[-6.262077,53.387827],[-6.262017,53.387801],[-6.261869,53.387719]]}},{"type":"Feature","id":"way/25096135","properties":{"osmId":25096135,"attribution":"© OpenStreetMap contributors, ODbL 1.0","highway":"residential","name":"Albert College Drive"},"geometry":{"type":"LineString","coordinates":[[-6.265069,53.387253],[-6.264948,53.387273],[-6.264881,53.387272],[-6.264416,53.387256],[-6.264392,53.387255],[-6.264301,53.387254],[-6.263807,53.387253],[-6.263425,53.387252],[-6.263092,53.387259],[-6.262943,53.387262],[-6.262925,53.387262],[-6.262121,53.387278]]}},{"type":"Feature","id":"way/25096136","properties":{"osmId":25096136,"attribution":"© OpenStreetMap contributors, ODbL 1.0","highway":"residential","name":"Albert College Crescent"},"geometry":{"type":"LineString","coordinates":[[-6.264448,53.385621],[-6.264305,53.38562],[-6.262545,53.385628]]}},{"type":"Feature","id":"way/25096137","properties":{"osmId":25096137,"attribution":"© OpenStreetMap contributors, ODbL 1.0","highway":"residential","name":"Albert College Grove"},"geometry":{"type":"LineString","coordinates":[[-6.264538,53.386203],[-6.263487,53.386237],[-6.262456,53.386237]]}},{"type":"Feature","id":"way/25096138","properties":{"osmId":25096138,"attribution":"© OpenStreetMap contributors, ODbL 1.0","highway":"residential","name":"Albert College Drive"},"geometry":{"type":"LineString","coordinates":[[-6.263425,53.387252],[-6.263452,53.386798],[-6.263479,53.386363],[-6.263487,53.386237]]}},{"type":"Feature","id":"way/25096139","properties":{"osmId":25096139,"attribution":"© OpenStreetMap contributors, ODbL 1.0","highway":"residential","name":"Albert College Lawn"},"geometry":{"type":"LineString","coordinates":[[-6.264647,53.385024],[-6.262636,53.385047]]}},{"type":"Feature","id":"way/25096140","properties":{"osmId":25096140,"attribution":"© OpenStreetMap contributors, ODbL 1.0","highway":"footway"},"geometry":{"type":"LineString","coordinates":[[-6.264913,53.385077],[-6.264699,53.385084],[-6.263798,53.38508],[-6.263047,53.385092],[-6.262767,53.385091],[-6.262747,53.385098],[-6.262734,53.385107],[-6.262689,53.385518],[-6.262697,53.385545],[-6.262715,53.385565],[-6.262754,53.385582],[-6.262801,53.385588],[-6.262827,53.385592],[-6.264082,53.385581],[-6.264132,53.385566],[-6.264156,53.385554],[-6.264394,53.385554],[-6.264438,53.385553],[-6.264448,53.38556],[-6.264448,53.385621],[-6.264448,53.385698]]}},{"type":"Feature","id":"way/25096141","properties":{"osmId":25096141,"attribution":"© OpenStreetMap contributors, ODbL 1.0","highway":"footway"},"geometry":{"type":"LineString","coordinates":[[-6.26485,53.3857],[-6.26481,53.385699],[-6.264605,53.385698],[-6.264448,53.385698],[-6.264152,53.385695],[-6.264018,53.385675],[-6.262837,53.385685],[-6.262753,53.385688],[-6.262712,53.385696],[-6.262685,53.385709],[-6.262662,53.385737],[-6.262649,53.38576],[-6.262595,53.386098],[-6.262602,53.386126],[-6.262644,53.386156],[-6.262673,53.38617],[-6.262711,53.386177],[-6.262768,53.386181],[-6.262873,53.386178],[-6.264268,53.386159],[-6.264307,53.386156],[-6.264341,53.386144],[-6.264388,53.386125],[-6.264497,53.386119],[-6.264527,53.386121]]}},{"type":"Feature","id":"way/25096142","properties":{"osmId":25096142,"attribution":"© OpenStreetMap contributors, ODbL 1.0","highway":"footway"},"geometry":{"type":"LineString","coordinates":[[-6.264836,53.386236],[-6.264609,53.386238],[-6.264538,53.386203]]}},{"type":"Feature","id":"way/25160082","properties":{"osmId":25160082,"attribution":"© OpenStreetMap contributors, ODbL 1.0","highway":"service"},"geometry":{"type":"LineString","coordinates":[[-6.258798,53.386864],[-6.25854,53.386842],[-6.258508,53.386834],[-6.258426,53.386809],[-6.258324,53.386767],[-6.25821,53.386723],[-6.258095,53.38668],[-6.257736,53.386543],[-6.257396,53.386415],[-6.257347,53.386397],[-6.257232,53.386356],[-6.257202,53.386345],[-6.257171,53.386335],[-6.257143,53.386324],[-6.256892,53.386234],[-6.25683,53.386209],[-6.25675,53.386179],[-6.256676,53.386152],[-6.256627,53.386134],[-6.256516,53.386093],[-6.256466,53.386075],[-6.25634,53.38603],[-6.256034,53.385923],[-6.255963,53.385892],[-6.255803,53.385849],[-6.255646,53.385848]]}},{"type":"Feature","id":"way/25160083","properties":{"osmId":25160083,"attribution":"© OpenStreetMap contributors, ODbL 1.0","highway":"service"},"geometry":{"type":"LineString","coordinates":[[-6.258324,53.386767],[-6.258263,53.386853],[-6.258203,53.386911],[-6.258188,53.386927],[-6.258094,53.387018],[-6.257971,53.387112],[-6.257959,53.387119],[-6.257845,53.387184],[-6.257772,53.387263]]}},{"type":"Feature","id":"way/25160085","properties":{"osmId":25160085,"attribution":"© OpenStreetMap contributors, ODbL 1.0","highway":"footway"},"geometry":{"type":"LineString","coordinates":[[-6.25396,53.385515],[-6.254147,53.385325],[-6.254875,53.385573],[-6.254892,53.385602],[-6.255335,53.385767],[-6.255417,53.385802],[-6.255489,53.385769],[-6.255636,53.385717],[-6.255735,53.385717],[-6.256092,53.385865],[-6.256386,53.385987],[-6.256467,53.385936],[-6.256693,53.385721],[-6.256858,53.385558]]}},{"type":"Feature","id":"way/25160087","properties":{"osmId":25160087,"attribution":"© OpenStreetMap contributors, ODbL 1.0","highway":"service","foot":"permissive"},"geometry":{"type":"LineString","coordinates":[[-6.257692,53.383601],[-6.257784,53.383512],[-6.257804,53.383493],[-6.257977,53.383319],[-6.257999,53.383296],[-6.258036,53.383257],[-6.25824,53.383073],[-6.258304,53.383017]]}},{"type":"Feature","id":"way/25160088","properties":{"osmId":25160088,"attribution":"© OpenStreetMap contributors, ODbL 1.0","highway":"service","foot":"permissive"},"geometry":{"type":"LineString","coordinates":[[-6.257999,53.383296],[-6.258249,53.383387],[-6.258414,53.383447]]}},{"type":"Feature","id":"way/25160089","properties":{"osmId":25160089,"attribution":"© OpenStreetMap contributors, ODbL 1.0","highway":"footway"},"geometry":{"type":"LineString","coordinates":[[-6.25914,53.385629],[-6.259196,53.385624],[-6.259341,53.385593],[-6.259447,53.385571],[-6.259459,53.385571],[-6.259565,53.385573],[-6.259724,53.385577],[-6.259837,53.385589],[-6.260045,53.385632],[-6.260046,53.385722]]}},{"type":"Feature","id":"way/25160090","properties":{"osmId":25160090,"attribution":"© OpenStreetMap contributors, ODbL 1.0","highway":"pedestrian","foot":"permissive"},"geometry":{"type":"LineString","coordinates":[[-6.257384,53.385024],[-6.257719,53.385152],[-6.257936,53.385222],[-6.258007,53.385246],[-6.258262,53.385347],[-6.258568,53.385459],[-6.258708,53.385511],[-6.258923,53.385704]]}},{"type":"Feature","id":"way/25160568","properties":{"osmId":25160568,"attribution":"© OpenStreetMap contributors, ODbL 1.0","highway":"service"},"geometry":{"type":"LineString","coordinates":[[-6.254374,53.383648],[-6.254343,53.383681],[-6.254208,53.383824],[-6.253776,53.384248],[-6.253713,53.384313],[-6.25366,53.384322],[-6.253608,53.384311],[-6.253237,53.384168],[-6.253184,53.384148]]}},{"type":"Feature","id":"way/25196328","properties":{"osmId":25196328,"attribution":"© OpenStreetMap contributors, ODbL 1.0","highway":"footway"},"geometry":{"type":"LineString","coordinates":[[-6.262029,53.38312],[-6.261906,53.383808],[-6.261777,53.384695]]}},{"type":"Feature","id":"way/25196329","properties":{"osmId":25196329,"attribution":"© OpenStreetMap contributors, ODbL 1.0","highway":"footway"},"geometry":{"type":"LineString","coordinates":[[-6.259848,53.38402],[-6.259952,53.383894],[-6.260061,53.383794],[-6.260177,53.383751],[-6.260271,53.383734],[-6.260387,53.383646],[-6.260498,53.383562],[-6.261061,53.383594]]}},{"type":"Feature","id":"way/25196330","properties":{"osmId":25196330,"attribution":"© OpenStreetMap contributors, ODbL 1.0","highway":"footway"},"geometry":{"type":"LineString","coordinates":[[-6.261836,53.38317],[-6.261518,53.383305],[-6.261259,53.383425],[-6.261061,53.383594],[-6.260918,53.383257],[-6.260929,53.383199]]}},{"type":"Feature","id":"way/25196332","properties":{"osmId":25196332,"attribution":"© OpenStreetMap contributors, ODbL 1.0","highway":"footway"},"geometry":{"type":"LineString","coordinates":[[-6.262517,53.381782],[-6.262584,53.381755],[-6.262661,53.381699],[-6.262775,53.381574],[-6.262976,53.381441],[-6.263039,53.381398]]}},{"type":"Feature","id":"way/25217195","properties":{"osmId":25217195,"attribution":"© OpenStreetMap contributors, ODbL 1.0","highway":"footway"},"geometry":{"type":"LineString","coordinates":[[-6.257336,53.387461],[-6.25737,53.387425],[-6.257397,53.387395]]}},{"type":"Feature","id":"way/25217244","properties":{"osmId":25217244,"attribution":"© OpenStreetMap contributors, ODbL 1.0","highway":"pedestrian","foot":"permissive"},"geometry":{"type":"LineString","coordinates":[[-6.258923,53.385704],[-6.258766,53.385878],[-6.258628,53.385939],[-6.258554,53.386011],[-6.258537,53.386148],[-6.258494,53.386428],[-6.258437,53.386604],[-6.258362,53.386725]]}},{"type":"Feature","id":"way/25599550","properties":{"osmId":25599550,"attribution":"© OpenStreetMap contributors, ODbL 1.0","highway":"residential","name":"Clonturk Avenue"},"geometry":{"type":"LineString","coordinates":[[-6.25318,53.371732],[-6.253106,53.371717],[-6.253042,53.371701],[-6.252803,53.371642],[-6.252657,53.371603],[-6.252618,53.371593],[-6.252324,53.371505],[-6.252195,53.371467]]}},{"type":"Feature","id":"way/25599551","properties":{"osmId":25599551,"attribution":"© OpenStreetMap contributors, ODbL 1.0","highway":"residential","name":"The Village","access":"private"},"geometry":{"type":"LineString","coordinates":[[-6.251247,53.374739],[-6.251369,53.374779],[-6.2514,53.374789],[-6.251518,53.374829],[-6.251592,53.374868],[-6.251721,53.375102],[-6.251802,53.375155],[-6.251852,53.375171],[-6.251656,53.375442]]}},{"type":"Feature","id":"way/25692743","properties":{"osmId":25692743,"attribution":"© OpenStreetMap contributors, ODbL 1.0","highway":"service"},"geometry":{"type":"LineString","coordinates":[[-6.248732,53.369158],[-6.24868,53.369137],[-6.248618,53.369111]]}},{"type":"Feature","id":"way/25692744","properties":{"osmId":25692744,"attribution":"© OpenStreetMap contributors, ODbL 1.0","highway":"service","access":"private"},"geometry":{"type":"LineString","coordinates":[[-6.247016,53.370194],[-6.24694,53.370181],[-6.247067,53.369931],[-6.24714,53.369947],[-6.247016,53.370194]]}},{"type":"Feature","id":"way/25692745","properties":{"osmId":25692745,"attribution":"© OpenStreetMap contributors, ODbL 1.0","highway":"service","access":"private"},"geometry":{"type":"LineString","coordinates":[[-6.249514,53.369387],[-6.249534,53.369369],[-6.249812,53.36911],[-6.250109,53.369226],[-6.250549,53.369398],[-6.251176,53.369587],[-6.251464,53.369657],[-6.252218,53.369802],[-6.252508,53.369881],[-6.253326,53.370118]]}},{"type":"Feature","id":"way/25692746","properties":{"osmId":25692746,"attribution":"© OpenStreetMap contributors, ODbL 1.0","highway":"service"},"geometry":{"type":"LineString","coordinates":[[-6.252602,53.370766],[-6.252842,53.370813],[-6.253006,53.370536],[-6.253042,53.370475],[-6.253067,53.370432]]}},{"type":"Feature","id":"way/25692747","properties":{"osmId":25692747,"attribution":"© OpenStreetMap contributors, ODbL 1.0","highway":"service"},"geometry":{"type":"LineString","coordinates":[[-6.253678,53.369552],[-6.253659,53.369582],[-6.253326,53.370118]]}},{"type":"Feature","id":"way/25692748","properties":{"osmId":25692748,"attribution":"© OpenStreetMap contributors, ODbL 1.0","highway":"service"},"geometry":{"type":"LineString","coordinates":[[-6.253522,53.368881],[-6.253544,53.368837],[-6.253661,53.368606],[-6.253673,53.368585],[-6.253685,53.368558]]}},{"type":"Feature","id":"way/25692749","properties":{"osmId":25692749,"attribution":"© OpenStreetMap contributors, ODbL 1.0","highway":"service","name":"Clonturk Park"},"geometry":{"type":"LineString","coordinates":[[-6.251219,53.368966],[-6.251659,53.368508],[-6.251691,53.368493],[-6.251915,53.368347],[-6.25202,53.368251],[-6.252053,53.368221]]}},{"type":"Feature","id":"way/25692750","properties":{"osmId":25692750,"attribution":"© OpenStreetMap contributors, ODbL 1.0","highway":"service"},"geometry":{"type":"LineString","coordinates":[[-6.251121,53.368179],[-6.251691,53.368493],[-6.252392,53.368681],[-6.252789,53.368751],[-6.253522,53.368881],[-6.254102,53.368984],[-6.254118,53.369013],[-6.254006,53.369197]]}},{"type":"Feature","id":"way/25692751","properties":{"osmId":25692751,"attribution":"© OpenStreetMap contributors, ODbL 1.0","highway":"residential","name":"Clonturk Park"},"geometry":{"type":"LineString","coordinates":[[-6.254386,53.369708],[-6.254288,53.369686],[-6.254236,53.369675],[-6.253678,53.369552],[-6.253578,53.369529],[-6.253433,53.369497],[-6.251601,53.369073],[-6.251311,53.369004],[-6.251219,53.368966],[-6.250617,53.368708],[-6.250569,53.368682]]}},{"type":"Feature","id":"way/25692752","properties":{"osmId":25692752,"attribution":"© OpenStreetMap contributors, ODbL 1.0","highway":"residential","name":"Clonturk Gardens"},"geometry":{"type":"LineString","coordinates":[[-6.250109,53.369226],[-6.250306,53.369025],[-6.250571,53.368755],[-6.250617,53.368708]]}},{"type":"Feature","id":"way/25692754","properties":{"osmId":25692754,"attribution":"© OpenStreetMap contributors, ODbL 1.0","highway":"footway","name":"All Hallows Lane","access":"private"},"geometry":{"type":"LineString","coordinates":[[-6.251991,53.37122],[-6.251972,53.371304],[-6.251957,53.371354],[-6.251927,53.371561],[-6.251675,53.371551]]}},{"type":"Feature","id":"way/25692756","properties":{"osmId":25692756,"attribution":"© OpenStreetMap contributors, ODbL 1.0","highway":"service"},"geometry":{"type":"LineString","coordinates":[[-6.250542,53.370577],[-6.250526,53.370615],[-6.250512,53.370632],[-6.250478,53.37066],[-6.250463,53.37068],[-6.250451,53.370701],[-6.25043,53.370754],[-6.250417,53.370802],[-6.250392,53.370873],[-6.250359,53.370952],[-6.250285,53.371111],[-6.250254,53.371181],[-6.250235,53.371241]]}},{"type":"Feature","id":"way/25787914","properties":{"osmId":25787914,"attribution":"© OpenStreetMap contributors, ODbL 1.0","highway":"footway"},"geometry":{"type":"LineString","coordinates":[[-6.264829,53.384626],[-6.265143,53.383192],[-6.265241,53.382839],[-6.26529,53.381941],[-6.264877,53.381804],[-6.264763,53.38177],[-6.263442,53.381385],[-6.263039,53.381398],[-6.26261,53.381444],[-6.262167,53.381742],[-6.262176,53.381825],[-6.262029,53.38312]]}},{"type":"Feature","id":"way/25787915","properties":{"osmId":25787915,"attribution":"© OpenStreetMap contributors, ODbL 1.0","highway":"footway"},"geometry":{"type":"LineString","coordinates":[[-6.262029,53.38312],[-6.261836,53.38317],[-6.261177,53.383191],[-6.260929,53.383199],[-6.260368,53.383202],[-6.260061,53.383192],[-6.259422,53.383183],[-6.259116,53.383132],[-6.258889,53.383088],[-6.25858,53.382999]]}},{"type":"Feature","id":"way/25787916","properties":{"osmId":25787916,"attribution":"© OpenStreetMap contributors, ODbL 1.0","highway":"footway"},"geometry":{"type":"LineString","coordinates":[[-6.260504,53.382163],[-6.260384,53.382037],[-6.260223,53.381981],[-6.260057,53.381977],[-6.259601,53.38209],[-6.258415,53.382588],[-6.258337,53.382664],[-6.25833,53.382762],[-6.25858,53.382999],[-6.25909,53.383485],[-6.259053,53.383751],[-6.258862,53.384661],[-6.258959,53.384724],[-6.259125,53.384769],[-6.260077,53.38473],[-6.260008,53.384672],[-6.260085,53.384683],[-6.260227,53.383958],[-6.260271,53.383734],[-6.260368,53.383202],[-6.260504,53.382163]]}},{"type":"Feature","id":"way/27200997","properties":{"osmId":27200997,"attribution":"© OpenStreetMap contributors, ODbL 1.0","highway":"residential","name":"Shanowen Crescent"},"geometry":{"type":"LineString","coordinates":[[-6.254934,53.389599],[-6.25546,53.389605],[-6.255921,53.389663]]}},{"type":"Feature","id":"way/27201060","properties":{"osmId":27201060,"attribution":"© OpenStreetMap contributors, ODbL 1.0","highway":"residential","name":"Shanowen Crescent"},"geometry":{"type":"LineString","coordinates":[[-6.255551,53.38884],[-6.255541,53.388908],[-6.25546,53.389605]]}},{"type":"Feature","id":"way/27205295","properties":{"osmId":27205295,"attribution":"© OpenStreetMap contributors, ODbL 1.0","highway":"residential","name":"Glendun Road"},"geometry":{"type":"LineString","coordinates":[[-6.249449,53.386691],[-6.24834,53.386617],[-6.247234,53.386561],[-6.246135,53.386506],[-6.245171,53.386446],[-6.245028,53.386445],[-6.244903,53.386465]]}},{"type":"Feature","id":"way/27205296","properties":{"osmId":27205296,"attribution":"© OpenStreetMap contributors, ODbL 1.0","highway":"residential","name":"Glentow Road"},"geometry":{"type":"LineString","coordinates":[[-6.247132,53.38723],[-6.247041,53.387896]]}},{"type":"Feature","id":"way/27205306","properties":{"osmId":27205306,"attribution":"© OpenStreetMap contributors, ODbL 1.0","highway":"residential","name":"Glentow Road"},"geometry":{"type":"LineString","coordinates":[[-6.248524,53.385667],[-6.24834,53.386617],[-6.248316,53.386701],[-6.248278,53.386775],[-6.248174,53.386902],[-6.248064,53.387002],[-6.247917,53.387084],[-6.247776,53.387144],[-6.247624,53.387186],[-6.247461,53.387211],[-6.247258,53.387227],[-6.247132,53.38723],[-6.246855,53.387187],[-6.246689,53.387141],[-6.246547,53.387085],[-6.246423,53.387008],[-6.246288,53.386893],[-6.246194,53.386777],[-6.246144,53.386634],[-6.246135,53.386506]]}},{"type":"Feature","id":"way/27205334","properties":{"osmId":27205334,"attribution":"© OpenStreetMap contributors, ODbL 1.0","highway":"residential","name":"Glenaan Road"},"geometry":{"type":"LineString","coordinates":[[-6.247658,53.384454],[-6.247633,53.384484],[-6.247616,53.384524],[-6.247525,53.385114],[-6.247234,53.386561]]}},{"type":"Feature","id":"way/27205342","properties":{"osmId":27205342,"attribution":"© OpenStreetMap contributors, ODbL 1.0","highway":"residential","name":"Glencloy Road"},"geometry":{"type":"LineString","coordinates":[[-6.249743,53.385168],[-6.24967,53.385158],[-6.249603,53.385132],[-6.247658,53.384454],[-6.246152,53.383903]]}},{"type":"Feature","id":"way/27205344","properties":{"osmId":27205344,"attribution":"© OpenStreetMap contributors, ODbL 1.0","highway":"residential","name":"Glencloy Road"},"geometry":{"type":"LineString","coordinates":[[-6.245152,53.383561],[-6.245286,53.383616],[-6.246087,53.383881],[-6.246152,53.383903]]}},{"type":"Feature","id":"way/27206019","properties":{"osmId":27206019,"attribution":"© OpenStreetMap contributors, ODbL 1.0","highway":"residential","name":"Crestfield Park"},"geometry":{"type":"LineString","coordinates":[[-6.251951,53.387547],[-6.251846,53.387527],[-6.250599,53.387066]]}},{"type":"Feature","id":"way/27206020","properties":{"osmId":27206020,"attribution":"© OpenStreetMap contributors, ODbL 1.0","highway":"residential","name":"Crestfield Road"},"geometry":{"type":"LineString","coordinates":[[-6.24874,53.387373],[-6.249248,53.387682],[-6.249475,53.387843],[-6.249634,53.387903],[-6.249679,53.387904],[-6.249758,53.387906],[-6.249777,53.387903],[-6.24989,53.387886],[-6.249971,53.38782],[-6.249944,53.387712],[-6.25001,53.387584],[-6.250599,53.387066]]}},{"type":"Feature","id":"way/27206039","properties":{"osmId":27206039,"attribution":"© OpenStreetMap contributors, ODbL 1.0","highway":"residential","name":"Crestfield Drive"},"geometry":{"type":"LineString","coordinates":[[-6.25126,53.384961],[-6.251189,53.385019],[-6.251107,53.385086],[-6.251063,53.385134],[-6.250911,53.385299],[-6.250859,53.385399],[-6.250787,53.3857],[-6.250628,53.386246],[-6.250667,53.386339],[-6.250739,53.3864],[-6.251151,53.386554],[-6.252705,53.387159]]}},{"type":"Feature","id":"way/27206040","properties":{"osmId":27206040,"attribution":"© OpenStreetMap contributors, ODbL 1.0","highway":"residential","name":"Collins Avenue Extension"},"geometry":{"type":"LineString","coordinates":[[-6.250545,53.38487],[-6.251027,53.385055],[-6.251107,53.385086]]}},{"type":"Feature","id":"way/27206042","properties":{"osmId":27206042,"attribution":"© OpenStreetMap contributors, ODbL 1.0","highway":"residential","name":"Collins Avenue Extension"},"geometry":{"type":"LineString","coordinates":[[-6.254909,53.386508],[-6.254834,53.386477],[-6.254518,53.386356],[-6.254202,53.386235],[-6.251216,53.385127],[-6.251107,53.385086]]}},{"type":"Feature","id":"way/27206043","properties":{"osmId":27206043,"attribution":"© OpenStreetMap contributors, ODbL 1.0","highway":"residential","name":"Crestfield Avenue"},"geometry":{"type":"LineString","coordinates":[[-6.253498,53.386735],[-6.250787,53.3857]]}},{"type":"Feature","id":"way/27206047","properties":{"osmId":27206047,"attribution":"© OpenStreetMap contributors, ODbL 1.0","highway":"residential","name":"Crestfield Close"},"geometry":{"type":"LineString","coordinates":[[-6.253889,53.386544],[-6.253498,53.386735],[-6.253148,53.386956],[-6.252705,53.387159],[-6.252113,53.3875],[-6.252059,53.387532],[-6.251951,53.387547]]}},{"type":"Feature","id":"way/27206048","properties":{"osmId":27206048,"attribution":"© OpenStreetMap contributors, ODbL 1.0","highway":"residential","name":"Collins Avenue Extension"},"geometry":{"type":"LineString","coordinates":[[-6.257743,53.387564],[-6.25737,53.387425],[-6.254909,53.386508]]}},{"type":"Feature","id":"way/27206055","properties":{"osmId":27206055,"attribution":"© OpenStreetMap contributors, ODbL 1.0","highway":"service"},"geometry":{"type":"LineString","coordinates":[[-6.255047,53.38638],[-6.254909,53.386508],[-6.254839,53.386571],[-6.254825,53.386584],[-6.25479,53.386615],[-6.254574,53.386766],[-6.254534,53.386795]]}},{"type":"Feature","id":"way/27206139","properties":{"osmId":27206139,"attribution":"© OpenStreetMap contributors, ODbL 1.0","highway":"footway","foot":"yes"},"geometry":{"type":"LineString","coordinates":[[-6.254202,53.386235],[-6.254048,53.38638],[-6.253839,53.386498],[-6.253889,53.386544]]}},{"type":"Feature","id":"way/27206146","properties":{"osmId":27206146,"attribution":"© OpenStreetMap contributors, ODbL 1.0","highway":"residential","name":"Shanliss Park"},"geometry":{"type":"LineString","coordinates":[[-6.249296,53.3905],[-6.249231,53.390503],[-6.249124,53.390509],[-6.248874,53.39052],[-6.248479,53.390539],[-6.248344,53.390508],[-6.247814,53.390534],[-6.247738,53.390566],[-6.247709,53.390617],[-6.247768,53.390935],[-6.247877,53.391001],[-6.248412,53.390971],[-6.248538,53.390893],[-6.248523,53.390804],[-6.248479,53.390539]]}},{"type":"Feature","id":"way/27206575","properties":{"osmId":27206575,"attribution":"© OpenStreetMap contributors, ODbL 1.0","highway":"service"},"geometry":{"type":"LineString","coordinates":[[-6.246418,53.39021],[-6.246529,53.390203],[-6.24684,53.390184],[-6.247163,53.390169],[-6.247228,53.390202],[-6.247228,53.390558],[-6.247203,53.390961],[-6.247125,53.390985],[-6.246495,53.390967],[-6.246391,53.390964]]}},{"type":"Feature","id":"way/27206596","properties":{"osmId":27206596,"attribution":"© OpenStreetMap contributors, ODbL 1.0","highway":"service"},"geometry":{"type":"LineString","coordinates":[[-6.248786,53.39004],[-6.247605,53.390109],[-6.247543,53.390084],[-6.247515,53.389753],[-6.24751,53.389706]]}},{"type":"Feature","id":"way/27236043","properties":{"osmId":27236043,"attribution":"© OpenStreetMap contributors, ODbL 1.0","highway":"residential","name":"Larkhill Road"},"geometry":{"type":"LineString","coordinates":[[-6.245595,53.38718],[-6.245288,53.387315],[-6.24512,53.387389],[-6.245095,53.387396],[-6.244634,53.387526],[-6.244512,53.387567]]}},{"type":"Feature","id":"way/27236046","properties":{"osmId":27236046,"attribution":"© OpenStreetMap contributors, ODbL 1.0","highway":"secondary_link","name":"Swords Road"},"geometry":{"type":"LineString","coordinates":[[-6.245112,53.382686],[-6.244959,53.382761],[-6.244819,53.382754],[-6.244726,53.382751],[-6.244603,53.382757],[-6.244559,53.382761],[-6.244497,53.382771],[-6.244461,53.382779],[-6.244443,53.382783],[-6.244396,53.382794],[-6.244192,53.382883]]}},{"type":"Feature","id":"way/33468245","properties":{"osmId":33468245,"attribution":"© OpenStreetMap contributors, ODbL 1.0","highway":"residential","name":"Saint Michael's Road"},"geometry":{"type":"LineString","coordinates":[[-6.264701,53.37083],[-6.264658,53.370857],[-6.2644,53.371019],[-6.264384,53.37103],[-6.263655,53.37149]]}},{"type":"Feature","id":"way/33468246","properties":{"osmId":33468246,"attribution":"© OpenStreetMap contributors, ODbL 1.0","highway":"residential","name":"Saint Malachy's Road"},"geometry":{"type":"LineString","coordinates":[[-6.265308,53.371138],[-6.265246,53.371174],[-6.26432,53.371758]]}},{"type":"Feature","id":"way/33468247","properties":{"osmId":33468247,"attribution":"© OpenStreetMap contributors, ODbL 1.0","highway":"residential","name":"Saint Ita's Road"},"geometry":{"type":"LineString","coordinates":[[-6.265899,53.371471],[-6.26585,53.3715],[-6.265582,53.371656],[-6.265502,53.371703],[-6.264887,53.372093]]}},{"type":"Feature","id":"way/37319984","properties":{"osmId":37319984,"attribution":"© OpenStreetMap contributors, ODbL 1.0","highway":"service"},"geometry":{"type":"LineString","coordinates":[[-6.249093,53.366522],[-6.24914,53.366498],[-6.24952,53.366307],[-6.249628,53.366253],[-6.249742,53.36633],[-6.249743,53.366352],[-6.249585,53.366427],[-6.249369,53.366552],[-6.249312,53.366614],[-6.249265,53.366639]]}},{"type":"Feature","id":"way/37812573","properties":{"osmId":37812573,"attribution":"© OpenStreetMap contributors, ODbL 1.0","highway":"secondary","name":"Drumcondra Road Upper"},"geometry":{"type":"LineString","coordinates":[[-6.253402,53.371375],[-6.253321,53.371515],[-6.253295,53.371555],[-6.25318,53.371732],[-6.253155,53.371769],[-6.253142,53.37179],[-6.253119,53.371822],[-6.253062,53.371903],[-6.252999,53.371978],[-6.252949,53.372046],[-6.252822,53.372216],[-6.25281,53.372232],[-6.25277,53.372283],[-6.252702,53.372369],[-6.252672,53.372413]]}},{"type":"Feature","id":"way/39691338","properties":{"osmId":39691338,"attribution":"© OpenStreetMap contributors, ODbL 1.0","highway":"residential","name":"Addison Place"},"geometry":{"type":"LineString","coordinates":[[-6.267513,53.372407],[-6.267551,53.372375],[-6.267852,53.372123],[-6.268024,53.371995]]}},{"type":"Feature","id":"way/39944040","properties":{"osmId":39944040,"attribution":"© OpenStreetMap contributors, ODbL 1.0","highway":"residential","name":"Cian Park"},"geometry":{"type":"LineString","coordinates":[[-6.255435,53.367693],[-6.255286,53.367691],[-6.2551,53.367688],[-6.254868,53.367689],[-6.254686,53.367691],[-6.254025,53.367651],[-6.253967,53.367657],[-6.253918,53.367682],[-6.253801,53.368089]]}},{"type":"Feature","id":"way/39944041","properties":{"osmId":39944041,"attribution":"© OpenStreetMap contributors, ODbL 1.0","highway":"service"},"geometry":{"type":"LineString","coordinates":[[-6.254686,53.367691],[-6.254605,53.36796]]}},{"type":"Feature","id":"way/39944042","properties":{"osmId":39944042,"attribution":"© OpenStreetMap contributors, ODbL 1.0","highway":"service"},"geometry":{"type":"LineString","coordinates":[[-6.249088,53.367078],[-6.249144,53.36711],[-6.249116,53.367159],[-6.249389,53.36733],[-6.249731,53.367538],[-6.24942,53.367828],[-6.24994,53.368012],[-6.249991,53.368031]]}},{"type":"Feature","id":"way/40260273","properties":{"osmId":40260273,"attribution":"© OpenStreetMap contributors, ODbL 1.0","highway":"cycleway","foot":"designated"},"geometry":{"type":"LineString","coordinates":[[-6.255474,53.366933],[-6.255378,53.366859],[-6.255393,53.366777],[-6.255424,53.366605],[-6.255408,53.366517],[-6.255615,53.366075],[-6.255964,53.3656],[-6.256321,53.365014],[-6.256929,53.364261],[-6.257191,53.364199]]}},{"type":"Feature","id":"way/42405229","properties":{"osmId":42405229,"attribution":"© OpenStreetMap contributors, ODbL 1.0","highway":"residential","name":"Church Avenue"},"geometry":{"type":"LineString","coordinates":[[-6.253542,53.371123],[-6.253405,53.371091],[-6.253382,53.371091],[-6.253255,53.37109],[-6.253075,53.371099],[-6.252898,53.37111],[-6.252619,53.371126],[-6.252495,53.371133],[-6.252371,53.371131],[-6.25221,53.371112],[-6.252052,53.371082],[-6.25192,53.371047],[-6.251732,53.370989],[-6.251461,53.370898],[-6.251321,53.37085],[-6.250988,53.370732],[-6.250611,53.370598],[-6.250598,53.370594],[-6.250542,53.370577]]}},{"type":"Feature","id":"way/43175825","properties":{"osmId":43175825,"attribution":"© OpenStreetMap contributors, ODbL 1.0","highway":"cycleway","foot":"yes"},"geometry":{"type":"LineString","coordinates":[[-6.257773,53.363565],[-6.257871,53.363634],[-6.257876,53.363648],[-6.257882,53.363663],[-6.257788,53.363785],[-6.257781,53.363794],[-6.257756,53.363827],[-6.257441,53.364213],[-6.257404,53.364263],[-6.257382,53.364291],[-6.256392,53.365536],[-6.256364,53.365573],[-6.255995,53.366123],[-6.255957,53.366168],[-6.255925,53.366205],[-6.255852,53.366331],[-6.25565,53.366744],[-6.25563,53.366799],[-6.255614,53.366911],[-6.255474,53.366933]]}},{"type":"Feature","id":"way/43180217","properties":{"osmId":43180217,"attribution":"© OpenStreetMap contributors, ODbL 1.0","highway":"service"},"geometry":{"type":"LineString","coordinates":[[-6.263118,53.368539],[-6.263081,53.368533],[-6.261375,53.368231]]}},{"type":"Feature","id":"way/43180218","properties":{"osmId":43180218,"attribution":"© OpenStreetMap contributors, ODbL 1.0","highway":"service","name":"Mannix Road"},"geometry":{"type":"LineString","coordinates":[[-6.263195,53.36811],[-6.263273,53.368222],[-6.263274,53.368247],[-6.263137,53.368516],[-6.263118,53.368539],[-6.262943,53.368739],[-6.262781,53.368941]]}},{"type":"Feature","id":"way/43180219","properties":{"osmId":43180219,"attribution":"© OpenStreetMap contributors, ODbL 1.0","highway":"service"},"geometry":{"type":"LineString","coordinates":[[-6.263137,53.368516],[-6.263411,53.368573]]}},{"type":"Feature","id":"way/43180220","properties":{"osmId":43180220,"attribution":"© OpenStreetMap contributors, ODbL 1.0","highway":"residential","name":"Botanic Park"},"geometry":{"type":"LineString","coordinates":[[-6.263666,53.370132],[-6.263699,53.370118],[-6.263731,53.370103],[-6.263856,53.370049],[-6.264094,53.369976],[-6.26425,53.369974],[-6.264425,53.369997],[-6.264543,53.370016],[-6.265089,53.3701],[-6.26519,53.37012],[-6.265244,53.370222],[-6.265207,53.370281]]}},{"type":"Feature","id":"way/43180222","properties":{"osmId":43180222,"attribution":"© OpenStreetMap contributors, ODbL 1.0","highway":"residential","name":"Mannix Road"},"geometry":{"type":"LineString","coordinates":[[-6.261099,53.368659],[-6.261121,53.36863],[-6.261152,53.36859],[-6.261225,53.368572],[-6.261403,53.368608],[-6.261823,53.368707],[-6.26261,53.368901],[-6.262679,53.36892],[-6.262781,53.368941]]}},{"type":"Feature","id":"way/43180223","properties":{"osmId":43180223,"attribution":"© OpenStreetMap contributors, ODbL 1.0","highway":"steps","name":"Mannix Road"},"geometry":{"type":"LineString","coordinates":[[-6.261022,53.368607],[-6.261105,53.368508]]}},{"type":"Feature","id":"way/43180224","properties":{"osmId":43180224,"attribution":"© OpenStreetMap contributors, ODbL 1.0","highway":"steps","name":"Mannix Road"},"geometry":{"type":"LineString","coordinates":[[-6.261767,53.368659],[-6.26184,53.368675]]}},{"type":"Feature","id":"way/43180225","properties":{"osmId":43180225,"attribution":"© OpenStreetMap contributors, ODbL 1.0","highway":"footway","name":"Mannix Road"},"geometry":{"type":"LineString","coordinates":[[-6.26184,53.368675],[-6.261832,53.368688]]}},{"type":"Feature","id":"way/43180226","properties":{"osmId":43180226,"attribution":"© OpenStreetMap contributors, ODbL 1.0","highway":"steps","name":"Mannix Road"},"geometry":{"type":"LineString","coordinates":[[-6.261105,53.368508],[-6.261767,53.368659]]}},{"type":"Feature","id":"way/43180229","properties":{"osmId":43180229,"attribution":"© OpenStreetMap contributors, ODbL 1.0","highway":"residential","name":"River Gardens"},"geometry":{"type":"LineString","coordinates":[[-6.268658,53.374165],[-6.268568,53.374159],[-6.268339,53.374142],[-6.268189,53.374138],[-6.268054,53.374182],[-6.267958,53.374273],[-6.267814,53.374521],[-6.267725,53.374589],[-6.267608,53.374613],[-6.266908,53.374528],[-6.266666,53.374458],[-6.266635,53.374427],[-6.266618,53.374394],[-6.266606,53.374354],[-6.266623,53.374314],[-6.266643,53.374275],[-6.266917,53.373984]]}},{"type":"Feature","id":"way/43180234","properties":{"osmId":43180234,"attribution":"© OpenStreetMap contributors, ODbL 1.0","highway":"footway"},"geometry":{"type":"LineString","coordinates":[[-6.268454,53.374816],[-6.268402,53.374772],[-6.268356,53.374764],[-6.267818,53.374673],[-6.267725,53.374589]]}},{"type":"Feature","id":"way/43180235","properties":{"osmId":43180235,"attribution":"© OpenStreetMap contributors, ODbL 1.0","highway":"service"},"geometry":{"type":"LineString","coordinates":[[-6.265502,53.371703],[-6.265543,53.371727],[-6.26583,53.371899],[-6.26607,53.37203]]}},{"type":"Feature","id":"way/43180237","properties":{"osmId":43180237,"attribution":"© OpenStreetMap contributors, ODbL 1.0","highway":"steps"},"geometry":{"type":"LineString","coordinates":[[-6.26607,53.37203],[-6.266105,53.37205]]}},{"type":"Feature","id":"way/43180238","properties":{"osmId":43180238,"attribution":"© OpenStreetMap contributors, ODbL 1.0","highway":"footway"},"geometry":{"type":"LineString","coordinates":[[-6.266143,53.372846],[-6.266203,53.372825],[-6.266403,53.372872],[-6.266425,53.372854],[-6.266466,53.37285],[-6.266549,53.37286],[-6.266911,53.372961],[-6.26715,53.373051],[-6.267778,53.373273],[-6.268369,53.373402],[-6.268429,53.373436]]}},{"type":"Feature","id":"way/43180239","properties":{"osmId":43180239,"attribution":"© OpenStreetMap contributors, ODbL 1.0","highway":"service"},"geometry":{"type":"LineString","coordinates":[[-6.265878,53.372765],[-6.26578,53.372724],[-6.265741,53.372713]]}},{"type":"Feature","id":"way/43180240","properties":{"osmId":43180240,"attribution":"© OpenStreetMap contributors, ODbL 1.0","highway":"residential","name":"River Gardens"},"geometry":{"type":"LineString","coordinates":[[-6.266666,53.374458],[-6.266372,53.374547]]}},{"type":"Feature","id":"way/43188147","properties":{"osmId":43188147,"attribution":"© OpenStreetMap contributors, ODbL 1.0","highway":"secondary","name":"Saint Mobhi Road"},"geometry":{"type":"LineString","coordinates":[[-6.265919,53.37252],[-6.265935,53.372467],[-6.26595,53.372436],[-6.265967,53.3724],[-6.265985,53.372376],[-6.266037,53.372309],[-6.266133,53.37221],[-6.26618,53.37217]]}},{"type":"Feature","id":"way/43674947","properties":{"osmId":43674947,"attribution":"© OpenStreetMap contributors, ODbL 1.0","highway":"footway","foot":"permissive"},"geometry":{"type":"LineString","coordinates":[[-6.264846,53.372323],[-6.264545,53.372318],[-6.264493,53.372317],[-6.264092,53.372294],[-6.263922,53.372261],[-6.263746,53.372217],[-6.263069,53.371986],[-6.263006,53.371841],[-6.262948,53.371707],[-6.262881,53.37157],[-6.262842,53.37149]]}},{"type":"Feature","id":"way/43674948","properties":{"osmId":43674948,"attribution":"© OpenStreetMap contributors, ODbL 1.0","highway":"footway","foot":"permissive"},"geometry":{"type":"LineString","coordinates":[[-6.263069,53.371986],[-6.26305,53.372032],[-6.263015,53.372063],[-6.262971,53.372071],[-6.262922,53.372064],[-6.262856,53.372032],[-6.262719,53.371853],[-6.262577,53.371679],[-6.262442,53.371492],[-6.262329,53.371327],[-6.262254,53.371165],[-6.2622,53.371023],[-6.262174,53.370931],[-6.262143,53.370847],[-6.262103,53.370757],[-6.262022,53.370659],[-6.261841,53.37052],[-6.261606,53.370377],[-6.261385,53.370227]]}},{"type":"Feature","id":"way/43674949","properties":{"osmId":43674949,"attribution":"© OpenStreetMap contributors, ODbL 1.0","highway":"footway","foot":"permissive"},"geometry":{"type":"LineString","coordinates":[[-6.261938,53.370105],[-6.261791,53.370191],[-6.261712,53.370216],[-6.261647,53.370224],[-6.261575,53.370231],[-6.261487,53.370233],[-6.261385,53.370227],[-6.261324,53.370208],[-6.261268,53.370185],[-6.261205,53.370148],[-6.261154,53.370112],[-6.260878,53.369843],[-6.260816,53.369799]]}},{"type":"Feature","id":"way/43675801","properties":{"osmId":43675801,"attribution":"© OpenStreetMap contributors, ODbL 1.0","highway":"service"},"geometry":{"type":"LineString","coordinates":[[-6.268707,53.374771],[-6.268588,53.374791],[-6.268454,53.374816],[-6.268397,53.374829],[-6.268328,53.374854],[-6.267926,53.375002],[-6.267632,53.375111],[-6.267548,53.375144],[-6.267168,53.375293],[-6.267067,53.375333],[-6.266815,53.375703],[-6.266739,53.375826],[-6.266645,53.375956],[-6.266631,53.375976],[-6.26662,53.375991]]}},{"type":"Feature","id":"way/44509899","properties":{"osmId":44509899,"attribution":"© OpenStreetMap contributors, ODbL 1.0","highway":"footway"},"geometry":{"type":"LineString","coordinates":[[-6.259762,53.384415],[-6.259915,53.384535],[-6.260008,53.384672]]}},{"type":"Feature","id":"way/47258186","properties":{"osmId":47258186,"attribution":"© OpenStreetMap contributors, ODbL 1.0","highway":"footway","foot":"permissive"},"geometry":{"type":"LineString","coordinates":[[-6.263651,53.370391],[-6.263063,53.369951],[-6.262508,53.369543],[-6.262425,53.369501],[-6.262337,53.369476],[-6.262235,53.369465],[-6.262112,53.369461],[-6.262003,53.369471],[-6.261886,53.369478],[-6.261841,53.369476],[-6.261794,53.369462],[-6.261719,53.369427],[-6.261638,53.369373],[-6.261576,53.369327],[-6.261505,53.369255],[-6.261379,53.369096],[-6.261298,53.369004],[-6.261176,53.368866],[-6.26112,53.368839],[-6.261008,53.368815]]}},{"type":"Feature","id":"way/47258187","properties":{"osmId":47258187,"attribution":"© OpenStreetMap contributors, ODbL 1.0","highway":"footway","foot":"permissive"},"geometry":{"type":"LineString","coordinates":[[-6.263772,53.370349],[-6.263756,53.370355],[-6.263651,53.370391],[-6.263508,53.370415],[-6.263346,53.370433],[-6.26319,53.370436],[-6.263089,53.370432],[-6.262972,53.370422],[-6.262866,53.37041],[-6.262798,53.370394],[-6.262728,53.370362],[-6.262465,53.370158],[-6.262156,53.369921],[-6.262004,53.369843],[-6.261685,53.369721],[-6.261444,53.369631],[-6.260953,53.36946],[-6.260547,53.369347],[-6.259876,53.369163],[-6.25969,53.36911],[-6.259544,53.36907],[-6.259363,53.368997],[-6.259286,53.368947],[-6.259228,53.368912],[-6.259184,53.368921],[-6.259151,53.368918]]}},{"type":"Feature","id":"way/47258189","properties":{"osmId":47258189,"attribution":"© OpenStreetMap contributors, ODbL 1.0","highway":"footway","foot":"permissive"},"geometry":{"type":"LineString","coordinates":[[-6.261008,53.368815],[-6.260784,53.368784],[-6.260455,53.368744],[-6.260351,53.368733],[-6.260238,53.368731],[-6.26007,53.368743],[-6.259792,53.368772],[-6.259527,53.368818],[-6.259384,53.368849],[-6.259292,53.368882],[-6.259228,53.368912]]}},{"type":"Feature","id":"way/47258191","properties":{"osmId":47258191,"attribution":"© OpenStreetMap contributors, ODbL 1.0","highway":"footway"},"geometry":{"type":"LineString","coordinates":[[-6.258748,53.369292],[-6.25879,53.369305],[-6.258821,53.369313],[-6.259157,53.369418],[-6.259401,53.369516],[-6.259727,53.369693],[-6.259983,53.369862],[-6.260289,53.370056],[-6.260378,53.370132],[-6.260425,53.370177],[-6.260457,53.370257],[-6.260542,53.370364],[-6.260725,53.370358],[-6.260841,53.370357],[-6.260935,53.370353],[-6.261031,53.37036],[-6.261243,53.370366],[-6.261426,53.370372],[-6.261606,53.370377],[-6.261834,53.370399],[-6.2621,53.37044],[-6.26228,53.370453],[-6.262393,53.370441]]}},{"type":"Feature","id":"way/47258192","properties":{"osmId":47258192,"attribution":"© OpenStreetMap contributors, ODbL 1.0","highway":"footway","foot":"permissive"},"geometry":{"type":"LineString","coordinates":[[-6.259983,53.369862],[-6.260129,53.369873],[-6.260235,53.369868],[-6.2607,53.369814],[-6.260816,53.369799]]}},{"type":"Feature","id":"way/47258198","properties":{"osmId":47258198,"attribution":"© OpenStreetMap contributors, ODbL 1.0","highway":"service","access":"permissive"},"geometry":{"type":"LineString","coordinates":[[-6.262522,53.374276],[-6.262431,53.374272],[-6.262271,53.374267],[-6.262054,53.374262],[-6.262024,53.374268],[-6.261875,53.3743],[-6.261813,53.374347],[-6.26177,53.374418],[-6.261784,53.37459],[-6.261814,53.375003],[-6.261859,53.375036],[-6.26195,53.375056],[-6.262256,53.375122],[-6.262653,53.375208],[-6.264766,53.375666],[-6.264797,53.375673],[-6.264883,53.37569]]}},{"type":"Feature","id":"way/47346924","properties":{"osmId":47346924,"attribution":"© OpenStreetMap contributors, ODbL 1.0","highway":"service"},"geometry":{"type":"LineString","coordinates":[[-6.265583,53.374167],[-6.26548,53.37415],[-6.265471,53.374148],[-6.265432,53.374142],[-6.264398,53.37397],[-6.26357,53.373831],[-6.263519,53.373823],[-6.263428,53.373814],[-6.263073,53.37388],[-6.262813,53.374031]]}},{"type":"Feature","id":"way/51723954","properties":{"osmId":51723954,"attribution":"© OpenStreetMap contributors, ODbL 1.0","highway":"service"},"geometry":{"type":"LineString","coordinates":[[-6.257621,53.367148],[-6.257652,53.367083],[-6.2578,53.36677],[-6.260078,53.367184],[-6.260846,53.367323],[-6.260918,53.367336]]}},{"type":"Feature","id":"way/51766128","properties":{"osmId":51766128,"attribution":"© OpenStreetMap contributors, ODbL 1.0","highway":"footway"},"geometry":{"type":"LineString","coordinates":[[-6.255798,53.366322],[-6.255852,53.366331],[-6.255871,53.366334]]}},{"type":"Feature","id":"way/51775329","properties":{"osmId":51775329,"attribution":"© OpenStreetMap contributors, ODbL 1.0","highway":"service","access":"permissive"},"geometry":{"type":"LineString","coordinates":[[-6.254114,53.387051],[-6.254056,53.387085],[-6.253959,53.387143],[-6.253774,53.387252],[-6.25408,53.387411],[-6.254167,53.387442],[-6.254388,53.387387],[-6.254519,53.387354],[-6.254353,53.387249],[-6.254241,53.387178],[-6.254114,53.387051]]}},{"type":"Feature","id":"way/55814718","properties":{"osmId":55814718,"attribution":"© OpenStreetMap contributors, ODbL 1.0","highway":"footway"},"geometry":{"type":"LineString","coordinates":[[-6.259138,53.368946],[-6.259151,53.368918],[-6.259012,53.368851],[-6.258964,53.368822]]}},{"type":"Feature","id":"way/55814722","properties":{"osmId":55814722,"attribution":"© OpenStreetMap contributors, ODbL 1.0","highway":"service"},"geometry":{"type":"LineString","coordinates":[[-6.258203,53.369138],[-6.258125,53.369122],[-6.257717,53.369032],[-6.257353,53.36896],[-6.257274,53.368946],[-6.257203,53.368933],[-6.256728,53.368834],[-6.256308,53.368744],[-6.256231,53.368732],[-6.256166,53.368718],[-6.255828,53.368649]]}},{"type":"Feature","id":"way/55814723","properties":{"osmId":55814723,"attribution":"© OpenStreetMap contributors, ODbL 1.0","highway":"footway","foot":"permissive"},"geometry":{"type":"LineString","coordinates":[[-6.260078,53.367184],[-6.259914,53.367491]]}},{"type":"Feature","id":"way/55814726","properties":{"osmId":55814726,"attribution":"© OpenStreetMap contributors, ODbL 1.0","highway":"footway"},"geometry":{"type":"LineString","coordinates":[[-6.260931,53.369493],[-6.260953,53.36946]]}},{"type":"Feature","id":"way/55814734","properties":{"osmId":55814734,"attribution":"© OpenStreetMap contributors, ODbL 1.0","highway":"service"},"geometry":{"type":"LineString","coordinates":[[-6.26115,53.368293],[-6.259747,53.368045],[-6.25969,53.368032]]}},{"type":"Feature","id":"way/55814741","properties":{"osmId":55814741,"attribution":"© OpenStreetMap contributors, ODbL 1.0","highway":"footway"},"geometry":{"type":"LineString","coordinates":[[-6.260875,53.369628],[-6.260931,53.369493]]}},{"type":"Feature","id":"way/55814744","properties":{"osmId":55814744,"attribution":"© OpenStreetMap contributors, ODbL 1.0","highway":"footway"},"geometry":{"type":"LineString","coordinates":[[-6.259036,53.36908],[-6.259138,53.368946]]}},{"type":"Feature","id":"way/56007676","properties":{"osmId":56007676,"attribution":"© OpenStreetMap contributors, ODbL 1.0","highway":"footway"},"geometry":{"type":"LineString","coordinates":[[-6.268083,53.376811],[-6.268029,53.376822],[-6.267525,53.376877],[-6.267492,53.37688],[-6.267497,53.376908],[-6.267392,53.376904]]}},{"type":"Feature","id":"way/56007679","properties":{"osmId":56007679,"attribution":"© OpenStreetMap contributors, ODbL 1.0","highway":"residential","name":"The Haven"},"geometry":{"type":"LineString","coordinates":[[-6.267061,53.377598],[-6.267064,53.377391],[-6.267114,53.377353],[-6.26716,53.377342],[-6.267455,53.377345],[-6.267528,53.377328],[-6.267578,53.377292],[-6.267651,53.377135],[-6.267659,53.377091],[-6.26764,53.377044],[-6.267392,53.376904],[-6.266751,53.376953]]}},{"type":"Feature","id":"way/56007680","properties":{"osmId":56007680,"attribution":"© OpenStreetMap contributors, ODbL 1.0","highway":"service"},"geometry":{"type":"LineString","coordinates":[[-6.258161,53.368132],[-6.258201,53.36809],[-6.258444,53.367836]]}},{"type":"Feature","id":"way/56007681","properties":{"osmId":56007681,"attribution":"© OpenStreetMap contributors, ODbL 1.0","highway":"service","name":"Botanic Avenue","foot":"yes"},"geometry":{"type":"LineString","coordinates":[[-6.264311,53.37061],[-6.264257,53.370649],[-6.264123,53.370743],[-6.264109,53.370754],[-6.264032,53.370816],[-6.263961,53.370883],[-6.263763,53.371027],[-6.263715,53.371061]]}},{"type":"Feature","id":"way/56007683","properties":{"osmId":56007683,"attribution":"© OpenStreetMap contributors, ODbL 1.0","highway":"residential","name":"Stella Avenue"},"geometry":{"type":"LineString","coordinates":[[-6.264875,53.377123],[-6.264807,53.377129],[-6.264778,53.377132],[-6.264561,53.377151],[-6.26366,53.377238],[-6.263258,53.377273],[-6.26319,53.377264]]}},{"type":"Feature","id":"way/56007688","properties":{"osmId":56007688,"attribution":"© OpenStreetMap contributors, ODbL 1.0","highway":"service"},"geometry":{"type":"LineString","coordinates":[[-6.263715,53.371061],[-6.263362,53.371279]]}},{"type":"Feature","id":"way/56007691","properties":{"osmId":56007691,"attribution":"© OpenStreetMap contributors, ODbL 1.0","highway":"tertiary","name":"Botanic Avenue"},"geometry":{"type":"LineString","coordinates":[[-6.265725,53.371367],[-6.265415,53.371197],[-6.265308,53.371138],[-6.265262,53.371112],[-6.265125,53.371035],[-6.264932,53.370942],[-6.26491,53.370931],[-6.264701,53.37083],[-6.264619,53.370787],[-6.26457,53.370761],[-6.264448,53.370697],[-6.264319,53.370615],[-6.264311,53.37061],[-6.264281,53.370587],[-6.264029,53.3704],[-6.263898,53.370303],[-6.26384,53.370261],[-6.263809,53.370238],[-6.263776,53.370213],[-6.263666,53.370132],[-6.263252,53.369837],[-6.263211,53.369799],[-6.262618,53.369388],[-6.262277,53.369125],[-6.262231,53.369089],[-6.262141,53.369037],[-6.261971,53.368953],[-6.261751,53.368857],[-6.261368,53.368732],[-6.261099,53.368659]]}},{"type":"Feature","id":"way/56007692","properties":{"osmId":56007692,"attribution":"© OpenStreetMap contributors, ODbL 1.0","highway":"service","access":"private"},"geometry":{"type":"LineString","coordinates":[[-6.265741,53.372713],[-6.265472,53.372641],[-6.265435,53.372633],[-6.265403,53.372627],[-6.265285,53.372607],[-6.265182,53.372591],[-6.265115,53.372594],[-6.265069,53.372595],[-6.264906,53.372609],[-6.264772,53.37263],[-6.26449,53.372762],[-6.264457,53.372787],[-6.264441,53.372813],[-6.264436,53.372843],[-6.26433,53.373419],[-6.2643,53.37357]]}},{"type":"Feature","id":"way/56007694","properties":{"osmId":56007694,"attribution":"© OpenStreetMap contributors, ODbL 1.0","highway":"residential","name":"Mobhi Court"},"geometry":{"type":"LineString","coordinates":[[-6.266295,53.377393],[-6.266381,53.377021],[-6.266377,53.376987]]}},{"type":"Feature","id":"way/56007695","properties":{"osmId":56007695,"attribution":"© OpenStreetMap contributors, ODbL 1.0","highway":"service"},"geometry":{"type":"LineString","coordinates":[[-6.256316,53.367139],[-6.25629,53.367365],[-6.256265,53.367591],[-6.25626,53.367631]]}},{"type":"Feature","id":"way/56007698","properties":{"osmId":56007698,"attribution":"© OpenStreetMap contributors, ODbL 1.0","highway":"service"},"geometry":{"type":"LineString","coordinates":[[-6.258719,53.367922],[-6.258629,53.367894]]}},{"type":"Feature","id":"way/56023837","properties":{"osmId":56023837,"attribution":"© OpenStreetMap contributors, ODbL 1.0","highway":"footway","name":"Eden Terrace"},"geometry":{"type":"LineString","coordinates":[[-6.260617,53.368336],[-6.26055,53.368329],[-6.260507,53.368314]]}},{"type":"Feature","id":"way/56023841","properties":{"osmId":56023841,"attribution":"© OpenStreetMap contributors, ODbL 1.0","highway":"tertiary","name":"Botanic Avenue"},"geometry":{"type":"LineString","coordinates":[[-6.259503,53.368419],[-6.259107,53.368358],[-6.258615,53.368277],[-6.258441,53.368239],[-6.258208,53.368155],[-6.258161,53.368132],[-6.258096,53.368105],[-6.257887,53.36801],[-6.257551,53.367896],[-6.25705,53.367755],[-6.256807,53.367698],[-6.256572,53.36767],[-6.25626,53.367631],[-6.256244,53.367629],[-6.256134,53.367615],[-6.255874,53.367595],[-6.255672,53.367573],[-6.255468,53.367552]]}},{"type":"Feature","id":"way/56023842","properties":{"osmId":56023842,"attribution":"© OpenStreetMap contributors, ODbL 1.0","highway":"footway","name":"Eden Terrace"},"geometry":{"type":"LineString","coordinates":[[-6.260449,53.368552],[-6.260465,53.368517],[-6.260482,53.368482]]}},{"type":"Feature","id":"way/56023843","properties":{"osmId":56023843,"attribution":"© OpenStreetMap contributors, ODbL 1.0","highway":"secondary","name":"Drumcondra Road Lower"},"geometry":{"type":"LineString","coordinates":[[-6.256176,53.365474],[-6.255899,53.365897],[-6.255746,53.366129],[-6.255553,53.36649],[-6.255495,53.366784],[-6.255474,53.366933]]}},{"type":"Feature","id":"way/59542289","properties":{"osmId":59542289,"attribution":"© OpenStreetMap contributors, ODbL 1.0","highway":"residential","name":"Griffith Lawns","access":"destination"},"geometry":{"type":"LineString","coordinates":[[-6.260826,53.376139],[-6.261036,53.376191],[-6.260661,53.376849],[-6.260525,53.377087],[-6.260255,53.377238],[-6.260037,53.377613],[-6.25999,53.377694]]}},{"type":"Feature","id":"way/70726491","properties":{"osmId":70726491,"attribution":"© OpenStreetMap contributors, ODbL 1.0","highway":"secondary","name":"Ballymun Road"},"geometry":{"type":"LineString","coordinates":[[-6.264947,53.385918],[-6.264957,53.385628],[-6.264979,53.385404],[-6.265032,53.38494],[-6.265039,53.384873],[-6.265054,53.384784],[-6.265087,53.384642],[-6.265091,53.384627],[-6.265249,53.383947],[-6.265415,53.38324],[-6.265506,53.38287],[-6.265595,53.382309],[-6.265603,53.382245],[-6.265657,53.381815],[-6.265668,53.381727]]}},{"type":"Feature","id":"way/71010333","properties":{"osmId":71010333,"attribution":"© OpenStreetMap contributors, ODbL 1.0","highway":"residential","name":"Dean Swift Road"},"geometry":{"type":"LineString","coordinates":[[-6.266982,53.383927],[-6.267204,53.384143]]}},{"type":"Feature","id":"way/71010334","properties":{"osmId":71010334,"attribution":"© OpenStreetMap contributors, ODbL 1.0","highway":"residential","name":"Dean Swift Road"},"geometry":{"type":"LineString","coordinates":[[-6.266887,53.38602],[-6.266898,53.385951],[-6.266935,53.385697],[-6.267109,53.384541],[-6.267119,53.384472],[-6.267143,53.384298],[-6.267205,53.384253]]}},{"type":"Feature","id":"way/71010335","properties":{"osmId":71010335,"attribution":"© OpenStreetMap contributors, ODbL 1.0","highway":"residential"},"geometry":{"type":"LineString","coordinates":[[-6.267186,53.384149],[-6.267204,53.384143],[-6.26723,53.384133],[-6.267267,53.38413],[-6.267312,53.384135],[-6.267347,53.384149],[-6.267374,53.384177],[-6.26738,53.384197],[-6.267372,53.384222],[-6.267347,53.384245],[-6.267312,53.384259],[-6.267267,53.384265],[-6.267224,53.38426],[-6.267205,53.384253],[-6.267186,53.384245],[-6.26716,53.38422],[-6.267153,53.384197],[-6.267161,53.384172],[-6.267186,53.384149]]}},{"type":"Feature","id":"way/71043834","properties":{"osmId":71043834,"attribution":"© OpenStreetMap contributors, ODbL 1.0","highway":"residential","name":"Wadelai Green"},"geometry":{"type":"LineString","coordinates":[[-6.268371,53.387196],[-6.268317,53.387194],[-6.268299,53.387193],[-6.266841,53.387147],[-6.266767,53.387145]]}},{"type":"Feature","id":"way/71043835","properties":{"osmId":71043835,"attribution":"© OpenStreetMap contributors, ODbL 1.0","highway":"service","name":"Saint Pappin's Road"},"geometry":{"type":"LineString","coordinates":[[-6.265217,53.385235],[-6.26532,53.385246],[-6.265383,53.385255],[-6.26536,53.385419],[-6.26535,53.385562],[-6.265363,53.385604],[-6.265384,53.385637],[-6.26541,53.385668],[-6.265487,53.385733],[-6.265529,53.385769],[-6.265651,53.385827],[-6.265799,53.385889],[-6.265857,53.385913],[-6.265848,53.385966]]}},{"type":"Feature","id":"way/75129176","properties":{"osmId":75129176,"attribution":"© OpenStreetMap contributors, ODbL 1.0","highway":"footway"},"geometry":{"type":"LineString","coordinates":[[-6.257017,53.367813],[-6.257034,53.367785]]}},{"type":"Feature","id":"way/75129178","properties":{"osmId":75129178,"attribution":"© OpenStreetMap contributors, ODbL 1.0","highway":"footway"},"geometry":{"type":"LineString","coordinates":[[-6.255848,53.367633],[-6.255774,53.367744],[-6.255748,53.367836],[-6.255739,53.367883]]}},{"type":"Feature","id":"way/75129179","properties":{"osmId":75129179,"attribution":"© OpenStreetMap contributors, ODbL 1.0","highway":"footway"},"geometry":{"type":"LineString","coordinates":[[-6.256546,53.367744],[-6.256559,53.367709]]}},{"type":"Feature","id":"way/75129185","properties":{"osmId":75129185,"attribution":"© OpenStreetMap contributors, ODbL 1.0","highway":"footway"},"geometry":{"type":"LineString","coordinates":[[-6.257892,53.368077],[-6.257813,53.368128],[-6.257744,53.368155],[-6.257686,53.368169],[-6.257625,53.368174],[-6.25755,53.368148],[-6.257522,53.368074],[-6.257505,53.368041],[-6.257534,53.36801],[-6.257505,53.368],[-6.257458,53.367983],[-6.257237,53.367872],[-6.257131,53.367839],[-6.257017,53.367813],[-6.256814,53.367772],[-6.256723,53.367766],[-6.256656,53.367773],[-6.256594,53.367773],[-6.256546,53.367744],[-6.256455,53.367746],[-6.256358,53.367785],[-6.256314,53.36784],[-6.256244,53.3679],[-6.256131,53.367947],[-6.255913,53.368007],[-6.255758,53.368074],[-6.255666,53.368114]]}},{"type":"Feature","id":"way/75129193","properties":{"osmId":75129193,"attribution":"© OpenStreetMap contributors, ODbL 1.0","highway":"footway"},"geometry":{"type":"LineString","coordinates":[[-6.255766,53.367966],[-6.255709,53.367957],[-6.255651,53.367949],[-6.255682,53.367875],[-6.255739,53.367883],[-6.255796,53.367892],[-6.255766,53.367966]]}},{"type":"Feature","id":"way/75129196","properties":{"osmId":75129196,"attribution":"© OpenStreetMap contributors, ODbL 1.0","highway":"footway"},"geometry":{"type":"LineString","coordinates":[[-6.255758,53.368074],[-6.255705,53.368034],[-6.255709,53.367957]]}},{"type":"Feature","id":"way/77073166","properties":{"osmId":77073166,"attribution":"© OpenStreetMap contributors, ODbL 1.0","highway":"service","name":"Lower Car Park"},"geometry":{"type":"LineString","coordinates":[[-6.256892,53.386234],[-6.256828,53.386295],[-6.25681,53.386312],[-6.256784,53.386336]]}},{"type":"Feature","id":"way/77678133","properties":{"osmId":77678133,"attribution":"© OpenStreetMap contributors, ODbL 1.0","highway":"service"},"geometry":{"type":"LineString","coordinates":[[-6.257072,53.386392],[-6.257143,53.386324]]}},{"type":"Feature","id":"way/77678134","properties":{"osmId":77678134,"attribution":"© OpenStreetMap contributors, ODbL 1.0","highway":"service","foot":"permissive"},"geometry":{"type":"LineString","coordinates":[[-6.257266,53.384919],[-6.25729,53.384898],[-6.257527,53.384682],[-6.257789,53.384443],[-6.258214,53.384048],[-6.258404,53.383876]]}},{"type":"Feature","id":"way/77678135","properties":{"osmId":77678135,"attribution":"© OpenStreetMap contributors, ODbL 1.0","highway":"service"},"geometry":{"type":"LineString","coordinates":[[-6.258041,53.382782],[-6.258103,53.382812],[-6.258172,53.382862],[-6.258791,53.383362],[-6.258858,53.383451],[-6.25889,53.383502],[-6.25885,53.383673],[-6.258832,53.383782],[-6.258674,53.384641],[-6.258666,53.384704],[-6.25861,53.384773],[-6.258674,53.384822],[-6.258751,53.384856],[-6.258907,53.384881],[-6.259125,53.384873],[-6.259294,53.38487],[-6.260101,53.384848],[-6.260669,53.384847],[-6.261674,53.384828]]}},{"type":"Feature","id":"way/77678136","properties":{"osmId":77678136,"attribution":"© OpenStreetMap contributors, ODbL 1.0","highway":"service"},"geometry":{"type":"LineString","coordinates":[[-6.260384,53.386641],[-6.260333,53.386624],[-6.260296,53.386611],[-6.260039,53.386522],[-6.259431,53.386309]]}},{"type":"Feature","id":"way/77678141","properties":{"osmId":77678141,"attribution":"© OpenStreetMap contributors, ODbL 1.0","highway":"footway"},"geometry":{"type":"LineString","coordinates":[[-6.260045,53.385632],[-6.260078,53.385611],[-6.260123,53.385595],[-6.260173,53.38559],[-6.260231,53.385595],[-6.260268,53.385607],[-6.260358,53.38565],[-6.260424,53.385688],[-6.260538,53.38567],[-6.26064,53.385675],[-6.260675,53.385677],[-6.260713,53.38568],[-6.26075,53.385682],[-6.260759,53.385616]]}},{"type":"Feature","id":"way/77678145","properties":{"osmId":77678145,"attribution":"© OpenStreetMap contributors, ODbL 1.0","highway":"service","foot":"permissive"},"geometry":{"type":"LineString","coordinates":[[-6.256837,53.383223],[-6.256888,53.383257],[-6.2569,53.383265],[-6.256928,53.383285],[-6.256977,53.383315],[-6.257087,53.383383],[-6.257246,53.383442],[-6.257133,53.383557]]}},{"type":"Feature","id":"way/77678149","properties":{"osmId":77678149,"attribution":"© OpenStreetMap contributors, ODbL 1.0","highway":"service"},"geometry":{"type":"LineString","coordinates":[[-6.255646,53.385848],[-6.255489,53.385769],[-6.255448,53.385751]]}},{"type":"Feature","id":"way/77678155","properties":{"osmId":77678155,"attribution":"© OpenStreetMap contributors, ODbL 1.0","highway":"service"},"geometry":{"type":"LineString","coordinates":[[-6.261068,53.386296],[-6.261077,53.386385],[-6.261055,53.386464]]}},{"type":"Feature","id":"way/77678158","properties":{"osmId":77678158,"attribution":"© OpenStreetMap contributors, ODbL 1.0","highway":"service","foot":"permissive"},"geometry":{"type":"LineString","coordinates":[[-6.257692,53.383601],[-6.257488,53.383538],[-6.25739,53.3835],[-6.257246,53.383442]]}},{"type":"Feature","id":"way/77766144","properties":{"osmId":77766144,"attribution":"© OpenStreetMap contributors, ODbL 1.0","highway":"service","access":"private"},"geometry":{"type":"LineString","coordinates":[[-6.261055,53.386464],[-6.26104,53.386589],[-6.261417,53.386605],[-6.261407,53.386747],[-6.261398,53.386826],[-6.261313,53.386883],[-6.26116,53.387016],[-6.261133,53.387041],[-6.261077,53.387108],[-6.261001,53.387153],[-6.260797,53.387138]]}},{"type":"Feature","id":"way/98479825","properties":{"osmId":98479825,"attribution":"© OpenStreetMap contributors, ODbL 1.0","highway":"secondary","name":"Ballymun Road"},"geometry":{"type":"LineString","coordinates":[[-6.266076,53.379903],[-6.266009,53.380044],[-6.265956,53.380213],[-6.26593,53.380392],[-6.265914,53.380647]]}},{"type":"Feature","id":"way/98479828","properties":{"osmId":98479828,"attribution":"© OpenStreetMap contributors, ODbL 1.0","highway":"secondary_link","name":"Griffith Avenue"},"geometry":{"type":"LineString","coordinates":[[-6.265347,53.378938],[-6.265382,53.378871],[-6.265404,53.378834],[-6.265425,53.378805],[-6.265429,53.378801],[-6.265464,53.378772],[-6.265497,53.378759],[-6.265552,53.378745],[-6.265562,53.378743],[-6.265641,53.378733],[-6.265818,53.378741]]}},{"type":"Feature","id":"way/98479830","properties":{"osmId":98479830,"attribution":"© OpenStreetMap contributors, ODbL 1.0","highway":"secondary_link","name":"Saint Mobhi Road"},"geometry":{"type":"LineString","coordinates":[[-6.26626,53.379643],[-6.266158,53.379701],[-6.266056,53.37976],[-6.26603,53.379775],[-6.265996,53.379792],[-6.265943,53.379809],[-6.265894,53.379817],[-6.265868,53.379818],[-6.265828,53.379818],[-6.265804,53.379816],[-6.265772,53.379811],[-6.265745,53.379805],[-6.2657,53.379785],[-6.26568,53.379771],[-6.265652,53.37974]]}},{"type":"Feature","id":"way/98502497","properties":{"osmId":98502497,"attribution":"© OpenStreetMap contributors, ODbL 1.0","highway":"footway"},"geometry":{"type":"LineString","coordinates":[[-6.265345,53.38483],[-6.265279,53.384827],[-6.265181,53.384824]]}},{"type":"Feature","id":"way/98502500","properties":{"osmId":98502500,"attribution":"© OpenStreetMap contributors, ODbL 1.0","highway":"footway"},"geometry":{"type":"LineString","coordinates":[[-6.26504,53.388292],[-6.265109,53.3883],[-6.265188,53.388309]]}},{"type":"Feature","id":"way/110226817","properties":{"osmId":110226817,"attribution":"© OpenStreetMap contributors, ODbL 1.0","highway":"residential","name":"Shanowen Drive"},"geometry":{"type":"LineString","coordinates":[[-6.249803,53.388637],[-6.2478,53.388755],[-6.247619,53.388832],[-6.247507,53.388928],[-6.247463,53.388997],[-6.247475,53.389169],[-6.247548,53.389613],[-6.247562,53.389702]]}},{"type":"Feature","id":"way/110226818","properties":{"osmId":110226818,"attribution":"© OpenStreetMap contributors, ODbL 1.0","highway":"residential","name":"Shanowen Road"},"geometry":{"type":"LineString","coordinates":[[-6.257694,53.389112],[-6.257597,53.389097],[-6.257581,53.389095],[-6.257063,53.389026],[-6.256856,53.388992],[-6.256189,53.388897],[-6.256018,53.388873],[-6.255551,53.38884],[-6.25494,53.388822],[-6.25455,53.38882],[-6.254322,53.388824],[-6.253895,53.388853],[-6.253496,53.38888],[-6.253172,53.388916],[-6.253029,53.388934],[-6.252454,53.38901],[-6.252361,53.389022],[-6.252218,53.389039],[-6.252022,53.389063],[-6.251972,53.389069],[-6.251629,53.389131],[-6.251472,53.389176],[-6.251091,53.389283],[-6.250744,53.389395],[-6.250456,53.389466],[-6.250239,53.389516],[-6.250204,53.389524]]}},{"type":"Feature","id":"way/110226821","properties":{"osmId":110226821,"attribution":"© OpenStreetMap contributors, ODbL 1.0","highway":"secondary","name":"Swords Road"},"geometry":{"type":"LineString","coordinates":[[-6.245971,53.389057],[-6.245967,53.389043],[-6.245924,53.388913],[-6.245876,53.388765],[-6.245828,53.38868],[-6.245799,53.38863],[-6.245642,53.388433],[-6.245519,53.388325]]}},{"type":"Feature","id":"way/114201548","properties":{"osmId":114201548,"attribution":"© OpenStreetMap contributors, ODbL 1.0","highway":"service"},"geometry":{"type":"LineString","coordinates":[[-6.252796,53.373974],[-6.253302,53.374085],[-6.253377,53.374101],[-6.253447,53.374116],[-6.254314,53.374299],[-6.25434,53.374307],[-6.254413,53.374344],[-6.254494,53.374359],[-6.254534,53.374373],[-6.254969,53.374468],[-6.255431,53.374569],[-6.255515,53.374587]]}},{"type":"Feature","id":"way/114201549","properties":{"osmId":114201549,"attribution":"© OpenStreetMap contributors, ODbL 1.0","highway":"service"},"geometry":{"type":"LineString","coordinates":[[-6.252249,53.374693],[-6.252294,53.374644],[-6.252314,53.3746],[-6.252373,53.374527],[-6.252796,53.373974],[-6.252995,53.373692],[-6.25303,53.373644]]}},{"type":"Feature","id":"way/114201686","properties":{"osmId":114201686,"attribution":"© OpenStreetMap contributors, ODbL 1.0","highway":"service"},"geometry":{"type":"LineString","coordinates":[[-6.256598,53.375885],[-6.256405,53.375445],[-6.256795,53.374705],[-6.25689,53.374524],[-6.256901,53.37446]]}},{"type":"Feature","id":"way/114203418","properties":{"osmId":114203418,"attribution":"© OpenStreetMap contributors, ODbL 1.0","highway":"footway"},"geometry":{"type":"LineString","coordinates":[[-6.255953,53.376985],[-6.256003,53.376895],[-6.256049,53.376813],[-6.25607,53.376771],[-6.256196,53.37653],[-6.256273,53.376525],[-6.256354,53.376524],[-6.256398,53.376516],[-6.256443,53.376501],[-6.256497,53.376467],[-6.256547,53.376431],[-6.256578,53.376411],[-6.256614,53.37639],[-6.256652,53.376363],[-6.256719,53.37635],[-6.256726,53.376288],[-6.25672,53.376249],[-6.256703,53.376211],[-6.256671,53.376171],[-6.256641,53.376146],[-6.256749,53.375953],[-6.256598,53.375885],[-6.256352,53.375879],[-6.256243,53.376078],[-6.256169,53.376104],[-6.256103,53.376128],[-6.256077,53.376151],[-6.256058,53.376174],[-6.256049,53.376214],[-6.256031,53.376273],[-6.256026,53.376313],[-6.256026,53.376347],[-6.256034,53.376409],[-6.256051,53.37644],[-6.25609,53.376469],[-6.256144,53.376503],[-6.256196,53.37653]]}},{"type":"Feature","id":"way/114203419","properties":{"osmId":114203419,"attribution":"© OpenStreetMap contributors, ODbL 1.0","highway":"footway"},"geometry":{"type":"LineString","coordinates":[[-6.2573,53.376064],[-6.257252,53.376055],[-6.257207,53.376047],[-6.256904,53.375984],[-6.256749,53.375953]]}},{"type":"Feature","id":"way/114204389","properties":{"osmId":114204389,"attribution":"© OpenStreetMap contributors, ODbL 1.0","highway":"footway"},"geometry":{"type":"LineString","coordinates":[[-6.260493,53.370537],[-6.260498,53.370515],[-6.260503,53.370491],[-6.260542,53.370364],[-6.260816,53.369799],[-6.260863,53.369664],[-6.260875,53.369628]]}},{"type":"Feature","id":"way/116019739","properties":{"osmId":116019739,"attribution":"© OpenStreetMap contributors, ODbL 1.0","highway":"secondary","name":"Swords Road"},"geometry":{"type":"LineString","coordinates":[[-6.244328,53.38265],[-6.244321,53.382661],[-6.244302,53.382694],[-6.244192,53.382883]]}},{"type":"Feature","id":"way/116019745","properties":{"osmId":116019745,"attribution":"© OpenStreetMap contributors, ODbL 1.0","highway":"residential","name":"Shanowen Road"},"geometry":{"type":"LineString","coordinates":[[-6.249144,53.38961],[-6.247562,53.389702],[-6.24751,53.389706],[-6.246963,53.389738],[-6.246944,53.389739],[-6.246896,53.389742],[-6.2464,53.389775],[-6.24624,53.389787]]}},{"type":"Feature","id":"way/116264258","properties":{"osmId":116264258,"attribution":"© OpenStreetMap contributors, ODbL 1.0","highway":"secondary","name":"Glasnevin Avenue","foot":"no"},"geometry":{"type":"LineString","coordinates":[[-6.26492,53.389173],[-6.264674,53.389136]]}},{"type":"Feature","id":"way/116264265","properties":{"osmId":116264265,"attribution":"© OpenStreetMap contributors, ODbL 1.0","highway":"secondary","name":"Ballymun Road"},"geometry":{"type":"LineString","coordinates":[[-6.264571,53.389881],[-6.264547,53.389932],[-6.26449,53.390058],[-6.264376,53.390305],[-6.264364,53.39033],[-6.264173,53.390821],[-6.26412,53.391082],[-6.264072,53.391396],[-6.26407,53.391902]]}},{"type":"Feature","id":"way/116264292","properties":{"osmId":116264292,"attribution":"© OpenStreetMap contributors, ODbL 1.0","highway":"secondary","name":"Ballymun Road"},"geometry":{"type":"LineString","coordinates":[[-6.264674,53.389136],[-6.264715,53.389049],[-6.264728,53.389027],[-6.264775,53.388937]]}},{"type":"Feature","id":"way/125909688","properties":{"osmId":125909688,"attribution":"© OpenStreetMap contributors, ODbL 1.0","highway":"residential","name":"Hampton Lodge"},"geometry":{"type":"LineString","coordinates":[[-6.245004,53.376073],[-6.244834,53.376068],[-6.244267,53.376041],[-6.24411,53.376032],[-6.24366,53.37601],[-6.243242,53.375985]]}},{"type":"Feature","id":"way/126258207","properties":{"osmId":126258207,"attribution":"© OpenStreetMap contributors, ODbL 1.0","highway":"residential","name":"Beresford Avenue"},"geometry":{"type":"LineString","coordinates":[[-6.246302,53.37366],[-6.246464,53.373629],[-6.246643,53.373652],[-6.247236,53.373795],[-6.247319,53.373766],[-6.247375,53.373736],[-6.247416,53.373707],[-6.247446,53.373668],[-6.247716,53.373214],[-6.247921,53.372955]]}},{"type":"Feature","id":"way/126258210","properties":{"osmId":126258210,"attribution":"© OpenStreetMap contributors, ODbL 1.0","highway":"residential","name":"Beresford Lawn"},"geometry":{"type":"LineString","coordinates":[[-6.246538,53.372929],[-6.246598,53.372943],[-6.247607,53.373188],[-6.247654,53.373199],[-6.247716,53.373214]]}},{"type":"Feature","id":"way/126258212","properties":{"osmId":126258212,"attribution":"© OpenStreetMap contributors, ODbL 1.0","highway":"residential","name":"Beresford Avenue"},"geometry":{"type":"LineString","coordinates":[[-6.247107,53.374145],[-6.247236,53.37395],[-6.247236,53.373795]]}},{"type":"Feature","id":"way/126258213","properties":{"osmId":126258213,"attribution":"© OpenStreetMap contributors, ODbL 1.0","highway":"residential","name":"The Copse"},"geometry":{"type":"LineString","coordinates":[[-6.247921,53.372955],[-6.247982,53.372886],[-6.248057,53.372842],[-6.248138,53.372812],[-6.248223,53.372792],[-6.248315,53.372778],[-6.248408,53.372771],[-6.248494,53.372784],[-6.248572,53.372806],[-6.24864,53.372837],[-6.248681,53.372859],[-6.248769,53.372922],[-6.248809,53.372941],[-6.248848,53.37295],[-6.248896,53.372961],[-6.24895,53.372967],[-6.249006,53.372965],[-6.249031,53.372955],[-6.249048,53.372948],[-6.249082,53.372934],[-6.249111,53.372903],[-6.249184,53.372769],[-6.249218,53.372737],[-6.249254,53.372718],[-6.249313,53.372704],[-6.249389,53.372699],[-6.249866,53.372685]]}},{"type":"Feature","id":"way/126258215","properties":{"osmId":126258215,"attribution":"© OpenStreetMap contributors, ODbL 1.0","highway":"residential","name":"Beresford Green"},"geometry":{"type":"LineString","coordinates":[[-6.246993,53.37455],[-6.246299,53.374407],[-6.246094,53.374329],[-6.245902,53.374221],[-6.245821,53.374176]]}},{"type":"Feature","id":"way/126258217","properties":{"osmId":126258217,"attribution":"© OpenStreetMap contributors, ODbL 1.0","highway":"residential","name":"Beresford Avenue"},"geometry":{"type":"LineString","coordinates":[[-6.245444,53.374477],[-6.245507,53.374397],[-6.245574,53.374323]]}},{"type":"Feature","id":"way/126260726","properties":{"osmId":126260726,"attribution":"© OpenStreetMap contributors, ODbL 1.0","highway":"residential","name":"All Hallows Square"},"geometry":{"type":"LineString","coordinates":[[-6.251526,53.371545],[-6.251446,53.371921],[-6.251436,53.371952],[-6.251421,53.371975],[-6.251393,53.371992],[-6.251355,53.372005],[-6.251196,53.372028],[-6.251083,53.372031],[-6.250963,53.372031],[-6.250839,53.372018],[-6.250498,53.371971]]}},{"type":"Feature","id":"way/126260727","properties":{"osmId":126260727,"attribution":"© OpenStreetMap contributors, ODbL 1.0","highway":"residential","name":"All Hallows Green"},"geometry":{"type":"LineString","coordinates":[[-6.249866,53.372685],[-6.250181,53.372718],[-6.250335,53.37274],[-6.250507,53.372768],[-6.250573,53.372773],[-6.250628,53.372771],[-6.250671,53.372755],[-6.250695,53.37273],[-6.250984,53.372331],[-6.251031,53.37228],[-6.251104,53.372208],[-6.251143,53.372162],[-6.251168,53.372107],[-6.251196,53.372028]]}},{"type":"Feature","id":"way/126265322","properties":{"osmId":126265322,"attribution":"© OpenStreetMap contributors, ODbL 1.0","highway":"service","access":"private"},"geometry":{"type":"LineString","coordinates":[[-6.247242,53.374978],[-6.247295,53.374892],[-6.247327,53.374839],[-6.247683,53.374299],[-6.247728,53.374281],[-6.247785,53.374267],[-6.247851,53.374266],[-6.248483,53.374423],[-6.248606,53.374454],[-6.249097,53.373806],[-6.249202,53.373669]]}},{"type":"Feature","id":"way/126270217","properties":{"osmId":126270217,"attribution":"© OpenStreetMap contributors, ODbL 1.0","highway":"service","foot":"private","access":"private"},"geometry":{"type":"LineString","coordinates":[[-6.26449,53.380138],[-6.264458,53.380114],[-6.264432,53.380067],[-6.264269,53.380087],[-6.264125,53.380043]]}},{"type":"Feature","id":"way/126270222","properties":{"osmId":126270222,"attribution":"© OpenStreetMap contributors, ODbL 1.0","highway":"service","foot":"private","access":"private"},"geometry":{"type":"LineString","coordinates":[[-6.264125,53.380043],[-6.263513,53.379865],[-6.263473,53.379842],[-6.263287,53.379429],[-6.263276,53.379401]]}},{"type":"Feature","id":"way/126270680","properties":{"osmId":126270680,"attribution":"© OpenStreetMap contributors, ODbL 1.0","highway":"residential","name":"Rise Mews"},"geometry":{"type":"LineString","coordinates":[[-6.264738,53.3805],[-6.264721,53.380611],[-6.264703,53.380651]]}},{"type":"Feature","id":"way/126304668","properties":{"osmId":126304668,"attribution":"© OpenStreetMap contributors, ODbL 1.0","highway":"residential","name":"Church View"},"geometry":{"type":"LineString","coordinates":[[-6.251078,53.371211],[-6.251394,53.371245],[-6.251561,53.371267],[-6.251927,53.371315]]}},{"type":"Feature","id":"way/126304669","properties":{"osmId":126304669,"attribution":"© OpenStreetMap contributors, ODbL 1.0","highway":"residential","name":"Church View"},"geometry":{"type":"LineString","coordinates":[[-6.251461,53.370898],[-6.25143,53.370934],[-6.251417,53.370948],[-6.251402,53.370976],[-6.251397,53.371002],[-6.251394,53.371245]]}},{"type":"Feature","id":"way/126452184","properties":{"osmId":126452184,"attribution":"© OpenStreetMap contributors, ODbL 1.0","highway":"footway"},"geometry":{"type":"LineString","coordinates":[[-6.247878,53.37292],[-6.24798,53.372857],[-6.247988,53.372846],[-6.248044,53.372816],[-6.248111,53.372789],[-6.248264,53.372757],[-6.248398,53.372741],[-6.248468,53.372743],[-6.248549,53.372753],[-6.248655,53.372766],[-6.248772,53.372778],[-6.248877,53.37278],[-6.248968,53.372773],[-6.249068,53.372756],[-6.249133,53.372735],[-6.249194,53.372722],[-6.249218,53.372737],[-6.249255,53.37276]]}},{"type":"Feature","id":"way/126452186","properties":{"osmId":126452186,"attribution":"© OpenStreetMap contributors, ODbL 1.0","highway":"residential","name":"College View"},"geometry":{"type":"LineString","coordinates":[[-6.250443,53.372275],[-6.250425,53.372442],[-6.250413,53.372499],[-6.250335,53.37274]]}},{"type":"Feature","id":"way/128356620","properties":{"osmId":128356620,"attribution":"© OpenStreetMap contributors, ODbL 1.0","highway":"residential","name":"Larkhill Road"},"geometry":{"type":"LineString","coordinates":[[-6.249881,53.384467],[-6.249864,53.384528],[-6.249824,53.384699],[-6.2498,53.384837],[-6.249743,53.385168],[-6.249663,53.385626],[-6.249509,53.38652],[-6.249449,53.386691]]}},{"type":"Feature","id":"way/128445334","properties":{"osmId":128445334,"attribution":"© OpenStreetMap contributors, ODbL 1.0","highway":"footway"},"geometry":{"type":"LineString","coordinates":[[-6.265497,53.368594],[-6.265146,53.368716],[-6.264944,53.368804],[-6.264774,53.368856]]}},{"type":"Feature","id":"way/128446893","properties":{"osmId":128446893,"attribution":"© OpenStreetMap contributors, ODbL 1.0","highway":"service"},"geometry":{"type":"LineString","coordinates":[[-6.268755,53.369019],[-6.268207,53.368952],[-6.267608,53.368873],[-6.267015,53.368797],[-6.26633,53.368702],[-6.266193,53.369012],[-6.266174,53.369054]]}},{"type":"Feature","id":"way/128446894","properties":{"osmId":128446894,"attribution":"© OpenStreetMap contributors, ODbL 1.0","highway":"service"},"geometry":{"type":"LineString","coordinates":[[-6.266869,53.369161],[-6.266851,53.369211],[-6.266737,53.369525]]}},{"type":"Feature","id":"way/128446896","properties":{"osmId":128446896,"attribution":"© OpenStreetMap contributors, ODbL 1.0","highway":"service"},"geometry":{"type":"LineString","coordinates":[[-6.266023,53.369438],[-6.266737,53.369525],[-6.267305,53.369603],[-6.267904,53.369686],[-6.268154,53.369695],[-6.268328,53.369687],[-6.268497,53.369428],[-6.268523,53.369388],[-6.268558,53.369338],[-6.268755,53.369019],[-6.268976,53.36871],[-6.269004,53.368665],[-6.269026,53.368628],[-6.269144,53.368432],[-6.269149,53.368398],[-6.269107,53.368381],[-6.266773,53.368051]]}},{"type":"Feature","id":"way/128446897","properties":{"osmId":128446897,"attribution":"© OpenStreetMap contributors, ODbL 1.0","highway":"service"},"geometry":{"type":"LineString","coordinates":[[-6.268053,53.369308],[-6.268029,53.369369],[-6.267904,53.369686]]}},{"type":"Feature","id":"way/128446898","properties":{"osmId":128446898,"attribution":"© OpenStreetMap contributors, ODbL 1.0","highway":"service"},"geometry":{"type":"LineString","coordinates":[[-6.266174,53.369054],[-6.266164,53.369085],[-6.266129,53.369082],[-6.265732,53.369016],[-6.265479,53.368982]]}},{"type":"Feature","id":"way/128446899","properties":{"osmId":128446899,"attribution":"© OpenStreetMap contributors, ODbL 1.0","highway":"service"},"geometry":{"type":"LineString","coordinates":[[-6.267454,53.369238],[-6.267479,53.36918],[-6.267608,53.368873]]}},{"type":"Feature","id":"way/128446900","properties":{"osmId":128446900,"attribution":"© OpenStreetMap contributors, ODbL 1.0","highway":"service"},"geometry":{"type":"LineString","coordinates":[[-6.267015,53.368797],[-6.266894,53.369099],[-6.266869,53.369161]]}},{"type":"Feature","id":"way/128446901","properties":{"osmId":128446901,"attribution":"© OpenStreetMap contributors, ODbL 1.0","highway":"service"},"geometry":{"type":"LineString","coordinates":[[-6.267454,53.369238],[-6.267434,53.369288],[-6.267305,53.369603]]}},{"type":"Feature","id":"way/128461973","properties":{"osmId":128461973,"attribution":"© OpenStreetMap contributors, ODbL 1.0","highway":"service"},"geometry":{"type":"LineString","coordinates":[[-6.26633,53.368702],[-6.266438,53.368406],[-6.266463,53.368399]]}},{"type":"Feature","id":"way/128467761","properties":{"osmId":128467761,"attribution":"© OpenStreetMap contributors, ODbL 1.0","highway":"residential","name":"College Manor"},"geometry":{"type":"LineString","coordinates":[[-6.257156,53.368713],[-6.25736,53.368739],[-6.257393,53.368739],[-6.257415,53.36873],[-6.257434,53.368716],[-6.257453,53.368661],[-6.257414,53.368592],[-6.257334,53.368502],[-6.257294,53.368451],[-6.257258,53.368391],[-6.257126,53.368118],[-6.257043,53.368057],[-6.25693,53.368024],[-6.256773,53.368],[-6.256682,53.368018],[-6.256649,53.368065],[-6.256606,53.368124]]}},{"type":"Feature","id":"way/128468612","properties":{"osmId":128468612,"attribution":"© OpenStreetMap contributors, ODbL 1.0","highway":"service","access":"yes"},"geometry":{"type":"LineString","coordinates":[[-6.256078,53.371016],[-6.255886,53.370976],[-6.255801,53.371121],[-6.255992,53.371161],[-6.256078,53.371016]]}},{"type":"Feature","id":"way/128468711","properties":{"osmId":128468711,"attribution":"© OpenStreetMap contributors, ODbL 1.0","highway":"footway"},"geometry":{"type":"LineString","coordinates":[[-6.244267,53.376041],[-6.244188,53.375752],[-6.244169,53.375689],[-6.244152,53.375631],[-6.244103,53.37554],[-6.244012,53.375466],[-6.243963,53.375427],[-6.24373,53.375249],[-6.243551,53.375186]]}},{"type":"Feature","id":"way/128505216","properties":{"osmId":128505216,"attribution":"© OpenStreetMap contributors, ODbL 1.0","highway":"residential","name":"Iona Court"},"geometry":{"type":"LineString","coordinates":[[-6.265906,53.368258],[-6.265863,53.368247],[-6.265688,53.368202],[-6.265501,53.36817],[-6.265392,53.368107],[-6.265326,53.368],[-6.265337,53.367896]]}},{"type":"Feature","id":"way/128511653","properties":{"osmId":128511653,"attribution":"© OpenStreetMap contributors, ODbL 1.0","highway":"residential","name":"Saint Mobhi Grove"},"geometry":{"type":"LineString","coordinates":[[-6.26803,53.371716],[-6.267845,53.371639],[-6.26765,53.371557],[-6.267213,53.371385],[-6.267126,53.371351]]}},{"type":"Feature","id":"way/128511654","properties":{"osmId":128511654,"attribution":"© OpenStreetMap contributors, ODbL 1.0","highway":"service"},"geometry":{"type":"LineString","coordinates":[[-6.267958,53.371306],[-6.267682,53.371532],[-6.26765,53.371557],[-6.267617,53.371586],[-6.267397,53.371783]]}},{"type":"Feature","id":"way/128511655","properties":{"osmId":128511655,"attribution":"© OpenStreetMap contributors, ODbL 1.0","highway":"service"},"geometry":{"type":"LineString","coordinates":[[-6.267397,53.371856],[-6.267824,53.372106],[-6.267852,53.372123]]}},{"type":"Feature","id":"way/128887071","properties":{"osmId":128887071,"attribution":"© OpenStreetMap contributors, ODbL 1.0","highway":"footway"},"geometry":{"type":"LineString","coordinates":[[-6.265977,53.381294],[-6.265879,53.381291],[-6.265822,53.381288]]}},{"type":"Feature","id":"way/128896175","properties":{"osmId":128896175,"attribution":"© OpenStreetMap contributors, ODbL 1.0","highway":"service"},"geometry":{"type":"LineString","coordinates":[[-6.245005,53.376966],[-6.245067,53.376917]]}},{"type":"Feature","id":"way/128914559","properties":{"osmId":128914559,"attribution":"© OpenStreetMap contributors, ODbL 1.0","highway":"footway"},"geometry":{"type":"LineString","coordinates":[[-6.265004,53.368477],[-6.265146,53.368716],[-6.265306,53.368952]]}},{"type":"Feature","id":"way/128944287","properties":{"osmId":128944287,"attribution":"© OpenStreetMap contributors, ODbL 1.0","highway":"residential","name":"Saint Mobhi Drive"},"geometry":{"type":"LineString","coordinates":[[-6.268664,53.373478],[-6.268629,53.373483],[-6.268597,53.373481],[-6.268499,53.373477],[-6.268224,53.373449],[-6.26803,53.373429],[-6.267942,53.37342],[-6.267807,53.373401],[-6.267719,53.373389],[-6.267648,53.373379],[-6.267509,53.37335],[-6.26743,53.373334],[-6.267354,53.373318],[-6.267092,53.373249],[-6.267012,53.373228],[-6.266954,53.373212],[-6.266693,53.373134],[-6.266654,53.373122],[-6.266451,53.373033],[-6.266339,53.372985],[-6.265996,53.372804],[-6.265981,53.372799],[-6.265959,53.372792]]}},{"type":"Feature","id":"way/129044724","properties":{"osmId":129044724,"attribution":"© OpenStreetMap contributors, ODbL 1.0","highway":"service"},"geometry":{"type":"LineString","coordinates":[[-6.258921,53.367896],[-6.259629,53.368024],[-6.25969,53.368032]]}},{"type":"Feature","id":"way/129054194","properties":{"osmId":129054194,"attribution":"© OpenStreetMap contributors, ODbL 1.0","highway":"service"},"geometry":{"type":"LineString","coordinates":[[-6.258146,53.36861],[-6.258356,53.368325],[-6.258418,53.368263],[-6.258441,53.368239]]}},{"type":"Feature","id":"way/129055569","properties":{"osmId":129055569,"attribution":"© OpenStreetMap contributors, ODbL 1.0","highway":"residential","name":"Abbeyvale","access":"private"},"geometry":{"type":"LineString","coordinates":[[-6.257798,53.368454],[-6.257969,53.368325],[-6.25803,53.368302],[-6.258122,53.368225],[-6.258175,53.368182],[-6.258208,53.368155]]}},{"type":"Feature","id":"way/129758472","properties":{"osmId":129758472,"attribution":"© OpenStreetMap contributors, ODbL 1.0","highway":"service","access":"private"},"geometry":{"type":"LineString","coordinates":[[-6.259017,53.382071],[-6.25891,53.381963],[-6.258875,53.381943],[-6.258827,53.381935],[-6.258719,53.381945],[-6.258578,53.38199],[-6.258491,53.382037],[-6.258297,53.382092],[-6.258002,53.382128],[-6.257857,53.382128],[-6.25757,53.382098],[-6.25713,53.382016],[-6.256869,53.381957],[-6.25672,53.381923],[-6.256398,53.381788],[-6.256211,53.381685],[-6.255872,53.381498],[-6.255113,53.381166],[-6.254359,53.380935],[-6.253662,53.380775]]}},{"type":"Feature","id":"way/129758473","properties":{"osmId":129758473,"attribution":"© OpenStreetMap contributors, ODbL 1.0","highway":"service","foot":"yes","access":"no"},"geometry":{"type":"LineString","coordinates":[[-6.249705,53.379595],[-6.248981,53.379343],[-6.248259,53.379121],[-6.248181,53.379093],[-6.247948,53.379034],[-6.247805,53.379022],[-6.247668,53.379046],[-6.247602,53.379061],[-6.247552,53.379108],[-6.247181,53.379004],[-6.247155,53.378991]]}},{"type":"Feature","id":"way/129758475","properties":{"osmId":129758475,"attribution":"© OpenStreetMap contributors, ODbL 1.0","highway":"residential","name":"Hampstead Avenue"},"geometry":{"type":"LineString","coordinates":[[-6.261091,53.382315],[-6.261124,53.382139],[-6.261134,53.382],[-6.261316,53.381929],[-6.261429,53.38187]]}},{"type":"Feature","id":"way/129758479","properties":{"osmId":129758479,"attribution":"© OpenStreetMap contributors, ODbL 1.0","highway":"footway"},"geometry":{"type":"LineString","coordinates":[[-6.264877,53.381804],[-6.264808,53.381808],[-6.264727,53.381815],[-6.264617,53.38181],[-6.264445,53.381786],[-6.264307,53.381758],[-6.264166,53.38174],[-6.264001,53.381753],[-6.263843,53.381791],[-6.263669,53.381833],[-6.263548,53.381853],[-6.263482,53.381858],[-6.263355,53.381851],[-6.263218,53.381821],[-6.263045,53.38177],[-6.262843,53.38172],[-6.262694,53.381762],[-6.262517,53.381782],[-6.2624,53.38181],[-6.262292,53.381823],[-6.262176,53.381825],[-6.262113,53.381817],[-6.261817,53.381722],[-6.261782,53.381701]]}},{"type":"Feature","id":"way/129758485","properties":{"osmId":129758485,"attribution":"© OpenStreetMap contributors, ODbL 1.0","highway":"service"},"geometry":{"type":"LineString","coordinates":[[-6.25967,53.381284],[-6.25975,53.381264],[-6.260003,53.381195],[-6.260499,53.381124],[-6.261175,53.381123],[-6.261588,53.381167],[-6.261841,53.381206],[-6.262051,53.381284],[-6.26212,53.381327],[-6.26219,53.381355]]}},{"type":"Feature","id":"way/129758486","properties":{"osmId":129758486,"attribution":"© OpenStreetMap contributors, ODbL 1.0","highway":"service"},"geometry":{"type":"LineString","coordinates":[[-6.25966,53.381349],[-6.259633,53.381364],[-6.2596,53.381372],[-6.259564,53.381373],[-6.25953,53.381367],[-6.259501,53.381354],[-6.259482,53.381336],[-6.259474,53.381315],[-6.259478,53.381293],[-6.259502,53.381269],[-6.259531,53.381256],[-6.259565,53.38125],[-6.259601,53.381251],[-6.259648,53.381267],[-6.25967,53.381284],[-6.25968,53.381304],[-6.259679,53.381326],[-6.25966,53.381349]]}},{"type":"Feature","id":"way/129758489","properties":{"osmId":129758489,"attribution":"© OpenStreetMap contributors, ODbL 1.0","highway":"service","access":"no"},"geometry":{"type":"LineString","coordinates":[[-6.259474,53.381315],[-6.258827,53.38127],[-6.258634,53.381281],[-6.258401,53.381295],[-6.258205,53.381296],[-6.257974,53.381289],[-6.257907,53.381285],[-6.257838,53.381296],[-6.257803,53.381314],[-6.257671,53.381386],[-6.25747,53.381488],[-6.25725,53.381612],[-6.257053,53.381753],[-6.256924,53.381872],[-6.256869,53.381957]]}},{"type":"Feature","id":"way/129758492","properties":{"osmId":129758492,"attribution":"© OpenStreetMap contributors, ODbL 1.0","highway":"service"},"geometry":{"type":"LineString","coordinates":[[-6.25975,53.381264],[-6.259666,53.381059],[-6.259678,53.381033],[-6.25969,53.380996],[-6.259699,53.38095],[-6.259698,53.380906],[-6.259657,53.380813],[-6.259587,53.380667],[-6.259486,53.380475],[-6.260116,53.380341],[-6.260172,53.380279],[-6.260149,53.380227],[-6.260072,53.380056],[-6.260023,53.379945],[-6.25968,53.379888]]}},{"type":"Feature","id":"way/129758495","properties":{"osmId":129758495,"attribution":"© OpenStreetMap contributors, ODbL 1.0","highway":"footway"},"geometry":{"type":"LineString","coordinates":[[-6.260929,53.383199],[-6.260945,53.383106]]}},{"type":"Feature","id":"way/130277809","properties":{"osmId":130277809,"attribution":"© OpenStreetMap contributors, ODbL 1.0","highway":"residential","name":"Chapelgate","access":"private"},"geometry":{"type":"LineString","coordinates":[[-6.2604,53.365816],[-6.260253,53.366017],[-6.260089,53.365966],[-6.259801,53.365879]]}},{"type":"Feature","id":"way/130278398","properties":{"osmId":130278398,"attribution":"© OpenStreetMap contributors, ODbL 1.0","highway":"footway"},"geometry":{"type":"LineString","coordinates":[[-6.262809,53.36648],[-6.263594,53.366242],[-6.263619,53.366249]]}},{"type":"Feature","id":"way/130278399","properties":{"osmId":130278399,"attribution":"© OpenStreetMap contributors, ODbL 1.0","highway":"footway"},"geometry":{"type":"LineString","coordinates":[[-6.262765,53.366473],[-6.262787,53.36648],[-6.262809,53.36648],[-6.263348,53.366594],[-6.263403,53.366585],[-6.263594,53.366242]]}},{"type":"Feature","id":"way/130281586","properties":{"osmId":130281586,"attribution":"© OpenStreetMap contributors, ODbL 1.0","highway":"footway"},"geometry":{"type":"LineString","coordinates":[[-6.263372,53.366646],[-6.262965,53.366566],[-6.262761,53.366525],[-6.262738,53.366519]]}},{"type":"Feature","id":"way/130281594","properties":{"osmId":130281594,"attribution":"© OpenStreetMap contributors, ODbL 1.0","highway":"service"},"geometry":{"type":"LineString","coordinates":[[-6.262965,53.366566],[-6.26286,53.366754],[-6.262661,53.366709],[-6.262636,53.366705],[-6.262548,53.366688]]}},{"type":"Feature","id":"way/130771376","properties":{"osmId":130771376,"attribution":"© OpenStreetMap contributors, ODbL 1.0","highway":"service"},"geometry":{"type":"LineString","coordinates":[[-6.257896,53.366401],[-6.25799,53.366247],[-6.258086,53.366059],[-6.258106,53.366034],[-6.258138,53.365993]]}},{"type":"Feature","id":"way/130771377","properties":{"osmId":130771377,"attribution":"© OpenStreetMap contributors, ODbL 1.0","highway":"footway"},"geometry":{"type":"LineString","coordinates":[[-6.258476,53.366351],[-6.25799,53.366247]]}},{"type":"Feature","id":"way/130771378","properties":{"osmId":130771378,"attribution":"© OpenStreetMap contributors, ODbL 1.0","highway":"service"},"geometry":{"type":"LineString","coordinates":[[-6.259086,53.366477],[-6.258476,53.366351],[-6.258592,53.366188],[-6.258617,53.366153],[-6.258644,53.366105]]}},{"type":"Feature","id":"way/130771379","properties":{"osmId":130771379,"attribution":"© OpenStreetMap contributors, ODbL 1.0","highway":"footway"},"geometry":{"type":"LineString","coordinates":[[-6.259086,53.366477],[-6.26107,53.366818]]}},{"type":"Feature","id":"way/130776830","properties":{"osmId":130776830,"attribution":"© OpenStreetMap contributors, ODbL 1.0","highway":"footway","foot":"permissive"},"geometry":{"type":"LineString","coordinates":[[-6.260974,53.368686],[-6.261008,53.368815],[-6.261023,53.368992],[-6.261026,53.36913],[-6.261023,53.369236],[-6.261002,53.369318],[-6.260953,53.36946]]}},{"type":"Feature","id":"way/130776836","properties":{"osmId":130776836,"attribution":"© OpenStreetMap contributors, ODbL 1.0","highway":"tertiary","name":"Botanic Avenue"},"geometry":{"type":"LineString","coordinates":[[-6.261099,53.368659],[-6.260993,53.368641],[-6.260963,53.368634],[-6.260812,53.368611],[-6.260449,53.368552],[-6.260147,53.368512],[-6.259503,53.368419]]}},{"type":"Feature","id":"way/130781893","properties":{"osmId":130781893,"attribution":"© OpenStreetMap contributors, ODbL 1.0","highway":"service"},"geometry":{"type":"LineString","coordinates":[[-6.253733,53.369262],[-6.253606,53.369479],[-6.253578,53.369529]]}},{"type":"Feature","id":"way/131633100","properties":{"osmId":131633100,"attribution":"© OpenStreetMap contributors, ODbL 1.0","highway":"service","access":"private"},"geometry":{"type":"LineString","coordinates":[[-6.260945,53.383106],[-6.261091,53.382315]]}},{"type":"Feature","id":"way/131698432","properties":{"osmId":131698432,"attribution":"© OpenStreetMap contributors, ODbL 1.0","highway":"residential"},"geometry":{"type":"LineString","coordinates":[[-6.265825,53.370445],[-6.266031,53.370472],[-6.266302,53.370334],[-6.266415,53.370238],[-6.266552,53.369985],[-6.266575,53.369942]]}},{"type":"Feature","id":"way/131700416","properties":{"osmId":131700416,"attribution":"© OpenStreetMap contributors, ODbL 1.0","highway":"residential","name":"Botanic Square","access":"private"},"geometry":{"type":"LineString","coordinates":[[-6.263779,53.369469],[-6.263583,53.369605]]}},{"type":"Feature","id":"way/131700418","properties":{"osmId":131700418,"attribution":"© OpenStreetMap contributors, ODbL 1.0","highway":"residential","name":"Botanic Square"},"geometry":{"type":"LineString","coordinates":[[-6.263583,53.369605],[-6.263255,53.369776],[-6.263211,53.369799]]}},{"type":"Feature","id":"way/131754159","properties":{"osmId":131754159,"attribution":"© OpenStreetMap contributors, ODbL 1.0","highway":"service"},"geometry":{"type":"LineString","coordinates":[[-6.264133,53.373775],[-6.264397,53.373769],[-6.264472,53.373812],[-6.264583,53.373864],[-6.264729,53.373913],[-6.264846,53.373939],[-6.265469,53.37404],[-6.26552,53.37405],[-6.265615,53.374064]]}},{"type":"Feature","id":"way/131754163","properties":{"osmId":131754163,"attribution":"© OpenStreetMap contributors, ODbL 1.0","highway":"service"},"geometry":{"type":"LineString","coordinates":[[-6.264397,53.373769],[-6.26429,53.373632],[-6.2643,53.37357]]}},{"type":"Feature","id":"way/131755105","properties":{"osmId":131755105,"attribution":"© OpenStreetMap contributors, ODbL 1.0","highway":"service","access":"private"},"geometry":{"type":"LineString","coordinates":[[-6.26433,53.373419],[-6.262894,53.373363],[-6.262929,53.372832],[-6.262985,53.372758],[-6.263034,53.37271],[-6.263113,53.372675],[-6.263694,53.372636],[-6.264113,53.372659],[-6.264344,53.372662],[-6.264602,53.37263],[-6.264772,53.37263]]}},{"type":"Feature","id":"way/131851405","properties":{"osmId":131851405,"attribution":"© OpenStreetMap contributors, ODbL 1.0","highway":"service"},"geometry":{"type":"LineString","coordinates":[[-6.256841,53.366147],[-6.257131,53.36578],[-6.257158,53.365739]]}},{"type":"Feature","id":"way/131851407","properties":{"osmId":131851407,"attribution":"© OpenStreetMap contributors, ODbL 1.0","highway":"service"},"geometry":{"type":"LineString","coordinates":[[-6.256495,53.366755],[-6.256736,53.366344],[-6.256754,53.366315]]}},{"type":"Feature","id":"way/132278109","properties":{"osmId":132278109,"attribution":"© OpenStreetMap contributors, ODbL 1.0","highway":"service"},"geometry":{"type":"LineString","coordinates":[[-6.25449,53.37194],[-6.254403,53.371864],[-6.254315,53.371815],[-6.254403,53.371665],[-6.254625,53.371286],[-6.254647,53.371229],[-6.25468,53.371147],[-6.254684,53.371134],[-6.254712,53.371047],[-6.254728,53.371003],[-6.254728,53.370979],[-6.254727,53.370948],[-6.254712,53.370875],[-6.254682,53.370799],[-6.254681,53.370746],[-6.254709,53.370686],[-6.254745,53.370646],[-6.254806,53.370603],[-6.254863,53.370548]]}},{"type":"Feature","id":"way/132278111","properties":{"osmId":132278111,"attribution":"© OpenStreetMap contributors, ODbL 1.0","highway":"service","access":"permissive"},"geometry":{"type":"LineString","coordinates":[[-6.256002,53.369559],[-6.25613,53.369514],[-6.256221,53.369501],[-6.256331,53.369506],[-6.256473,53.369532],[-6.256575,53.369567],[-6.256667,53.369617],[-6.256716,53.369644],[-6.256791,53.369756],[-6.256838,53.369886],[-6.256833,53.369964],[-6.256824,53.37002],[-6.256799,53.370077],[-6.256773,53.370123],[-6.256705,53.370222],[-6.256682,53.370268],[-6.256612,53.370426],[-6.256495,53.370692],[-6.25647,53.370722],[-6.25644,53.370741],[-6.256403,53.37076],[-6.256356,53.370777],[-6.256202,53.370815]]}},{"type":"Feature","id":"way/132278114","properties":{"osmId":132278114,"attribution":"© OpenStreetMap contributors, ODbL 1.0","highway":"service","access":"permissive"},"geometry":{"type":"LineString","coordinates":[[-6.255626,53.369637],[-6.255532,53.369675],[-6.255458,53.369729],[-6.255343,53.369854],[-6.255334,53.369883],[-6.255325,53.369932],[-6.255323,53.370041],[-6.255329,53.370126],[-6.255347,53.37038],[-6.255365,53.370453],[-6.255371,53.370491]]}},{"type":"Feature","id":"way/132281155","properties":{"osmId":132281155,"attribution":"© OpenStreetMap contributors, ODbL 1.0","highway":"footway"},"geometry":{"type":"LineString","coordinates":[[-6.256408,53.371287],[-6.256355,53.371261],[-6.256175,53.371211],[-6.25602,53.371178],[-6.255992,53.371161]]}},{"type":"Feature","id":"way/132281173","properties":{"osmId":132281173,"attribution":"© OpenStreetMap contributors, ODbL 1.0","highway":"service","access":"permissive"},"geometry":{"type":"LineString","coordinates":[[-6.254753,53.372569],[-6.255464,53.372676],[-6.255565,53.372685],[-6.255646,53.372685],[-6.255701,53.372676],[-6.255748,53.37266],[-6.255787,53.372638],[-6.255829,53.372595],[-6.256002,53.372274],[-6.256027,53.372219],[-6.256027,53.372179],[-6.255984,53.372113],[-6.255949,53.372037],[-6.25631,53.371395],[-6.256408,53.371287],[-6.256593,53.371264],[-6.256717,53.371052],[-6.256769,53.370947],[-6.256891,53.370819],[-6.257037,53.370567],[-6.25708,53.370493],[-6.257074,53.370456],[-6.257047,53.370421],[-6.256768,53.3703],[-6.256682,53.370268]]}},{"type":"Feature","id":"way/132281175","properties":{"osmId":132281175,"attribution":"© OpenStreetMap contributors, ODbL 1.0","highway":"footway"},"geometry":{"type":"LineString","coordinates":[[-6.255897,53.370597],[-6.256021,53.370369],[-6.256033,53.37033],[-6.256028,53.370277],[-6.256018,53.370246],[-6.255989,53.370209]]}},{"type":"Feature","id":"way/132281178","properties":{"osmId":132281178,"attribution":"© OpenStreetMap contributors, ODbL 1.0","highway":"footway"},"geometry":{"type":"LineString","coordinates":[[-6.255989,53.370209],[-6.256062,53.370216],[-6.256121,53.37021],[-6.256177,53.370203],[-6.256226,53.370189],[-6.256284,53.370166],[-6.256339,53.370134],[-6.256384,53.370094],[-6.25642,53.370051],[-6.256447,53.370007],[-6.256456,53.369955],[-6.25644,53.369884],[-6.256397,53.369823],[-6.256351,53.36978],[-6.256297,53.369746],[-6.256223,53.369711],[-6.25616,53.369697]]}},{"type":"Feature","id":"way/132349612","properties":{"osmId":132349612,"attribution":"© OpenStreetMap contributors, ODbL 1.0","highway":"residential","name":"Millmount Avenue"},"geometry":{"type":"LineString","coordinates":[[-6.259836,53.370441],[-6.259752,53.370387],[-6.259583,53.370303]]}},{"type":"Feature","id":"way/132349616","properties":{"osmId":132349616,"attribution":"© OpenStreetMap contributors, ODbL 1.0","highway":"residential","name":"Ferguson Road"},"geometry":{"type":"LineString","coordinates":[[-6.259921,53.370481],[-6.259905,53.370517],[-6.259878,53.37055],[-6.259399,53.371131],[-6.25929,53.371258],[-6.259078,53.3715],[-6.258731,53.371911]]}},{"type":"Feature","id":"way/132349619","properties":{"osmId":132349619,"attribution":"© OpenStreetMap contributors, ODbL 1.0","highway":"residential","name":"Millbourne Avenue"},"geometry":{"type":"LineString","coordinates":[[-6.259342,53.37022],[-6.259143,53.370157],[-6.259018,53.370123],[-6.25855,53.369986],[-6.25817,53.369875],[-6.257748,53.36975],[-6.256912,53.369494],[-6.255865,53.36917],[-6.255412,53.369038],[-6.255125,53.368954],[-6.255045,53.368936],[-6.254901,53.368905]]}},{"type":"Feature","id":"way/132369836","properties":{"osmId":132369836,"attribution":"© OpenStreetMap contributors, ODbL 1.0","highway":"footway"},"geometry":{"type":"LineString","coordinates":[[-6.25853,53.369441],[-6.258564,53.369419],[-6.258748,53.369292],[-6.258812,53.36925],[-6.258985,53.369129],[-6.259004,53.369112],[-6.259021,53.369095],[-6.259036,53.36908]]}},{"type":"Feature","id":"way/132371426","properties":{"osmId":132371426,"attribution":"© OpenStreetMap contributors, ODbL 1.0","highway":"service","access":"private"},"geometry":{"type":"LineString","coordinates":[[-6.265315,53.372246],[-6.265492,53.372113],[-6.265813,53.371913]]}},{"type":"Feature","id":"way/132407745","properties":{"osmId":132407745,"attribution":"© OpenStreetMap contributors, ODbL 1.0","highway":"service"},"geometry":{"type":"LineString","coordinates":[[-6.266819,53.37519],[-6.266917,53.375205],[-6.267052,53.37532],[-6.267067,53.375333]]}},{"type":"Feature","id":"way/132407746","properties":{"osmId":132407746,"attribution":"© OpenStreetMap contributors, ODbL 1.0","highway":"service"},"geometry":{"type":"LineString","coordinates":[[-6.267632,53.375111],[-6.26761,53.375088],[-6.26753,53.375009],[-6.267493,53.37497]]}},{"type":"Feature","id":"way/132408857","properties":{"osmId":132408857,"attribution":"© OpenStreetMap contributors, ODbL 1.0","highway":"service","access":"private"},"geometry":{"type":"LineString","coordinates":[[-6.266645,53.375956],[-6.266688,53.376013],[-6.266782,53.376077],[-6.267108,53.376187],[-6.267349,53.376261],[-6.267339,53.376299],[-6.267387,53.376843]]}},{"type":"Feature","id":"way/132408858","properties":{"osmId":132408858,"attribution":"© OpenStreetMap contributors, ODbL 1.0","highway":"service"},"geometry":{"type":"LineString","coordinates":[[-6.266815,53.375703],[-6.267147,53.375798],[-6.267054,53.375916],[-6.266739,53.375826]]}},{"type":"Feature","id":"way/132409868","properties":{"osmId":132409868,"attribution":"© OpenStreetMap contributors, ODbL 1.0","highway":"service"},"geometry":{"type":"LineString","coordinates":[[-6.267989,53.37675],[-6.268042,53.376659],[-6.268143,53.376661],[-6.268234,53.376663]]}},{"type":"Feature","id":"way/132409885","properties":{"osmId":132409885,"attribution":"© OpenStreetMap contributors, ODbL 1.0","highway":"residential","name":"Saint Mobhi Boithirin"},"geometry":{"type":"LineString","coordinates":[[-6.266751,53.376953],[-6.266377,53.376987],[-6.265934,53.377027],[-6.264974,53.377114],[-6.264875,53.377123]]}},{"type":"Feature","id":"way/132546283","properties":{"osmId":132546283,"attribution":"© OpenStreetMap contributors, ODbL 1.0","highway":"service"},"geometry":{"type":"LineString","coordinates":[[-6.268386,53.381164],[-6.268372,53.381279],[-6.268337,53.381437],[-6.268126,53.381432],[-6.267898,53.381425],[-6.267664,53.381421],[-6.267581,53.38142],[-6.267424,53.38142],[-6.267195,53.381418],[-6.266966,53.381415],[-6.266937,53.381416],[-6.266809,53.381416],[-6.266604,53.381407],[-6.266377,53.381407],[-6.266002,53.381413],[-6.265874,53.381411]]}},{"type":"Feature","id":"way/132546923","properties":{"osmId":132546923,"attribution":"© OpenStreetMap contributors, ODbL 1.0","highway":"service"},"geometry":{"type":"LineString","coordinates":[[-6.266333,53.382023],[-6.266377,53.381407]]}},{"type":"Feature","id":"way/132547426","properties":{"osmId":132547426,"attribution":"© OpenStreetMap contributors, ODbL 1.0","highway":"service"},"geometry":{"type":"LineString","coordinates":[[-6.268144,53.381583],[-6.267582,53.381569]]}},{"type":"Feature","id":"way/132547438","properties":{"osmId":132547438,"attribution":"© OpenStreetMap contributors, ODbL 1.0","highway":"service"},"geometry":{"type":"LineString","coordinates":[[-6.267581,53.38142],[-6.26758,53.381482],[-6.267582,53.381569],[-6.267161,53.381562],[-6.267013,53.381555],[-6.266952,53.381514],[-6.266936,53.381474],[-6.266937,53.381416]]}},{"type":"Feature","id":"way/132609445","properties":{"osmId":132609445,"attribution":"© OpenStreetMap contributors, ODbL 1.0","highway":"residential","name":"Willow Park Avenue"},"geometry":{"type":"LineString","coordinates":[[-6.279419,53.391695],[-6.279354,53.391694],[-6.279305,53.391693],[-6.278143,53.391666],[-6.277461,53.391612],[-6.276721,53.391522],[-6.276229,53.391443],[-6.275467,53.3913],[-6.274808,53.391166],[-6.273934,53.391065],[-6.272172,53.390917],[-6.270741,53.390812],[-6.269981,53.390748],[-6.269927,53.390743],[-6.26981,53.390736],[-6.269702,53.390721],[-6.269591,53.390715],[-6.269448,53.390711],[-6.268561,53.390664],[-6.267991,53.390606],[-6.266954,53.390481],[-6.266924,53.390597]]}},{"type":"Feature","id":"way/132716143","properties":{"osmId":132716143,"attribution":"© OpenStreetMap contributors, ODbL 1.0","highway":"steps"},"geometry":{"type":"LineString","coordinates":[[-6.250162,53.378582],[-6.250184,53.378544]]}},{"type":"Feature","id":"way/132716145","properties":{"osmId":132716145,"attribution":"© OpenStreetMap contributors, ODbL 1.0","highway":"steps"},"geometry":{"type":"LineString","coordinates":[[-6.249535,53.378617],[-6.249556,53.37857]]}},{"type":"Feature","id":"way/132716147","properties":{"osmId":132716147,"attribution":"© OpenStreetMap contributors, ODbL 1.0","highway":"footway"},"geometry":{"type":"LineString","coordinates":[[-6.250486,53.375943],[-6.250517,53.376051],[-6.250529,53.376083]]}},{"type":"Feature","id":"way/132716154","properties":{"osmId":132716154,"attribution":"© OpenStreetMap contributors, ODbL 1.0","highway":"service","access":"private"},"geometry":{"type":"LineString","coordinates":[[-6.250559,53.376346],[-6.250793,53.376361],[-6.250818,53.376325],[-6.250885,53.37623],[-6.250953,53.376127],[-6.250998,53.376056],[-6.251046,53.375982]]}},{"type":"Feature","id":"way/132716155","properties":{"osmId":132716155,"attribution":"© OpenStreetMap contributors, ODbL 1.0","highway":"steps"},"geometry":{"type":"LineString","coordinates":[[-6.248789,53.378534],[-6.248805,53.378479]]}},{"type":"Feature","id":"way/132716158","properties":{"osmId":132716158,"attribution":"© OpenStreetMap contributors, ODbL 1.0","highway":"steps"},"geometry":{"type":"LineString","coordinates":[[-6.249013,53.377128],[-6.248931,53.377162]]}},{"type":"Feature","id":"way/132716159","properties":{"osmId":132716159,"attribution":"© OpenStreetMap contributors, ODbL 1.0","highway":"service","access":"private"},"geometry":{"type":"LineString","coordinates":[[-6.250801,53.377162],[-6.250916,53.376959],[-6.250638,53.376788],[-6.250555,53.376737],[-6.25071,53.376634]]}},{"type":"Feature","id":"way/132716951","properties":{"osmId":132716951,"attribution":"© OpenStreetMap contributors, ODbL 1.0","highway":"service"},"geometry":{"type":"LineString","coordinates":[[-6.247596,53.379755],[-6.247209,53.379647],[-6.247275,53.379542],[-6.247479,53.379215],[-6.247512,53.379166],[-6.247552,53.379108]]}},{"type":"Feature","id":"way/132718000","properties":{"osmId":132718000,"attribution":"© OpenStreetMap contributors, ODbL 1.0","highway":"service","access":"private"},"geometry":{"type":"LineString","coordinates":[[-6.252878,53.3826],[-6.25383,53.382359],[-6.253951,53.382329],[-6.254269,53.382277],[-6.254568,53.382258],[-6.254682,53.382195],[-6.254509,53.381767],[-6.254498,53.381757],[-6.253823,53.381114],[-6.253576,53.380941],[-6.253662,53.380775],[-6.250658,53.379943],[-6.249962,53.379688],[-6.249705,53.379595]]}},{"type":"Feature","id":"way/132718001","properties":{"osmId":132718001,"attribution":"© OpenStreetMap contributors, ODbL 1.0","highway":"service","access":"private"},"geometry":{"type":"LineString","coordinates":[[-6.252054,53.382108],[-6.252026,53.381996],[-6.252156,53.381704],[-6.252364,53.381505],[-6.2529,53.381306],[-6.253329,53.381095],[-6.253576,53.380941]]}},{"type":"Feature","id":"way/132764335","properties":{"osmId":132764335,"attribution":"© OpenStreetMap contributors, ODbL 1.0","highway":"service"},"geometry":{"type":"LineString","coordinates":[[-6.25134,53.384844],[-6.251555,53.384628],[-6.251609,53.384649],[-6.251695,53.384681],[-6.251511,53.384871],[-6.251458,53.384925],[-6.251379,53.385006]]}},{"type":"Feature","id":"way/132933997","properties":{"osmId":132933997,"attribution":"© OpenStreetMap contributors, ODbL 1.0","highway":"pedestrian","name":"Albert College Court"},"geometry":{"type":"LineString","coordinates":[[-6.264319,53.386853],[-6.26431,53.387139],[-6.264309,53.387156],[-6.264301,53.387254]]}},{"type":"Feature","id":"way/132933999","properties":{"osmId":132933999,"attribution":"© OpenStreetMap contributors, ODbL 1.0","highway":"service"},"geometry":{"type":"LineString","coordinates":[[-6.264064,53.386587],[-6.264055,53.386736],[-6.264634,53.386749],[-6.264886,53.386749],[-6.264975,53.386749]]}},{"type":"Feature","id":"way/132934822","properties":{"osmId":132934822,"attribution":"© OpenStreetMap contributors, ODbL 1.0","highway":"service"},"geometry":{"type":"LineString","coordinates":[[-6.263807,53.387253],[-6.263802,53.387347],[-6.263799,53.387392],[-6.263791,53.387448],[-6.263499,53.387689],[-6.263397,53.387825],[-6.263461,53.388028],[-6.263762,53.388115],[-6.264161,53.388129],[-6.264465,53.388139],[-6.265051,53.388159],[-6.265158,53.38816]]}},{"type":"Feature","id":"way/132934829","properties":{"osmId":132934829,"attribution":"© OpenStreetMap contributors, ODbL 1.0","highway":"steps"},"geometry":{"type":"LineString","coordinates":[[-6.264497,53.387784],[-6.264509,53.387784]]}},{"type":"Feature","id":"way/132972557","properties":{"osmId":132972557,"attribution":"© OpenStreetMap contributors, ODbL 1.0","highway":"residential","name":"Swords Road"},"geometry":{"type":"LineString","coordinates":[[-6.244557,53.383044],[-6.2445,53.383067],[-6.244353,53.383157],[-6.244195,53.383342],[-6.24409,53.383494],[-6.243935,53.383802],[-6.243794,53.384127],[-6.243738,53.384279],[-6.243669,53.384467],[-6.243428,53.38517],[-6.243271,53.385882],[-6.243234,53.386151],[-6.243231,53.386297],[-6.243257,53.386457],[-6.243297,53.386567],[-6.243367,53.3867],[-6.243473,53.38686],[-6.243727,53.387166],[-6.243767,53.387229]]}},{"type":"Feature","id":"way/132976602","properties":{"osmId":132976602,"attribution":"© OpenStreetMap contributors, ODbL 1.0","highway":"service"},"geometry":{"type":"LineString","coordinates":[[-6.254396,53.377395],[-6.255249,53.377565],[-6.255311,53.377535],[-6.255578,53.377002],[-6.255616,53.376926]]}},{"type":"Feature","id":"way/132976888","properties":{"osmId":132976888,"attribution":"© OpenStreetMap contributors, ODbL 1.0","highway":"service","access":"private"},"geometry":{"type":"LineString","coordinates":[[-6.252931,53.377112],[-6.254187,53.377368]]}},{"type":"Feature","id":"way/132976981","properties":{"osmId":132976981,"attribution":"© OpenStreetMap contributors, ODbL 1.0","highway":"service","access":"private"},"geometry":{"type":"LineString","coordinates":[[-6.25648,53.377764],[-6.257628,53.377983],[-6.257818,53.377617],[-6.257904,53.377431],[-6.257947,53.377335]]}},{"type":"Feature","id":"way/132977802","properties":{"osmId":132977802,"attribution":"© OpenStreetMap contributors, ODbL 1.0","highway":"residential","name":"The Rise"},"geometry":{"type":"LineString","coordinates":[[-6.262926,53.380124],[-6.262858,53.380158],[-6.262835,53.380172],[-6.26283,53.38019],[-6.262842,53.380216],[-6.262872,53.380244],[-6.262917,53.380263],[-6.262979,53.380282],[-6.26302,53.380281],[-6.263062,53.380267],[-6.263104,53.380254],[-6.26313,53.380228]]}},{"type":"Feature","id":"way/132978298","properties":{"osmId":132978298,"attribution":"© OpenStreetMap contributors, ODbL 1.0","highway":"service"},"geometry":{"type":"LineString","coordinates":[[-6.25353,53.372982],[-6.25333,53.373254],[-6.253064,53.373599],[-6.25303,53.373644]]}},{"type":"Feature","id":"way/132978299","properties":{"osmId":132978299,"attribution":"© OpenStreetMap contributors, ODbL 1.0","highway":"service"},"geometry":{"type":"LineString","coordinates":[[-6.254848,53.373618],[-6.254777,53.373602],[-6.253852,53.373402],[-6.253698,53.373343],[-6.253501,53.373297],[-6.25333,53.373254]]}},{"type":"Feature","id":"way/132978300","properties":{"osmId":132978300,"attribution":"© OpenStreetMap contributors, ODbL 1.0","highway":"service"},"geometry":{"type":"LineString","coordinates":[[-6.256146,53.373908],[-6.254938,53.373637],[-6.254848,53.373618]]}},{"type":"Feature","id":"way/132978412","properties":{"osmId":132978412,"attribution":"© OpenStreetMap contributors, ODbL 1.0","highway":"service","access":"private"},"geometry":{"type":"LineString","coordinates":[[-6.25907,53.377021],[-6.259122,53.377031],[-6.260132,53.377225],[-6.260919,53.375804]]}},{"type":"Feature","id":"way/133530118","properties":{"osmId":133530118,"attribution":"© OpenStreetMap contributors, ODbL 1.0","highway":"service"},"geometry":{"type":"LineString","coordinates":[[-6.247037,53.378982],[-6.246935,53.378956],[-6.246812,53.378935],[-6.246543,53.378876],[-6.246357,53.37885],[-6.246267,53.378838],[-6.24616,53.378838]]}},{"type":"Feature","id":"way/134682788","properties":{"osmId":134682788,"attribution":"© OpenStreetMap contributors, ODbL 1.0","highway":"service","name":"Hampton Lodge"},"geometry":{"type":"LineString","coordinates":[[-6.244624,53.375726],[-6.244673,53.375716],[-6.244714,53.375725],[-6.244735,53.375746],[-6.244813,53.375999]]}},{"type":"Feature","id":"way/134932960","properties":{"osmId":134932960,"attribution":"© OpenStreetMap contributors, ODbL 1.0","highway":"service"},"geometry":{"type":"LineString","coordinates":[[-6.252672,53.372413],[-6.252793,53.37245],[-6.25293,53.372492],[-6.253101,53.372538],[-6.252955,53.372746],[-6.252784,53.372702],[-6.252649,53.37267],[-6.252509,53.372638]]}},{"type":"Feature","id":"way/134932961","properties":{"osmId":134932961,"attribution":"© OpenStreetMap contributors, ODbL 1.0","highway":"service"},"geometry":{"type":"LineString","coordinates":[[-6.252784,53.372702],[-6.25293,53.372492]]}},{"type":"Feature","id":"way/134933410","properties":{"osmId":134933410,"attribution":"© OpenStreetMap contributors, ODbL 1.0","highway":"service","access":"private"},"geometry":{"type":"LineString","coordinates":[[-6.251778,53.374536],[-6.251518,53.374829]]}},{"type":"Feature","id":"way/135170871","properties":{"osmId":135170871,"attribution":"© OpenStreetMap contributors, ODbL 1.0","highway":"secondary","name":"Griffith Avenue"},"geometry":{"type":"LineString","coordinates":[[-6.268351,53.379047],[-6.267779,53.378995],[-6.267684,53.378985],[-6.26731,53.378947]]}},{"type":"Feature","id":"way/135230169","properties":{"osmId":135230169,"attribution":"© OpenStreetMap contributors, ODbL 1.0","highway":"footway"},"geometry":{"type":"LineString","coordinates":[[-6.260077,53.38473],[-6.261777,53.384695],[-6.264829,53.384626],[-6.264964,53.384623],[-6.264994,53.384624]]}},{"type":"Feature","id":"way/136455459","properties":{"osmId":136455459,"attribution":"© OpenStreetMap contributors, ODbL 1.0","highway":"secondary","name":"Ballymun Road"},"geometry":{"type":"LineString","coordinates":[[-6.265741,53.380664],[-6.265746,53.38043],[-6.265754,53.380097]]}},{"type":"Feature","id":"way/136455460","properties":{"osmId":136455460,"attribution":"© OpenStreetMap contributors, ODbL 1.0","highway":"residential","name":"Home Farm Park"},"geometry":{"type":"LineString","coordinates":[[-6.255073,53.373245],[-6.255047,53.373289],[-6.254848,53.373618],[-6.254663,53.373922],[-6.254654,53.373937],[-6.254624,53.373987]]}},{"type":"Feature","id":"way/136455461","properties":{"osmId":136455461,"attribution":"© OpenStreetMap contributors, ODbL 1.0","highway":"residential","name":"Home Farm Park"},"geometry":{"type":"LineString","coordinates":[[-6.256158,53.373506],[-6.255073,53.373245],[-6.254317,53.373061],[-6.25417,53.373023]]}},{"type":"Feature","id":"way/136455462","properties":{"osmId":136455462,"attribution":"© OpenStreetMap contributors, ODbL 1.0","highway":"residential","name":"The Rise"},"geometry":{"type":"LineString","coordinates":[[-6.262675,53.378177],[-6.26263,53.378263],[-6.262623,53.378276],[-6.262297,53.378835],[-6.262605,53.379502],[-6.262841,53.380017],[-6.262912,53.380114],[-6.262926,53.380124],[-6.26297,53.380151],[-6.26313,53.380228],[-6.263194,53.380245],[-6.264703,53.380651]]}},{"type":"Feature","id":"way/136456696","properties":{"osmId":136456696,"attribution":"© OpenStreetMap contributors, ODbL 1.0","highway":"service"},"geometry":{"type":"LineString","coordinates":[[-6.26535,53.385562],[-6.265285,53.385558],[-6.265187,53.385553]]}},{"type":"Feature","id":"way/136456697","properties":{"osmId":136456697,"attribution":"© OpenStreetMap contributors, ODbL 1.0","highway":"service"},"geometry":{"type":"LineString","coordinates":[[-6.265847,53.381732],[-6.26598,53.381738],[-6.266113,53.381752]]}},{"type":"Feature","id":"way/136459048","properties":{"osmId":136459048,"attribution":"© OpenStreetMap contributors, ODbL 1.0","highway":"service"},"geometry":{"type":"LineString","coordinates":[[-6.264149,53.390299],[-6.264364,53.39033]]}},{"type":"Feature","id":"way/136459049","properties":{"osmId":136459049,"attribution":"© OpenStreetMap contributors, ODbL 1.0","highway":"service"},"geometry":{"type":"LineString","coordinates":[[-6.255047,53.38638],[-6.255069,53.386266],[-6.255257,53.386087],[-6.255451,53.385908],[-6.255646,53.385848]]}},{"type":"Feature","id":"way/136459050","properties":{"osmId":136459050,"attribution":"© OpenStreetMap contributors, ODbL 1.0","highway":"secondary_link","name":"Collins Avenue Extension"},"geometry":{"type":"LineString","coordinates":[[-6.264484,53.38955],[-6.264511,53.389351],[-6.264476,53.389271],[-6.26446,53.389233],[-6.264385,53.389159],[-6.264312,53.389125],[-6.26411,53.389024]]}},{"type":"Feature","id":"way/136459614","properties":{"osmId":136459614,"attribution":"© OpenStreetMap contributors, ODbL 1.0","highway":"service"},"geometry":{"type":"LineString","coordinates":[[-6.254317,53.373061],[-6.254346,53.373018],[-6.254559,53.372699],[-6.254633,53.372681],[-6.254835,53.372748]]}},{"type":"Feature","id":"way/137530937","properties":{"osmId":137530937,"attribution":"© OpenStreetMap contributors, ODbL 1.0","highway":"residential","name":"Cliftonville Road"},"geometry":{"type":"LineString","coordinates":[[-6.269192,53.369497],[-6.269104,53.369482],[-6.268523,53.369388],[-6.268053,53.369308],[-6.267454,53.369238],[-6.266869,53.369161],[-6.266174,53.369054]]}},{"type":"Feature","id":"way/137622363","properties":{"osmId":137622363,"attribution":"© OpenStreetMap contributors, ODbL 1.0","highway":"service"},"geometry":{"type":"LineString","coordinates":[[-6.247268,53.37744],[-6.247254,53.377478],[-6.247237,53.377519],[-6.247228,53.377543]]}},{"type":"Feature","id":"way/140045716","properties":{"osmId":140045716,"attribution":"© OpenStreetMap contributors, ODbL 1.0","highway":"footway"},"geometry":{"type":"LineString","coordinates":[[-6.265312,53.383212],[-6.265217,53.383201],[-6.265143,53.383192],[-6.262029,53.38312]]}},{"type":"Feature","id":"way/140296762","properties":{"osmId":140296762,"attribution":"© OpenStreetMap contributors, ODbL 1.0","highway":"service"},"geometry":{"type":"LineString","coordinates":[[-6.254052,53.367483],[-6.254025,53.367651]]}},{"type":"Feature","id":"way/140296766","properties":{"osmId":140296766,"attribution":"© OpenStreetMap contributors, ODbL 1.0","highway":"service"},"geometry":{"type":"LineString","coordinates":[[-6.254373,53.367537],[-6.254052,53.367483],[-6.253324,53.367279]]}},{"type":"Feature","id":"way/140297766","properties":{"osmId":140297766,"attribution":"© OpenStreetMap contributors, ODbL 1.0","highway":"service"},"geometry":{"type":"LineString","coordinates":[[-6.254576,53.3672],[-6.254569,53.36737],[-6.254561,53.367542],[-6.254649,53.3676],[-6.254723,53.36763],[-6.254868,53.367689]]}},{"type":"Feature","id":"way/140574693","properties":{"osmId":140574693,"attribution":"© OpenStreetMap contributors, ODbL 1.0","highway":"service"},"geometry":{"type":"LineString","coordinates":[[-6.251061,53.367336],[-6.250868,53.367491],[-6.250834,53.367518],[-6.250817,53.367533],[-6.250779,53.367563]]}},{"type":"Feature","id":"way/140574698","properties":{"osmId":140574698,"attribution":"© OpenStreetMap contributors, ODbL 1.0","highway":"service"},"geometry":{"type":"LineString","coordinates":[[-6.252885,53.367525],[-6.252099,53.368144],[-6.252061,53.368177],[-6.252025,53.368208]]}},{"type":"Feature","id":"way/140575394","properties":{"osmId":140575394,"attribution":"© OpenStreetMap contributors, ODbL 1.0","highway":"service"},"geometry":{"type":"LineString","coordinates":[[-6.251286,53.36692],[-6.250655,53.367426],[-6.250641,53.367438],[-6.250604,53.367472]]}},{"type":"Feature","id":"way/140575395","properties":{"osmId":140575395,"attribution":"© OpenStreetMap contributors, ODbL 1.0","highway":"service","access":"private"},"geometry":{"type":"LineString","coordinates":[[-6.250273,53.366878],[-6.250081,53.366774],[-6.249997,53.36683]]}},{"type":"Feature","id":"way/140588027","properties":{"osmId":140588027,"attribution":"© OpenStreetMap contributors, ODbL 1.0","highway":"service","access":"private"},"geometry":{"type":"LineString","coordinates":[[-6.24986,53.366922],[-6.249824,53.366947],[-6.24978,53.366977]]}},{"type":"Feature","id":"way/140588029","properties":{"osmId":140588029,"attribution":"© OpenStreetMap contributors, ODbL 1.0","highway":"service","access":"private"},"geometry":{"type":"LineString","coordinates":[[-6.249997,53.36683],[-6.24988,53.366906],[-6.24986,53.366922]]}},{"type":"Feature","id":"way/141412100","properties":{"osmId":141412100,"attribution":"© OpenStreetMap contributors, ODbL 1.0","highway":"service"},"geometry":{"type":"LineString","coordinates":[[-6.247228,53.377543],[-6.247689,53.377654],[-6.247723,53.37769],[-6.24766,53.377784],[-6.247602,53.377792],[-6.247175,53.377693],[-6.247153,53.377659],[-6.247228,53.377543]]}},{"type":"Feature","id":"way/141447847","properties":{"osmId":141447847,"attribution":"© OpenStreetMap contributors, ODbL 1.0","highway":"service","foot":"permissive"},"geometry":{"type":"LineString","coordinates":[[-6.257789,53.384443],[-6.25731,53.384249],[-6.256981,53.384128],[-6.256809,53.384066],[-6.256976,53.38391],[-6.25739,53.3835],[-6.258069,53.382852]]}},{"type":"Feature","id":"way/145705888","properties":{"osmId":145705888,"attribution":"© OpenStreetMap contributors, ODbL 1.0","highway":"footway"},"geometry":{"type":"LineString","coordinates":[[-6.250091,53.370411],[-6.250104,53.370418],[-6.250109,53.370426],[-6.250126,53.370462],[-6.25013,53.370474],[-6.250141,53.37048],[-6.250383,53.37056],[-6.250426,53.370576],[-6.250474,53.370577],[-6.250504,53.370577],[-6.250542,53.370577]]}},{"type":"Feature","id":"way/145705891","properties":{"osmId":145705891,"attribution":"© OpenStreetMap contributors, ODbL 1.0","highway":"footway"},"geometry":{"type":"LineString","coordinates":[[-6.249581,53.370636],[-6.249336,53.370566],[-6.249146,53.370498],[-6.249081,53.370475],[-6.249026,53.37045],[-6.248953,53.370412],[-6.248906,53.370388],[-6.248843,53.37035],[-6.248749,53.370281],[-6.248647,53.370204],[-6.248563,53.370124],[-6.248474,53.370037],[-6.248417,53.369962],[-6.24841,53.369866],[-6.248432,53.369803],[-6.248482,53.36974],[-6.248543,53.369698],[-6.248634,53.369661],[-6.248718,53.369643],[-6.248814,53.36963],[-6.248925,53.369624],[-6.249045,53.369624],[-6.249262,53.36964],[-6.249458,53.369668],[-6.249655,53.369723],[-6.249763,53.369765],[-6.249871,53.369818],[-6.249954,53.369883],[-6.250027,53.369947],[-6.250067,53.370007],[-6.25007,53.370027],[-6.249889,53.370252]]}},{"type":"Feature","id":"way/145705894","properties":{"osmId":145705894,"attribution":"© OpenStreetMap contributors, ODbL 1.0","highway":"service","access":"permissive"},"geometry":{"type":"LineString","coordinates":[[-6.249889,53.370252],[-6.249768,53.370402],[-6.249581,53.370636],[-6.24939,53.370874],[-6.249346,53.370901],[-6.249298,53.370918],[-6.249174,53.370927],[-6.249066,53.370922],[-6.248991,53.370907],[-6.248908,53.370885],[-6.248827,53.370855],[-6.248741,53.370822],[-6.248624,53.370771],[-6.248558,53.370735],[-6.248494,53.370696],[-6.24836,53.37061],[-6.248298,53.370558],[-6.248234,53.370501],[-6.248207,53.370462],[-6.248183,53.370427],[-6.248159,53.370376],[-6.248156,53.370357],[-6.248151,53.370314],[-6.248151,53.370235],[-6.248156,53.370139],[-6.24816,53.370071],[-6.248146,53.369978],[-6.248084,53.369946],[-6.248064,53.369939],[-6.24801,53.36992]]}},{"type":"Feature","id":"way/145705897","properties":{"osmId":145705897,"attribution":"© OpenStreetMap contributors, ODbL 1.0","highway":"footway"},"geometry":{"type":"LineString","coordinates":[[-6.249889,53.370252],[-6.249819,53.37024],[-6.249748,53.370233],[-6.24968,53.37023],[-6.249615,53.370232],[-6.249554,53.370236],[-6.249497,53.370248],[-6.249442,53.370261],[-6.249386,53.370279],[-6.24924,53.370338],[-6.249168,53.370366],[-6.249101,53.370385],[-6.249023,53.370404],[-6.248953,53.370412]]}},{"type":"Feature","id":"way/145710159","properties":{"osmId":145710159,"attribution":"© OpenStreetMap contributors, ODbL 1.0","highway":"footway","access":"permissive"},"geometry":{"type":"LineString","coordinates":[[-6.247305,53.371633],[-6.247436,53.371628],[-6.247564,53.371631],[-6.248111,53.371636],[-6.248218,53.371639],[-6.2489,53.37166],[-6.24898,53.371665],[-6.249035,53.371678],[-6.249066,53.371712],[-6.249068,53.37175],[-6.249019,53.372022],[-6.249006,53.372064],[-6.248977,53.37209],[-6.248934,53.372101],[-6.248843,53.372099],[-6.248299,53.372064],[-6.247409,53.372007],[-6.247347,53.371994],[-6.247316,53.371982],[-6.247289,53.371964],[-6.247272,53.371947],[-6.247263,53.371928],[-6.247212,53.371849]]}},{"type":"Feature","id":"way/146735712","properties":{"osmId":146735712,"attribution":"© OpenStreetMap contributors, ODbL 1.0","highway":"footway"},"geometry":{"type":"LineString","coordinates":[[-6.255751,53.383677],[-6.255733,53.383694],[-6.25525,53.384158],[-6.255206,53.384203],[-6.255163,53.384282],[-6.255157,53.384342],[-6.255116,53.384403],[-6.255037,53.384472],[-6.254883,53.384565]]}},{"type":"Feature","id":"way/146790558","properties":{"osmId":146790558,"attribution":"© OpenStreetMap contributors, ODbL 1.0","highway":"footway"},"geometry":{"type":"LineString","coordinates":[[-6.255116,53.384403],[-6.255036,53.384379]]}},{"type":"Feature","id":"way/149662540","properties":{"osmId":149662540,"attribution":"© OpenStreetMap contributors, ODbL 1.0","highway":"service"},"geometry":{"type":"LineString","coordinates":[[-6.244148,53.37099],[-6.244399,53.371365],[-6.244436,53.371387],[-6.244484,53.371406],[-6.244667,53.37148],[-6.244698,53.371501],[-6.244722,53.371521],[-6.244793,53.371629],[-6.244797,53.371636],[-6.244827,53.371677]]}},{"type":"Feature","id":"way/152085304","properties":{"osmId":152085304,"attribution":"© OpenStreetMap contributors, ODbL 1.0","highway":"service"},"geometry":{"type":"LineString","coordinates":[[-6.248375,53.367725],[-6.248781,53.367828],[-6.249766,53.368091],[-6.249841,53.368112],[-6.249901,53.368127]]}},{"type":"Feature","id":"way/152096918","properties":{"osmId":152096918,"attribution":"© OpenStreetMap contributors, ODbL 1.0","highway":"service"},"geometry":{"type":"LineString","coordinates":[[-6.248257,53.367927],[-6.248375,53.367725],[-6.248482,53.36754],[-6.248672,53.367173],[-6.248676,53.367126],[-6.24864,53.367087],[-6.247482,53.366757],[-6.247463,53.366724],[-6.247475,53.366685],[-6.24766,53.366436],[-6.24771,53.366412]]}},{"type":"Feature","id":"way/152096919","properties":{"osmId":152096919,"attribution":"© OpenStreetMap contributors, ODbL 1.0","highway":"residential","name":"The Garden House","access":"private"},"geometry":{"type":"LineString","coordinates":[[-6.248158,53.366576],[-6.248075,53.366544],[-6.247773,53.366433],[-6.24771,53.366412]]}},{"type":"Feature","id":"way/152512336","properties":{"osmId":152512336,"attribution":"© OpenStreetMap contributors, ODbL 1.0","highway":"service"},"geometry":{"type":"LineString","coordinates":[[-6.247792,53.366276],[-6.247643,53.366239],[-6.247629,53.366235],[-6.247394,53.366176]]}},{"type":"Feature","id":"way/152518046","properties":{"osmId":152518046,"attribution":"© OpenStreetMap contributors, ODbL 1.0","highway":"service"},"geometry":{"type":"LineString","coordinates":[[-6.246129,53.366473],[-6.246484,53.365953],[-6.246605,53.365911],[-6.24677,53.365924],[-6.247008,53.365976],[-6.247054,53.366016],[-6.247149,53.366036]]}},{"type":"Feature","id":"way/153094617","properties":{"osmId":153094617,"attribution":"© OpenStreetMap contributors, ODbL 1.0","highway":"service"},"geometry":{"type":"LineString","coordinates":[[-6.24421,53.366975],[-6.244304,53.36698],[-6.244394,53.36697],[-6.244475,53.366945],[-6.244541,53.366903],[-6.244599,53.366823],[-6.244606,53.366803],[-6.244629,53.366724],[-6.24464,53.366703],[-6.244715,53.366595],[-6.244719,53.366587],[-6.244713,53.366549],[-6.244716,53.366537],[-6.245388,53.365593],[-6.245399,53.365577],[-6.245404,53.365559],[-6.245402,53.365544],[-6.24539,53.365529],[-6.245176,53.365442],[-6.245156,53.365429],[-6.245142,53.365413],[-6.245145,53.365394],[-6.245158,53.365373],[-6.245698,53.364875],[-6.24578,53.364824],[-6.245834,53.36479]]}},{"type":"Feature","id":"way/154790134","properties":{"osmId":154790134,"attribution":"© OpenStreetMap contributors, ODbL 1.0","highway":"footway"},"geometry":{"type":"LineString","coordinates":[[-6.248582,53.366698],[-6.248662,53.366564],[-6.248712,53.366539],[-6.248743,53.366494],[-6.248801,53.366397],[-6.248811,53.366379]]}},{"type":"Feature","id":"way/157401878","properties":{"osmId":157401878,"attribution":"© OpenStreetMap contributors, ODbL 1.0","highway":"pedestrian","foot":"permissive"},"geometry":{"type":"LineString","coordinates":[[-6.257221,53.38496],[-6.257384,53.385024]]}},{"type":"Feature","id":"way/157401885","properties":{"osmId":157401885,"attribution":"© OpenStreetMap contributors, ODbL 1.0","highway":"pedestrian","foot":"permissive"},"geometry":{"type":"LineString","coordinates":[[-6.253776,53.384248],[-6.254091,53.384371],[-6.254815,53.384635],[-6.254883,53.384565],[-6.255145,53.384662],[-6.255223,53.38469],[-6.255592,53.384827],[-6.256171,53.385041],[-6.256531,53.385175],[-6.257042,53.385369],[-6.257227,53.385432],[-6.257758,53.385628],[-6.257812,53.38565],[-6.25821,53.385788],[-6.2584,53.385858],[-6.258628,53.385939]]}},{"type":"Feature","id":"way/157402370","properties":{"osmId":157402370,"attribution":"© OpenStreetMap contributors, ODbL 1.0","highway":"footway"},"geometry":{"type":"LineString","coordinates":[[-6.256693,53.385721],[-6.257142,53.385887],[-6.257183,53.385902],[-6.257664,53.386079],[-6.25775,53.386111],[-6.257964,53.38619],[-6.258152,53.386017]]}},{"type":"Feature","id":"way/157402372","properties":{"osmId":157402372,"attribution":"© OpenStreetMap contributors, ODbL 1.0","highway":"footway"},"geometry":{"type":"LineString","coordinates":[[-6.256858,53.385558],[-6.257639,53.385835],[-6.257688,53.385852],[-6.258054,53.385983],[-6.258152,53.386017],[-6.258537,53.386148]]}},{"type":"Feature","id":"way/157402375","properties":{"osmId":157402375,"attribution":"© OpenStreetMap contributors, ODbL 1.0","highway":"footway"},"geometry":{"type":"LineString","coordinates":[[-6.257964,53.38619],[-6.257968,53.386212],[-6.257975,53.38624],[-6.257984,53.386253],[-6.258021,53.386286],[-6.258052,53.386305],[-6.258093,53.386322],[-6.258133,53.386332],[-6.258199,53.386337],[-6.258234,53.38638],[-6.258437,53.386604]]}},{"type":"Feature","id":"way/157405146","properties":{"osmId":157405146,"attribution":"© OpenStreetMap contributors, ODbL 1.0","highway":"pedestrian","foot":"permissive"},"geometry":{"type":"LineString","coordinates":[[-6.256531,53.385175],[-6.25688,53.384839],[-6.257221,53.38496]]}},{"type":"Feature","id":"way/157474327","properties":{"osmId":157474327,"attribution":"© OpenStreetMap contributors, ODbL 1.0","highway":"service"},"geometry":{"type":"LineString","coordinates":[[-6.256545,53.367977],[-6.256184,53.368115],[-6.256137,53.368156],[-6.255828,53.368649]]}},{"type":"Feature","id":"way/157474328","properties":{"osmId":157474328,"attribution":"© OpenStreetMap contributors, ODbL 1.0","highway":"footway"},"geometry":{"type":"LineString","coordinates":[[-6.256979,53.369396],[-6.258228,53.369671]]}},{"type":"Feature","id":"way/157474329","properties":{"osmId":157474329,"attribution":"© OpenStreetMap contributors, ODbL 1.0","highway":"service"},"geometry":{"type":"LineString","coordinates":[[-6.256932,53.368489],[-6.256728,53.368834]]}},{"type":"Feature","id":"way/157474330","properties":{"osmId":157474330,"attribution":"© OpenStreetMap contributors, ODbL 1.0","highway":"footway"},"geometry":{"type":"LineString","coordinates":[[-6.256912,53.369494],[-6.256924,53.369477],[-6.256979,53.369396],[-6.257087,53.369223]]}},{"type":"Feature","id":"way/157474331","properties":{"osmId":157474331,"attribution":"© OpenStreetMap contributors, ODbL 1.0","highway":"service"},"geometry":{"type":"LineString","coordinates":[[-6.258228,53.369671],[-6.258332,53.369503],[-6.258341,53.369488],[-6.258367,53.369449]]}},{"type":"Feature","id":"way/157475007","properties":{"osmId":157475007,"attribution":"© OpenStreetMap contributors, ODbL 1.0","highway":"service"},"geometry":{"type":"LineString","coordinates":[[-6.257833,53.368828],[-6.257717,53.369032]]}},{"type":"Feature","id":"way/157475008","properties":{"osmId":157475008,"attribution":"© OpenStreetMap contributors, ODbL 1.0","highway":"service","access":"private"},"geometry":{"type":"LineString","coordinates":[[-6.254753,53.372569],[-6.254549,53.372533],[-6.254122,53.372349],[-6.253104,53.372013],[-6.253083,53.372006],[-6.252999,53.371978]]}},{"type":"Feature","id":"way/158353728","properties":{"osmId":158353728,"attribution":"© OpenStreetMap contributors, ODbL 1.0","highway":"service","access":"permissive"},"geometry":{"type":"LineString","coordinates":[[-6.253884,53.375238],[-6.253827,53.375226],[-6.253809,53.375223],[-6.253717,53.375206],[-6.253698,53.375233],[-6.253652,53.375291],[-6.253558,53.375307],[-6.253443,53.375281],[-6.253298,53.375193],[-6.253275,53.375179],[-6.25316,53.375238]]}},{"type":"Feature","id":"way/158353730","properties":{"osmId":158353730,"attribution":"© OpenStreetMap contributors, ODbL 1.0","highway":"footway","foot":"yes"},"geometry":{"type":"LineString","coordinates":[[-6.253972,53.37509],[-6.253888,53.375077],[-6.25341,53.374998],[-6.253345,53.375089],[-6.253275,53.375179]]}},{"type":"Feature","id":"way/158353734","properties":{"osmId":158353734,"attribution":"© OpenStreetMap contributors, ODbL 1.0","highway":"service","access":"permissive"},"geometry":{"type":"LineString","coordinates":[[-6.252976,53.375017],[-6.253275,53.375179]]}},{"type":"Feature","id":"way/158358953","properties":{"osmId":158358953,"attribution":"© OpenStreetMap contributors, ODbL 1.0","highway":"service","name":"Clonmore Court","access":"private"},"geometry":{"type":"LineString","coordinates":[[-6.26744,53.378263],[-6.267388,53.378238],[-6.267298,53.378195],[-6.267324,53.37817],[-6.267126,53.378075],[-6.267021,53.378058],[-6.266899,53.378039],[-6.266788,53.377985],[-6.266731,53.377923],[-6.266684,53.377861],[-6.266668,53.377813],[-6.26692,53.377695]]}},{"type":"Feature","id":"way/158358954","properties":{"osmId":158358954,"attribution":"© OpenStreetMap contributors, ODbL 1.0","highway":"service","name":"Clonmore Court","access":"private"},"geometry":{"type":"LineString","coordinates":[[-6.266813,53.37831],[-6.26705,53.378384],[-6.267298,53.378195]]}},{"type":"Feature","id":"way/159662786","properties":{"osmId":159662786,"attribution":"© OpenStreetMap contributors, ODbL 1.0","highway":"service"},"geometry":{"type":"LineString","coordinates":[[-6.252672,53.372413],[-6.252523,53.372374],[-6.252142,53.372275],[-6.252496,53.371761],[-6.252886,53.371862],[-6.253062,53.371903]]}},{"type":"Feature","id":"way/164046442","properties":{"osmId":164046442,"attribution":"© OpenStreetMap contributors, ODbL 1.0","highway":"secondary","name":"Collins Avenue West"},"geometry":{"type":"LineString","coordinates":[[-6.250538,53.384705],[-6.250113,53.384551],[-6.250071,53.384536],[-6.250032,53.384522],[-6.249881,53.384467]]}},{"type":"Feature","id":"way/228825095","properties":{"osmId":228825095,"attribution":"© OpenStreetMap contributors, ODbL 1.0","highway":"footway"},"geometry":{"type":"LineString","coordinates":[[-6.247132,53.38723],[-6.247213,53.386693],[-6.247287,53.386602],[-6.247234,53.386561]]}},{"type":"Feature","id":"way/230225848","properties":{"osmId":230225848,"attribution":"© OpenStreetMap contributors, ODbL 1.0","highway":"service"},"geometry":{"type":"LineString","coordinates":[[-6.245642,53.388433],[-6.245711,53.388416],[-6.2458,53.388393],[-6.245841,53.388383],[-6.246014,53.388349],[-6.246216,53.388332],[-6.246385,53.388335],[-6.246472,53.388337],[-6.246591,53.388348],[-6.246708,53.388359],[-6.246882,53.388401]]}},{"type":"Feature","id":"way/231766479","properties":{"osmId":231766479,"attribution":"© OpenStreetMap contributors, ODbL 1.0","highway":"service","access":"private"},"geometry":{"type":"LineString","coordinates":[[-6.26696,53.36758],[-6.266799,53.367556]]}},{"type":"Feature","id":"way/239090174","properties":{"osmId":239090174,"attribution":"© OpenStreetMap contributors, ODbL 1.0","highway":"service"},"geometry":{"type":"LineString","coordinates":[[-6.24616,53.378838],[-6.246014,53.378841],[-6.245836,53.378849],[-6.245806,53.378851],[-6.245754,53.378856],[-6.245584,53.378894],[-6.245533,53.378915],[-6.245441,53.378877],[-6.245107,53.37874],[-6.244949,53.378649],[-6.244919,53.378574],[-6.245016,53.37848],[-6.245314,53.378403],[-6.245692,53.378368],[-6.246317,53.378516],[-6.246188,53.378774],[-6.24616,53.378838]]}},{"type":"Feature","id":"way/244638037","properties":{"osmId":244638037,"attribution":"© OpenStreetMap contributors, ODbL 1.0","highway":"service"},"geometry":{"type":"LineString","coordinates":[[-6.246317,53.378516],[-6.246491,53.378556],[-6.246652,53.378594],[-6.246738,53.378616],[-6.246786,53.378636],[-6.24688,53.378668],[-6.246949,53.378661],[-6.247008,53.378624],[-6.247081,53.378525],[-6.247151,53.378434],[-6.247102,53.378413],[-6.246939,53.378362],[-6.24687,53.378318],[-6.246822,53.378216],[-6.24673,53.378173],[-6.246644,53.378127],[-6.24641,53.37805],[-6.246064,53.377968],[-6.245922,53.37792],[-6.245777,53.377842],[-6.245632,53.377749],[-6.245458,53.377704],[-6.245324,53.377647]]}},{"type":"Feature","id":"way/244638038","properties":{"osmId":244638038,"attribution":"© OpenStreetMap contributors, ODbL 1.0","highway":"service"},"geometry":{"type":"LineString","coordinates":[[-6.245603,53.379477],[-6.245692,53.379393],[-6.245918,53.37947],[-6.246037,53.379475],[-6.246122,53.379438],[-6.246169,53.379384],[-6.246244,53.3793],[-6.246363,53.379156],[-6.246411,53.37917],[-6.246485,53.379194],[-6.24654,53.379217]]}},{"type":"Feature","id":"way/244638040","properties":{"osmId":244638040,"attribution":"© OpenStreetMap contributors, ODbL 1.0","highway":"service"},"geometry":{"type":"LineString","coordinates":[[-6.245433,53.379359],[-6.245339,53.379388],[-6.245061,53.379287],[-6.244822,53.379212],[-6.244447,53.379088],[-6.244181,53.379017],[-6.244017,53.37896],[-6.243787,53.378871],[-6.24369,53.378837],[-6.243615,53.37876],[-6.243648,53.378648],[-6.243736,53.378549],[-6.243865,53.378436],[-6.24398,53.378325],[-6.244058,53.378231],[-6.244273,53.37798],[-6.244356,53.377832],[-6.244468,53.377668],[-6.244538,53.377583],[-6.244753,53.377528],[-6.244938,53.377528],[-6.245144,53.377581],[-6.245324,53.377647]]}},{"type":"Feature","id":"way/244638041","properties":{"osmId":244638041,"attribution":"© OpenStreetMap contributors, ODbL 1.0","highway":"service"},"geometry":{"type":"LineString","coordinates":[[-6.245533,53.378915],[-6.245527,53.378957],[-6.24554,53.378984],[-6.245571,53.379057],[-6.245564,53.379128],[-6.245534,53.379184],[-6.245521,53.379208],[-6.245465,53.379297],[-6.245433,53.379359]]}},{"type":"Feature","id":"way/244638042","properties":{"osmId":244638042,"attribution":"© OpenStreetMap contributors, ODbL 1.0","highway":"service"},"geometry":{"type":"LineString","coordinates":[[-6.244242,53.378928],[-6.244206,53.378898],[-6.244141,53.378877],[-6.244069,53.378906],[-6.244017,53.37896]]}},{"type":"Feature","id":"way/258513422","properties":{"osmId":258513422,"attribution":"© OpenStreetMap contributors, ODbL 1.0","highway":"residential","name":"Achill Road"},"geometry":{"type":"LineString","coordinates":[[-6.253847,53.3753],[-6.253884,53.375238],[-6.253972,53.37509],[-6.254068,53.374927],[-6.254413,53.374344],[-6.254588,53.374048],[-6.254594,53.374038],[-6.254624,53.373987]]}},{"type":"Feature","id":"way/264032353","properties":{"osmId":264032353,"attribution":"© OpenStreetMap contributors, ODbL 1.0","highway":"footway"},"geometry":{"type":"LineString","coordinates":[[-6.258404,53.383876],[-6.258423,53.383887],[-6.258399,53.383951],[-6.258386,53.384021],[-6.258403,53.384088],[-6.25843,53.384108]]}},{"type":"Feature","id":"way/264032354","properties":{"osmId":264032354,"attribution":"© OpenStreetMap contributors, ODbL 1.0","highway":"footway"},"geometry":{"type":"LineString","coordinates":[[-6.258418,53.38413],[-6.258411,53.384124],[-6.2584,53.384119],[-6.258362,53.384107],[-6.258307,53.384105],[-6.258278,53.384107],[-6.258267,53.38411],[-6.25825,53.384115],[-6.258231,53.384122],[-6.258205,53.384135],[-6.258176,53.38416],[-6.257862,53.384471],[-6.257789,53.384443]]}},{"type":"Feature","id":"way/264032355","properties":{"osmId":264032355,"attribution":"© OpenStreetMap contributors, ODbL 1.0","highway":"footway"},"geometry":{"type":"LineString","coordinates":[[-6.257251,53.384003],[-6.257463,53.384084],[-6.257675,53.384166],[-6.257808,53.384043],[-6.257937,53.383924],[-6.257712,53.383837],[-6.257513,53.38376],[-6.257383,53.38388],[-6.257251,53.384003]]}},{"type":"Feature","id":"way/264032356","properties":{"osmId":264032356,"attribution":"© OpenStreetMap contributors, ODbL 1.0","highway":"footway"},"geometry":{"type":"LineString","coordinates":[[-6.256645,53.384592],[-6.25681,53.38457],[-6.256939,53.384618],[-6.257058,53.384657],[-6.257105,53.38476]]}},{"type":"Feature","id":"way/264032357","properties":{"osmId":264032357,"attribution":"© OpenStreetMap contributors, ODbL 1.0","highway":"footway"},"geometry":{"type":"LineString","coordinates":[[-6.257058,53.384657],[-6.257129,53.384583],[-6.257211,53.384508],[-6.257381,53.384493]]}},{"type":"Feature","id":"way/264032358","properties":{"osmId":264032358,"attribution":"© OpenStreetMap contributors, ODbL 1.0","highway":"footway"},"geometry":{"type":"LineString","coordinates":[[-6.257211,53.384508],[-6.257086,53.384461],[-6.256959,53.38442],[-6.256933,53.384321]]}},{"type":"Feature","id":"way/264032359","properties":{"osmId":264032359,"attribution":"© OpenStreetMap contributors, ODbL 1.0","highway":"footway"},"geometry":{"type":"LineString","coordinates":[[-6.256959,53.38442],[-6.256884,53.384499],[-6.25681,53.38457]]}},{"type":"Feature","id":"way/264032360","properties":{"osmId":264032360,"attribution":"© OpenStreetMap contributors, ODbL 1.0","highway":"service","foot":"permissive"},"geometry":{"type":"LineString","coordinates":[[-6.257463,53.384084],[-6.257429,53.384126]]}},{"type":"Feature","id":"way/264032361","properties":{"osmId":264032361,"attribution":"© OpenStreetMap contributors, ODbL 1.0","highway":"service","foot":"permissive"},"geometry":{"type":"LineString","coordinates":[[-6.257429,53.384126],[-6.25735,53.384207]]}},{"type":"Feature","id":"way/264032362","properties":{"osmId":264032362,"attribution":"© OpenStreetMap contributors, ODbL 1.0","highway":"service","foot":"permissive"},"geometry":{"type":"LineString","coordinates":[[-6.25735,53.384207],[-6.25731,53.384249]]}},{"type":"Feature","id":"way/264032363","properties":{"osmId":264032363,"attribution":"© OpenStreetMap contributors, ODbL 1.0","highway":"footway"},"geometry":{"type":"LineString","coordinates":[[-6.25731,53.384249],[-6.25722,53.384316]]}},{"type":"Feature","id":"way/264032364","properties":{"osmId":264032364,"attribution":"© OpenStreetMap contributors, ODbL 1.0","highway":"footway"},"geometry":{"type":"LineString","coordinates":[[-6.25722,53.384316],[-6.257143,53.384398]]}},{"type":"Feature","id":"way/264032365","properties":{"osmId":264032365,"attribution":"© OpenStreetMap contributors, ODbL 1.0","highway":"footway"},"geometry":{"type":"LineString","coordinates":[[-6.257143,53.384398],[-6.257086,53.384461],[-6.257009,53.384543],[-6.256939,53.384618],[-6.256853,53.38467]]}},{"type":"Feature","id":"way/264032366","properties":{"osmId":264032366,"attribution":"© OpenStreetMap contributors, ODbL 1.0","highway":"footway"},"geometry":{"type":"LineString","coordinates":[[-6.256884,53.384499],[-6.257009,53.384543],[-6.257129,53.384583]]}},{"type":"Feature","id":"way/264032367","properties":{"osmId":264032367,"attribution":"© OpenStreetMap contributors, ODbL 1.0","highway":"pedestrian","foot":"permissive"},"geometry":{"type":"LineString","coordinates":[[-6.25688,53.384839],[-6.256786,53.384803],[-6.256739,53.384785],[-6.256288,53.384617]]}},{"type":"Feature","id":"way/264032368","properties":{"osmId":264032368,"attribution":"© OpenStreetMap contributors, ODbL 1.0","highway":"footway"},"geometry":{"type":"LineString","coordinates":[[-6.256853,53.38467],[-6.256847,53.384676],[-6.256793,53.384732],[-6.256785,53.38474],[-6.256776,53.38475]]}},{"type":"Feature","id":"way/264032370","properties":{"osmId":264032370,"attribution":"© OpenStreetMap contributors, ODbL 1.0","highway":"footway"},"geometry":{"type":"LineString","coordinates":[[-6.25821,53.386723],[-6.258175,53.386771],[-6.258049,53.386877],[-6.257953,53.386969],[-6.257849,53.387036],[-6.257676,53.387093],[-6.257583,53.387194]]}},{"type":"Feature","id":"way/265499429","properties":{"osmId":265499429,"attribution":"© OpenStreetMap contributors, ODbL 1.0","highway":"service"},"geometry":{"type":"LineString","coordinates":[[-6.246808,53.389364],[-6.246733,53.389272],[-6.246674,53.388965],[-6.246564,53.388654],[-6.246588,53.388596],[-6.246882,53.388401]]}},{"type":"Feature","id":"way/265499434","properties":{"osmId":265499434,"attribution":"© OpenStreetMap contributors, ODbL 1.0","highway":"service"},"geometry":{"type":"LineString","coordinates":[[-6.245575,53.390417],[-6.245553,53.390239],[-6.245455,53.389768],[-6.2454,53.38957],[-6.24554,53.38941],[-6.245593,53.389378],[-6.245708,53.389361],[-6.245926,53.38938],[-6.245989,53.389376],[-6.246076,53.389372]]}},{"type":"Feature","id":"way/265499435","properties":{"osmId":265499435,"attribution":"© OpenStreetMap contributors, ODbL 1.0","highway":"service"},"geometry":{"type":"LineString","coordinates":[[-6.244075,53.389355],[-6.24408,53.389714],[-6.244118,53.389735],[-6.244805,53.389803]]}},{"type":"Feature","id":"way/265499441","properties":{"osmId":265499441,"attribution":"© OpenStreetMap contributors, ODbL 1.0","highway":"service"},"geometry":{"type":"LineString","coordinates":[[-6.244825,53.389868],[-6.245057,53.389826],[-6.245455,53.389768]]}},{"type":"Feature","id":"way/265499443","properties":{"osmId":265499443,"attribution":"© OpenStreetMap contributors, ODbL 1.0","highway":"service"},"geometry":{"type":"LineString","coordinates":[[-6.248195,53.38921],[-6.249765,53.389113],[-6.249851,53.389117],[-6.249885,53.389127],[-6.249906,53.38915],[-6.249975,53.389509],[-6.249979,53.389556]]}},{"type":"Feature","id":"way/265525746","properties":{"osmId":265525746,"attribution":"© OpenStreetMap contributors, ODbL 1.0","highway":"footway"},"geometry":{"type":"LineString","coordinates":[[-6.262703,53.368896],[-6.262679,53.36892],[-6.262647,53.368938]]}},{"type":"Feature","id":"way/265525748","properties":{"osmId":265525748,"attribution":"© OpenStreetMap contributors, ODbL 1.0","highway":"steps","access":"yes"},"geometry":{"type":"LineString","coordinates":[[-6.262355,53.369086],[-6.262517,53.369008],[-6.262647,53.368938]]}},{"type":"Feature","id":"way/265528073","properties":{"osmId":265528073,"attribution":"© OpenStreetMap contributors, ODbL 1.0","highway":"service"},"geometry":{"type":"LineString","coordinates":[[-6.254569,53.36737],[-6.254948,53.367395]]}},{"type":"Feature","id":"way/266357826","properties":{"osmId":266357826,"attribution":"© OpenStreetMap contributors, ODbL 1.0","highway":"footway"},"geometry":{"type":"LineString","coordinates":[[-6.260046,53.385722],[-6.259999,53.385728],[-6.259907,53.38572],[-6.259819,53.385808],[-6.259704,53.385821],[-6.259595,53.385834],[-6.259572,53.385837]]}},{"type":"Feature","id":"way/266357835","properties":{"osmId":266357835,"attribution":"© OpenStreetMap contributors, ODbL 1.0","highway":"footway"},"geometry":{"type":"LineString","coordinates":[[-6.259837,53.385589],[-6.259839,53.385543],[-6.259883,53.385424],[-6.259917,53.38541],[-6.259947,53.385348],[-6.26004,53.385276],[-6.26007,53.385246],[-6.260092,53.385116],[-6.260209,53.38506],[-6.26023,53.384889]]}},{"type":"Feature","id":"way/266357836","properties":{"osmId":266357836,"attribution":"© OpenStreetMap contributors, ODbL 1.0","highway":"footway"},"geometry":{"type":"LineString","coordinates":[[-6.26007,53.385246],[-6.2606,53.385276]]}},{"type":"Feature","id":"way/266357842","properties":{"osmId":266357842,"attribution":"© OpenStreetMap contributors, ODbL 1.0","highway":"footway"},"geometry":{"type":"LineString","coordinates":[[-6.260881,53.386164],[-6.260926,53.386137],[-6.260966,53.38611],[-6.261259,53.386124],[-6.261342,53.386073],[-6.261427,53.386047]]}},{"type":"Feature","id":"way/266357844","properties":{"osmId":266357844,"attribution":"© OpenStreetMap contributors, ODbL 1.0","highway":"footway"},"geometry":{"type":"LineString","coordinates":[[-6.261629,53.3857],[-6.261738,53.385698],[-6.261827,53.38572],[-6.261851,53.385769],[-6.261915,53.385767],[-6.261962,53.385825]]}},{"type":"Feature","id":"way/266357849","properties":{"osmId":266357849,"attribution":"© OpenStreetMap contributors, ODbL 1.0","highway":"footway"},"geometry":{"type":"LineString","coordinates":[[-6.255022,53.385477],[-6.254825,53.385409],[-6.254773,53.385302],[-6.254505,53.38513],[-6.254078,53.384967],[-6.253952,53.384955],[-6.253855,53.384919],[-6.253786,53.384813],[-6.25359,53.384671],[-6.253733,53.384562]]}},{"type":"Feature","id":"way/266458715","properties":{"osmId":266458715,"attribution":"© OpenStreetMap contributors, ODbL 1.0","highway":"service","access":"permissive"},"geometry":{"type":"LineString","coordinates":[[-6.267018,53.389588],[-6.266978,53.38966],[-6.266671,53.390255],[-6.266428,53.39024]]}},{"type":"Feature","id":"way/266458737","properties":{"osmId":266458737,"attribution":"© OpenStreetMap contributors, ODbL 1.0","highway":"footway"},"geometry":{"type":"LineString","coordinates":[[-6.260596,53.385306],[-6.260883,53.385324],[-6.261267,53.385347],[-6.261302,53.385326],[-6.261479,53.385334],[-6.261469,53.385382],[-6.261594,53.38539],[-6.261677,53.385395]]}},{"type":"Feature","id":"way/266458739","properties":{"osmId":266458739,"attribution":"© OpenStreetMap contributors, ODbL 1.0","highway":"footway"},"geometry":{"type":"LineString","coordinates":[[-6.260791,53.386132],[-6.260763,53.386148],[-6.260733,53.386177],[-6.260717,53.386193],[-6.26044,53.386467],[-6.260312,53.386424]]}},{"type":"Feature","id":"way/266458740","properties":{"osmId":266458740,"attribution":"© OpenStreetMap contributors, ODbL 1.0","highway":"footway"},"geometry":{"type":"LineString","coordinates":[[-6.26044,53.386467],[-6.260372,53.386537],[-6.260296,53.386611]]}},{"type":"Feature","id":"way/266458742","properties":{"osmId":266458742,"attribution":"© OpenStreetMap contributors, ODbL 1.0","highway":"footway"},"geometry":{"type":"LineString","coordinates":[[-6.260372,53.386537],[-6.260462,53.386568],[-6.260601,53.386615],[-6.260632,53.386627]]}},{"type":"Feature","id":"way/266458743","properties":{"osmId":266458743,"attribution":"© OpenStreetMap contributors, ODbL 1.0","highway":"footway"},"geometry":{"type":"LineString","coordinates":[[-6.260506,53.386102],[-6.259756,53.385839]]}},{"type":"Feature","id":"way/266458745","properties":{"osmId":266458745,"attribution":"© OpenStreetMap contributors, ODbL 1.0","highway":"footway"},"geometry":{"type":"LineString","coordinates":[[-6.2566,53.385461],[-6.25617,53.385301],[-6.25606,53.385259]]}},{"type":"Feature","id":"way/266656277","properties":{"osmId":266656277,"attribution":"© OpenStreetMap contributors, ODbL 1.0","highway":"service","name":"Shanowen House"},"geometry":{"type":"LineString","coordinates":[[-6.25455,53.38882],[-6.254536,53.388774],[-6.254547,53.388753],[-6.254546,53.388697],[-6.254524,53.388119]]}},{"type":"Feature","id":"way/266656278","properties":{"osmId":266656278,"attribution":"© OpenStreetMap contributors, ODbL 1.0","highway":"service","name":"Shanowen House"},"geometry":{"type":"LineString","coordinates":[[-6.254524,53.388119],[-6.255254,53.388103]]}},{"type":"Feature","id":"way/266656280","properties":{"osmId":266656280,"attribution":"© OpenStreetMap contributors, ODbL 1.0","highway":"service"},"geometry":{"type":"LineString","coordinates":[[-6.254546,53.388697],[-6.255506,53.388704]]}},{"type":"Feature","id":"way/266656281","properties":{"osmId":266656281,"attribution":"© OpenStreetMap contributors, ODbL 1.0","highway":"service","name":"Shanowen Business Centre","access":"private"},"geometry":{"type":"LineString","coordinates":[[-6.254546,53.388697],[-6.253875,53.388717],[-6.253883,53.388773],[-6.253874,53.388796],[-6.253895,53.388853]]}},{"type":"Feature","id":"way/266656301","properties":{"osmId":266656301,"attribution":"© OpenStreetMap contributors, ODbL 1.0","highway":"service","name":"Shanowen Square"},"geometry":{"type":"LineString","coordinates":[[-6.257063,53.389026],[-6.257066,53.388978],[-6.25712,53.388831]]}},{"type":"Feature","id":"way/266656302","properties":{"osmId":266656302,"attribution":"© OpenStreetMap contributors, ODbL 1.0","highway":"service"},"geometry":{"type":"LineString","coordinates":[[-6.256189,53.388897],[-6.256177,53.388848],[-6.25619,53.388663]]}},{"type":"Feature","id":"way/266745741","properties":{"osmId":266745741,"attribution":"© OpenStreetMap contributors, ODbL 1.0","highway":"secondary_link","name":"Swords Road","foot":"yes"},"geometry":{"type":"LineString","coordinates":[[-6.243631,53.382149],[-6.244116,53.38222],[-6.244233,53.38223],[-6.244257,53.382228],[-6.244319,53.382221],[-6.24441,53.382198],[-6.244722,53.382027]]}},{"type":"Feature","id":"way/266745744","properties":{"osmId":266745744,"attribution":"© OpenStreetMap contributors, ODbL 1.0","highway":"footway"},"geometry":{"type":"LineString","coordinates":[[-6.244153,53.382437],[-6.244222,53.382363],[-6.24431,53.382287]]}},{"type":"Feature","id":"way/266745745","properties":{"osmId":266745745,"attribution":"© OpenStreetMap contributors, ODbL 1.0","highway":"footway"},"geometry":{"type":"LineString","coordinates":[[-6.244377,53.382272],[-6.244536,53.382301],[-6.244532,53.382337],[-6.244716,53.382377]]}},{"type":"Feature","id":"way/266745747","properties":{"osmId":266745747,"attribution":"© OpenStreetMap contributors, ODbL 1.0","highway":"footway"},"geometry":{"type":"LineString","coordinates":[[-6.250104,53.384501],[-6.250071,53.384536],[-6.250024,53.384586]]}},{"type":"Feature","id":"way/266745748","properties":{"osmId":266745748,"attribution":"© OpenStreetMap contributors, ODbL 1.0","highway":"footway"},"geometry":{"type":"LineString","coordinates":[[-6.254968,53.386255],[-6.254894,53.386323],[-6.254817,53.386396]]}},{"type":"Feature","id":"way/266745749","properties":{"osmId":266745749,"attribution":"© OpenStreetMap contributors, ODbL 1.0","highway":"footway"},"geometry":{"type":"LineString","coordinates":[[-6.26036,53.388145],[-6.260463,53.388166],[-6.260556,53.388185]]}},{"type":"Feature","id":"way/266745750","properties":{"osmId":266745750,"attribution":"© OpenStreetMap contributors, ODbL 1.0","highway":"footway"},"geometry":{"type":"LineString","coordinates":[[-6.258261,53.387666],[-6.258326,53.387608],[-6.258363,53.387577]]}},{"type":"Feature","id":"way/266936062","properties":{"osmId":266936062,"attribution":"© OpenStreetMap contributors, ODbL 1.0","highway":"footway"},"geometry":{"type":"LineString","coordinates":[[-6.260046,53.385722],[-6.26004,53.385769],[-6.260069,53.385803],[-6.260084,53.385827],[-6.260098,53.385864],[-6.260191,53.38593],[-6.260274,53.385989],[-6.260485,53.386064],[-6.260791,53.386132],[-6.260881,53.386164],[-6.260916,53.386179],[-6.260946,53.386229]]}},{"type":"Feature","id":"way/270453202","properties":{"osmId":270453202,"attribution":"© OpenStreetMap contributors, ODbL 1.0","highway":"footway"},"geometry":{"type":"LineString","coordinates":[[-6.244721,53.382535],[-6.244713,53.382541],[-6.244706,53.382546],[-6.244674,53.382535]]}},{"type":"Feature","id":"way/270845411","properties":{"osmId":270845411,"attribution":"© OpenStreetMap contributors, ODbL 1.0","highway":"service"},"geometry":{"type":"LineString","coordinates":[[-6.244984,53.376241],[-6.245004,53.376073]]}},{"type":"Feature","id":"way/271031601","properties":{"osmId":271031601,"attribution":"© OpenStreetMap contributors, ODbL 1.0","highway":"unclassified","name":"Bonnington"},"geometry":{"type":"LineString","coordinates":[[-6.247519,53.377507],[-6.24748,53.377497],[-6.247432,53.377484],[-6.247268,53.37744],[-6.24688,53.37735],[-6.246605,53.377285],[-6.245943,53.377131],[-6.245491,53.377022],[-6.245155,53.376941],[-6.245067,53.376917],[-6.244997,53.376896],[-6.244944,53.376837]]}},{"type":"Feature","id":"way/272543716","properties":{"osmId":272543716,"attribution":"© OpenStreetMap contributors, ODbL 1.0","highway":"residential","name":"Collins Avenue"},"geometry":{"type":"LineString","coordinates":[[-6.245112,53.382686],[-6.245142,53.382636],[-6.244922,53.382227]]}},{"type":"Feature","id":"way/275742842","properties":{"osmId":275742842,"attribution":"© OpenStreetMap contributors, ODbL 1.0","highway":"residential","name":"Hampstead Avenue"},"geometry":{"type":"LineString","coordinates":[[-6.262305,53.381312],[-6.262713,53.381251],[-6.263114,53.38119],[-6.263266,53.381185],[-6.263415,53.381187],[-6.263563,53.381201],[-6.263706,53.381229],[-6.263837,53.381261],[-6.264474,53.381481],[-6.264862,53.381609],[-6.265158,53.381692],[-6.265298,53.381724],[-6.265368,53.381733],[-6.265441,53.381737],[-6.265504,53.381738],[-6.265523,53.381737],[-6.265555,53.381735],[-6.265587,53.381733]]}},{"type":"Feature","id":"way/275742843","properties":{"osmId":275742843,"attribution":"© OpenStreetMap contributors, ODbL 1.0","highway":"residential","name":"Hampstead Avenue"},"geometry":{"type":"LineString","coordinates":[[-6.261429,53.38187],[-6.261708,53.381681],[-6.261982,53.381463],[-6.26219,53.381355],[-6.262305,53.381312]]}},{"type":"Feature","id":"way/282593913","properties":{"osmId":282593913,"attribution":"© OpenStreetMap contributors, ODbL 1.0","highway":"service","access":"private"},"geometry":{"type":"LineString","coordinates":[[-6.266982,53.367522],[-6.26696,53.36758],[-6.26683,53.36798],[-6.269541,53.368368],[-6.269716,53.368355],[-6.269916,53.367878],[-6.269696,53.367848]]}},{"type":"Feature","id":"way/282593916","properties":{"osmId":282593916,"attribution":"© OpenStreetMap contributors, ODbL 1.0","highway":"service","access":"private"},"geometry":{"type":"LineString","coordinates":[[-6.269556,53.367838],[-6.269377,53.367804],[-6.269388,53.367735],[-6.269173,53.367674],[-6.267474,53.367399],[-6.267399,53.367405],[-6.267333,53.367413],[-6.267088,53.367367],[-6.267019,53.367376],[-6.266982,53.367522],[-6.267627,53.36763]]}},{"type":"Feature","id":"way/288774354","properties":{"osmId":288774354,"attribution":"© OpenStreetMap contributors, ODbL 1.0","highway":"footway"},"geometry":{"type":"LineString","coordinates":[[-6.259053,53.370079],[-6.259241,53.370132],[-6.259274,53.370131],[-6.259297,53.370126],[-6.25931,53.37012],[-6.259327,53.370107],[-6.259348,53.369992],[-6.259343,53.369912],[-6.259335,53.369874],[-6.259323,53.369853],[-6.259304,53.369838],[-6.25927,53.36982],[-6.258967,53.369704],[-6.258895,53.369677],[-6.258819,53.369651],[-6.258653,53.369595],[-6.258573,53.369568],[-6.258396,53.369502],[-6.258341,53.369488],[-6.258328,53.369484],[-6.257087,53.369223],[-6.255127,53.368789],[-6.255065,53.368901],[-6.255056,53.368917],[-6.256924,53.369477],[-6.256964,53.369489],[-6.258581,53.369944],[-6.258654,53.369964],[-6.25876,53.369992],[-6.258849,53.370022],[-6.259038,53.370075],[-6.259053,53.370079]]}},{"type":"Feature","id":"way/288774421","properties":{"osmId":288774421,"attribution":"© OpenStreetMap contributors, ODbL 1.0","highway":"footway"},"geometry":{"type":"LineString","coordinates":[[-6.258573,53.369568],[-6.258563,53.369582],[-6.25857,53.369657]]}},{"type":"Feature","id":"way/288774424","properties":{"osmId":288774424,"attribution":"© OpenStreetMap contributors, ODbL 1.0","highway":"footway"},"geometry":{"type":"LineString","coordinates":[[-6.259053,53.370079],[-6.259169,53.369943],[-6.25927,53.36982]]}},{"type":"Feature","id":"way/288774453","properties":{"osmId":288774453,"attribution":"© OpenStreetMap contributors, ODbL 1.0","highway":"footway"},"geometry":{"type":"LineString","coordinates":[[-6.258819,53.369651],[-6.258813,53.369658],[-6.258637,53.369675]]}},{"type":"Feature","id":"way/295249613","properties":{"osmId":295249613,"attribution":"© OpenStreetMap contributors, ODbL 1.0","highway":"service"},"geometry":{"type":"LineString","coordinates":[[-6.264547,53.389932],[-6.264642,53.389952],[-6.264822,53.38999],[-6.264955,53.390044],[-6.265229,53.390204],[-6.265355,53.390229],[-6.265556,53.390271],[-6.265706,53.390472]]}},{"type":"Feature","id":"way/295249614","properties":{"osmId":295249614,"attribution":"© OpenStreetMap contributors, ODbL 1.0","highway":"service"},"geometry":{"type":"LineString","coordinates":[[-6.265355,53.390229],[-6.265285,53.390346]]}},{"type":"Feature","id":"way/297328928","properties":{"osmId":297328928,"attribution":"© OpenStreetMap contributors, ODbL 1.0","highway":"cycleway","name":"Swords Road"},"geometry":{"type":"LineString","coordinates":[[-6.248167,53.37768],[-6.24812,53.377579],[-6.248351,53.377359],[-6.248445,53.37727],[-6.248568,53.377159],[-6.248936,53.376853],[-6.249184,53.37666]]}},{"type":"Feature","id":"way/297329036","properties":{"osmId":297329036,"attribution":"© OpenStreetMap contributors, ODbL 1.0","highway":"cycleway","name":"Swords Road"},"geometry":{"type":"LineString","coordinates":[[-6.249184,53.37666],[-6.249186,53.376605],[-6.249219,53.376578],[-6.24925,53.376544],[-6.249325,53.376537]]}},{"type":"Feature","id":"way/301447797","properties":{"osmId":301447797,"attribution":"© OpenStreetMap contributors, ODbL 1.0","highway":"tertiary","name":"Ballymun Road"},"geometry":{"type":"LineString","coordinates":[[-6.26689,53.378883],[-6.266914,53.378833],[-6.266944,53.378793],[-6.267017,53.378695],[-6.267039,53.37867],[-6.267092,53.378615],[-6.267271,53.37843],[-6.26744,53.378263],[-6.26897,53.377506]]}},{"type":"Feature","id":"way/301752906","properties":{"osmId":301752906,"attribution":"© OpenStreetMap contributors, ODbL 1.0","highway":"service","access":"permissive"},"geometry":{"type":"LineString","coordinates":[[-6.26633,53.372463],[-6.266316,53.372461],[-6.266238,53.372489],[-6.266032,53.372451],[-6.26595,53.372436]]}},{"type":"Feature","id":"way/301752907","properties":{"osmId":301752907,"attribution":"© OpenStreetMap contributors, ODbL 1.0","highway":"footway"},"geometry":{"type":"LineString","coordinates":[[-6.265985,53.372376],[-6.266058,53.372392],[-6.266211,53.372425]]}},{"type":"Feature","id":"way/301752908","properties":{"osmId":301752908,"attribution":"© OpenStreetMap contributors, ODbL 1.0","highway":"footway"},"geometry":{"type":"LineString","coordinates":[[-6.266248,53.372435],[-6.266316,53.372461]]}},{"type":"Feature","id":"way/301752909","properties":{"osmId":301752909,"attribution":"© OpenStreetMap contributors, ODbL 1.0","highway":"steps"},"geometry":{"type":"LineString","coordinates":[[-6.266211,53.372425],[-6.266248,53.372435]]}},{"type":"Feature","id":"way/301786639","properties":{"osmId":301786639,"attribution":"© OpenStreetMap contributors, ODbL 1.0","highway":"service","access":"no"},"geometry":{"type":"LineString","coordinates":[[-6.266781,53.37967],[-6.267027,53.379735],[-6.267462,53.379819],[-6.267654,53.3799]]}},{"type":"Feature","id":"way/301786640","properties":{"osmId":301786640,"attribution":"© OpenStreetMap contributors, ODbL 1.0","highway":"service","access":"no"},"geometry":{"type":"LineString","coordinates":[[-6.266523,53.380291],[-6.266622,53.380275],[-6.267307,53.380378],[-6.268248,53.380509],[-6.268494,53.380548],[-6.268558,53.380526],[-6.268824,53.380554]]}},{"type":"Feature","id":"way/301786642","properties":{"osmId":301786642,"attribution":"© OpenStreetMap contributors, ODbL 1.0","highway":"service","access":"no"},"geometry":{"type":"LineString","coordinates":[[-6.268248,53.380509],[-6.268138,53.380756],[-6.267795,53.380755],[-6.267467,53.380707],[-6.267364,53.380755],[-6.267252,53.380845],[-6.267181,53.380916],[-6.26715,53.381118]]}},{"type":"Feature","id":"way/301786643","properties":{"osmId":301786643,"attribution":"© OpenStreetMap contributors, ODbL 1.0","highway":"service","access":"no"},"geometry":{"type":"LineString","coordinates":[[-6.269194,53.37977],[-6.268332,53.379603],[-6.267984,53.379594],[-6.267947,53.379599],[-6.267905,53.379604],[-6.267747,53.37979],[-6.267654,53.3799],[-6.267535,53.38004],[-6.267367,53.380237],[-6.26732,53.380303],[-6.267307,53.380378]]}},{"type":"Feature","id":"way/301786644","properties":{"osmId":301786644,"attribution":"© OpenStreetMap contributors, ODbL 1.0","highway":"service","access":"no"},"geometry":{"type":"LineString","coordinates":[[-6.267535,53.38004],[-6.267829,53.380087],[-6.268628,53.380213],[-6.268832,53.380239],[-6.268907,53.380219],[-6.269034,53.380089],[-6.269018,53.380022],[-6.268793,53.379963],[-6.268375,53.379894],[-6.267747,53.37979]]}},{"type":"Feature","id":"way/301786645","properties":{"osmId":301786645,"attribution":"© OpenStreetMap contributors, ODbL 1.0","highway":"service","access":"no"},"geometry":{"type":"LineString","coordinates":[[-6.266781,53.37967],[-6.266653,53.379767],[-6.266321,53.379806],[-6.26624,53.380009],[-6.266349,53.380121],[-6.266523,53.380291],[-6.266567,53.380414],[-6.266571,53.380456],[-6.266567,53.380485],[-6.266557,53.380507],[-6.266543,53.380525],[-6.26653,53.380537],[-6.266483,53.380559],[-6.266449,53.380573],[-6.266384,53.380591],[-6.266292,53.380618],[-6.266126,53.38064],[-6.266013,53.380644],[-6.265914,53.380647]]}},{"type":"Feature","id":"way/301789791","properties":{"osmId":301789791,"attribution":"© OpenStreetMap contributors, ODbL 1.0","highway":"service","foot":"no","access":"permissive"},"geometry":{"type":"LineString","coordinates":[[-6.266113,53.381752],[-6.266249,53.381754],[-6.26626,53.381533],[-6.266253,53.381524]]}},{"type":"Feature","id":"way/301789795","properties":{"osmId":301789795,"attribution":"© OpenStreetMap contributors, ODbL 1.0","highway":"service"},"geometry":{"type":"LineString","coordinates":[[-6.265535,53.385263],[-6.265383,53.385255]]}},{"type":"Feature","id":"way/301821658","properties":{"osmId":301821658,"attribution":"© OpenStreetMap contributors, ODbL 1.0","highway":"service"},"geometry":{"type":"LineString","coordinates":[[-6.263572,53.389874],[-6.263614,53.389846],[-6.263702,53.389808],[-6.263772,53.389794],[-6.2638,53.389761],[-6.263795,53.389722],[-6.263752,53.389694],[-6.263658,53.389692],[-6.263609,53.389715],[-6.263594,53.389766],[-6.263588,53.389818],[-6.263572,53.389874],[-6.263549,53.389955],[-6.263556,53.390025],[-6.263644,53.390065],[-6.263841,53.390095]]}},{"type":"Feature","id":"way/301958934","properties":{"osmId":301958934,"attribution":"© OpenStreetMap contributors, ODbL 1.0","highway":"service","access":"private"},"geometry":{"type":"LineString","coordinates":[[-6.26536,53.388191],[-6.265474,53.388205],[-6.265603,53.388221],[-6.265726,53.388241],[-6.26579,53.388252],[-6.266537,53.388322],[-6.266845,53.388391],[-6.267133,53.388532],[-6.267293,53.388604],[-6.267589,53.388737],[-6.267704,53.388818],[-6.268135,53.388888]]}},{"type":"Feature","id":"way/304565170","properties":{"osmId":304565170,"attribution":"© OpenStreetMap contributors, ODbL 1.0","highway":"service","name":"Glenavon Court","access":"private"},"geometry":{"type":"LineString","coordinates":[[-6.266597,53.378587],[-6.266488,53.3786],[-6.266406,53.378737],[-6.266356,53.378824]]}},{"type":"Feature","id":"way/304565171","properties":{"osmId":304565171,"attribution":"© OpenStreetMap contributors, ODbL 1.0","highway":"service","name":"Hillcrest Court","access":"private"},"geometry":{"type":"LineString","coordinates":[[-6.266093,53.378367],[-6.265892,53.378387],[-6.26577,53.37864],[-6.265731,53.378718]]}},{"type":"Feature","id":"way/304565172","properties":{"osmId":304565172,"attribution":"© OpenStreetMap contributors, ODbL 1.0","highway":"service","access":"private"},"geometry":{"type":"LineString","coordinates":[[-6.266477,53.378104],[-6.266518,53.378194],[-6.26663,53.378438],[-6.266772,53.37851],[-6.267027,53.378596],[-6.267092,53.378615]]}},{"type":"Feature","id":"way/317003245","properties":{"osmId":317003245,"attribution":"© OpenStreetMap contributors, ODbL 1.0","highway":"secondary","name":"Ballymun Road"},"geometry":{"type":"LineString","coordinates":[[-6.263834,53.391227],[-6.263848,53.391072],[-6.263958,53.390739],[-6.264149,53.390299],[-6.264217,53.390152],[-6.264236,53.39011],[-6.264279,53.390013]]}},{"type":"Feature","id":"way/317127402","properties":{"osmId":317127402,"attribution":"© OpenStreetMap contributors, ODbL 1.0","highway":"secondary","name":"The Frank Flood Bridge"},"geometry":{"type":"LineString","coordinates":[[-6.255189,53.368307],[-6.255152,53.368398]]}},{"type":"Feature","id":"way/317738684","properties":{"osmId":317738684,"attribution":"© OpenStreetMap contributors, ODbL 1.0","highway":"secondary","name":"The Frank Flood Bridge"},"geometry":{"type":"LineString","coordinates":[[-6.255194,53.368298],[-6.255189,53.368307]]}},{"type":"Feature","id":"way/323449777","properties":{"osmId":323449777,"attribution":"© OpenStreetMap contributors, ODbL 1.0","highway":"footway"},"geometry":{"type":"LineString","coordinates":[[-6.261073,53.388363],[-6.261059,53.388392],[-6.261034,53.388443]]}},{"type":"Feature","id":"way/332250354","properties":{"osmId":332250354,"attribution":"© OpenStreetMap contributors, ODbL 1.0","highway":"secondary_link","name":"Ballymun Road"},"geometry":{"type":"LineString","coordinates":[[-6.264182,53.389038],[-6.264388,53.389011],[-6.26448,53.389002],[-6.26452,53.388997],[-6.264591,53.388989],[-6.264692,53.388963],[-6.264775,53.388937]]}},{"type":"Feature","id":"way/332250355","properties":{"osmId":332250355,"attribution":"© OpenStreetMap contributors, ODbL 1.0","highway":"secondary","name":"Collins Avenue Extension"},"geometry":{"type":"LineString","coordinates":[[-6.26411,53.389024],[-6.264022,53.389005],[-6.262786,53.388744],[-6.261538,53.388489],[-6.261328,53.388445],[-6.261136,53.388407],[-6.26111,53.388402],[-6.261059,53.388392],[-6.261012,53.388382]]}},{"type":"Feature","id":"way/332250880","properties":{"osmId":332250880,"attribution":"© OpenStreetMap contributors, ODbL 1.0","highway":"service"},"geometry":{"type":"LineString","coordinates":[[-6.2458,53.388393],[-6.245923,53.388631],[-6.245888,53.388649],[-6.245828,53.38868]]}},{"type":"Feature","id":"way/335052149","properties":{"osmId":335052149,"attribution":"© OpenStreetMap contributors, ODbL 1.0","highway":"secondary","name":"Ballymun Road"},"geometry":{"type":"LineString","coordinates":[[-6.264279,53.390013],[-6.264484,53.38955]]}},{"type":"Feature","id":"way/335070915","properties":{"osmId":335070915,"attribution":"© OpenStreetMap contributors, ODbL 1.0","highway":"secondary","name":"Ballymun Road"},"geometry":{"type":"LineString","coordinates":[[-6.265754,53.380097],[-6.265734,53.379987]]}},{"type":"Feature","id":"way/335071101","properties":{"osmId":335071101,"attribution":"© OpenStreetMap contributors, ODbL 1.0","highway":"secondary","name":"Saint Mobhi Road"},"geometry":{"type":"LineString","coordinates":[[-6.265701,53.379884],[-6.265652,53.37974]]}},{"type":"Feature","id":"way/356325664","properties":{"osmId":356325664,"attribution":"© OpenStreetMap contributors, ODbL 1.0","highway":"footway"},"geometry":{"type":"LineString","coordinates":[[-6.251561,53.371267],[-6.25151,53.371497]]}},{"type":"Feature","id":"way/360121207","properties":{"osmId":360121207,"attribution":"© OpenStreetMap contributors, ODbL 1.0","highway":"steps"},"geometry":{"type":"LineString","coordinates":[[-6.259093,53.369922],[-6.259137,53.369933]]}},{"type":"Feature","id":"way/360121208","properties":{"osmId":360121208,"attribution":"© OpenStreetMap contributors, ODbL 1.0","highway":"service"},"geometry":{"type":"LineString","coordinates":[[-6.258666,53.369829],[-6.258581,53.369944],[-6.25855,53.369986]]}},{"type":"Feature","id":"way/360158144","properties":{"osmId":360158144,"attribution":"© OpenStreetMap contributors, ODbL 1.0","highway":"service","access":"permissive"},"geometry":{"type":"LineString","coordinates":[[-6.250346,53.370093],[-6.250091,53.370411],[-6.249955,53.370372],[-6.250215,53.370061]]}},{"type":"Feature","id":"way/360158145","properties":{"osmId":360158145,"attribution":"© OpenStreetMap contributors, ODbL 1.0","highway":"service","access":"permissive"},"geometry":{"type":"LineString","coordinates":[[-6.249955,53.370372],[-6.249903,53.370364],[-6.249856,53.370367],[-6.249811,53.370378],[-6.249768,53.370402]]}},{"type":"Feature","id":"way/360288319","properties":{"osmId":360288319,"attribution":"© OpenStreetMap contributors, ODbL 1.0","highway":"service","access":"permissive"},"geometry":{"type":"LineString","coordinates":[[-6.247826,53.37105],[-6.247804,53.371179]]}},{"type":"Feature","id":"way/360288321","properties":{"osmId":360288321,"attribution":"© OpenStreetMap contributors, ODbL 1.0","highway":"footway","foot":"permissive"},"geometry":{"type":"LineString","coordinates":[[-6.247828,53.371034],[-6.247832,53.371029],[-6.247843,53.371027],[-6.24821,53.371049],[-6.24834,53.371057],[-6.248346,53.371059],[-6.248348,53.371063],[-6.248331,53.371163],[-6.248331,53.371173],[-6.248338,53.371181],[-6.248351,53.371187],[-6.248422,53.371188],[-6.248515,53.371189]]}},{"type":"Feature","id":"way/360288324","properties":{"osmId":360288324,"attribution":"© OpenStreetMap contributors, ODbL 1.0","highway":"service","access":"permissive"},"geometry":{"type":"LineString","coordinates":[[-6.247669,53.371029],[-6.247826,53.37105],[-6.247828,53.371034]]}},{"type":"Feature","id":"way/360288326","properties":{"osmId":360288326,"attribution":"© OpenStreetMap contributors, ODbL 1.0","highway":"service","access":"permissive"},"geometry":{"type":"LineString","coordinates":[[-6.248515,53.371189],[-6.248699,53.371188],[-6.248766,53.371177],[-6.248815,53.371154],[-6.248851,53.371132],[-6.248868,53.371102],[-6.248897,53.370944],[-6.248908,53.370885]]}},{"type":"Feature","id":"way/360289185","properties":{"osmId":360289185,"attribution":"© OpenStreetMap contributors, ODbL 1.0","highway":"service","access":"permissive"},"geometry":{"type":"LineString","coordinates":[[-6.248313,53.371921],[-6.248306,53.371992],[-6.2483,53.372053],[-6.248299,53.372064]]}},{"type":"Feature","id":"way/360289186","properties":{"osmId":360289186,"attribution":"© OpenStreetMap contributors, ODbL 1.0","highway":"service","access":"permissive"},"geometry":{"type":"LineString","coordinates":[[-6.247434,53.371719],[-6.247421,53.371669]]}},{"type":"Feature","id":"way/360289187","properties":{"osmId":360289187,"attribution":"© OpenStreetMap contributors, ODbL 1.0","highway":"service","access":"permissive"},"geometry":{"type":"LineString","coordinates":[[-6.248313,53.371921],[-6.247455,53.371892],[-6.247429,53.371884],[-6.24742,53.371867],[-6.247434,53.371719],[-6.248208,53.371746],[-6.248299,53.371749],[-6.248323,53.371758],[-6.248328,53.371772],[-6.248313,53.371921]]}},{"type":"Feature","id":"way/360508490","properties":{"osmId":360508490,"attribution":"© OpenStreetMap contributors, ODbL 1.0","highway":"service","access":"permissive"},"geometry":{"type":"LineString","coordinates":[[-6.256078,53.371016],[-6.256086,53.370984],[-6.256106,53.370953],[-6.256175,53.37088],[-6.256202,53.370815],[-6.256195,53.370779],[-6.256164,53.370734],[-6.256125,53.370695],[-6.256077,53.370661],[-6.256015,53.370635],[-6.255897,53.370597],[-6.255685,53.370548],[-6.255502,53.370516],[-6.255371,53.370491],[-6.255155,53.370455],[-6.255124,53.37045],[-6.255023,53.370433],[-6.254958,53.370426],[-6.25492,53.370421],[-6.254805,53.370413],[-6.254702,53.370412],[-6.254319,53.37041],[-6.254273,53.37041],[-6.254238,53.370406]]}},{"type":"Feature","id":"way/360602728","properties":{"osmId":360602728,"attribution":"© OpenStreetMap contributors, ODbL 1.0","highway":"footway"},"geometry":{"type":"LineString","coordinates":[[-6.255989,53.370209],[-6.255945,53.370173],[-6.255903,53.370137],[-6.255852,53.370079],[-6.255817,53.370016],[-6.255808,53.369944],[-6.255827,53.369896],[-6.255861,53.369847],[-6.255903,53.369804],[-6.255969,53.36976],[-6.256091,53.369705],[-6.25616,53.369697]]}},{"type":"Feature","id":"way/360602729","properties":{"osmId":360602729,"attribution":"© OpenStreetMap contributors, ODbL 1.0","highway":"footway"},"geometry":{"type":"LineString","coordinates":[[-6.25616,53.369697],[-6.256092,53.369623],[-6.256074,53.369608],[-6.256002,53.369559]]}},{"type":"Feature","id":"way/360689392","properties":{"osmId":360689392,"attribution":"© OpenStreetMap contributors, ODbL 1.0","highway":"service","access":"permissive"},"geometry":{"type":"LineString","coordinates":[[-6.256002,53.369559],[-6.255845,53.369603],[-6.255712,53.369622],[-6.255626,53.369637],[-6.255645,53.369615],[-6.25565,53.369585],[-6.255649,53.369516],[-6.255669,53.369475],[-6.255802,53.369256]]}},{"type":"Feature","id":"way/360732592","properties":{"osmId":360732592,"attribution":"© OpenStreetMap contributors, ODbL 1.0","highway":"footway"},"geometry":{"type":"LineString","coordinates":[[-6.244738,53.382381],[-6.244743,53.382406],[-6.24478,53.382479],[-6.245072,53.382605]]}},{"type":"Feature","id":"way/366647893","properties":{"osmId":366647893,"attribution":"© OpenStreetMap contributors, ODbL 1.0","highway":"secondary","name":"Saint Mobhi Road"},"geometry":{"type":"LineString","coordinates":[[-6.265347,53.378938],[-6.265297,53.3788],[-6.265285,53.378769],[-6.265269,53.378725],[-6.265262,53.378692],[-6.265248,53.378636]]}},{"type":"Feature","id":"way/367873914","properties":{"osmId":367873914,"attribution":"© OpenStreetMap contributors, ODbL 1.0","highway":"tertiary","name":"Grace Park Road"},"geometry":{"type":"LineString","coordinates":[[-6.250575,53.36746],[-6.250543,53.367482],[-6.250511,53.367508],[-6.250085,53.367935],[-6.249991,53.368031],[-6.249901,53.368127],[-6.249871,53.368157],[-6.249445,53.368572],[-6.249398,53.368617],[-6.249329,53.368678],[-6.249276,53.368721],[-6.248765,53.369131],[-6.248732,53.369158],[-6.248454,53.369449],[-6.24826,53.369653],[-6.248121,53.3698],[-6.248092,53.369831],[-6.248068,53.369856],[-6.24801,53.36992],[-6.247696,53.370301],[-6.247576,53.370461],[-6.247523,53.370532],[-6.24744,53.370644]]}},{"type":"Feature","id":"way/368806133","properties":{"osmId":368806133,"attribution":"© OpenStreetMap contributors, ODbL 1.0","highway":"steps"},"geometry":{"type":"LineString","coordinates":[[-6.253325,53.371788],[-6.253444,53.371816]]}},{"type":"Feature","id":"way/368932685","properties":{"osmId":368932685,"attribution":"© OpenStreetMap contributors, ODbL 1.0","highway":"secondary","name":"Drumcondra Road Upper"},"geometry":{"type":"LineString","coordinates":[[-6.252019,53.373426],[-6.251968,53.373522],[-6.251775,53.373883]]}},{"type":"Feature","id":"way/368932686","properties":{"osmId":368932686,"attribution":"© OpenStreetMap contributors, ODbL 1.0","highway":"secondary","name":"Drumcondra Road Upper"},"geometry":{"type":"LineString","coordinates":[[-6.251557,53.374284],[-6.251533,53.37432],[-6.251247,53.374739],[-6.250933,53.375118],[-6.250808,53.375268],[-6.25065,53.375459],[-6.250466,53.375681],[-6.250445,53.375705],[-6.250416,53.37574],[-6.250353,53.375817]]}},{"type":"Feature","id":"way/368932688","properties":{"osmId":368932688,"attribution":"© OpenStreetMap contributors, ODbL 1.0","highway":"tertiary","name":"Grace Park Road"},"geometry":{"type":"LineString","coordinates":[[-6.24744,53.370644],[-6.24726,53.370818],[-6.247157,53.370902],[-6.24706,53.37097],[-6.246982,53.371017],[-6.246888,53.371066],[-6.246785,53.371113],[-6.246724,53.37114],[-6.246621,53.371178],[-6.246355,53.371274],[-6.246169,53.371329],[-6.246009,53.371384],[-6.245062,53.371616],[-6.245015,53.371627],[-6.244956,53.371643],[-6.244827,53.371677],[-6.244681,53.371727],[-6.24455,53.37178],[-6.244357,53.371863],[-6.244184,53.371951],[-6.244056,53.372038],[-6.243964,53.372141],[-6.243899,53.372266],[-6.243835,53.372429],[-6.243717,53.372701]]}},{"type":"Feature","id":"way/369829906","properties":{"osmId":369829906,"attribution":"© OpenStreetMap contributors, ODbL 1.0","highway":"service","access":"private"},"geometry":{"type":"LineString","coordinates":[[-6.247331,53.378177],[-6.247382,53.378191],[-6.247461,53.378213]]}},{"type":"Feature","id":"way/369829907","properties":{"osmId":369829907,"attribution":"© OpenStreetMap contributors, ODbL 1.0","highway":"service"},"geometry":{"type":"LineString","coordinates":[[-6.247461,53.378213],[-6.247556,53.378244],[-6.247652,53.378276]]}},{"type":"Feature","id":"way/372192918","properties":{"osmId":372192918,"attribution":"© OpenStreetMap contributors, ODbL 1.0","highway":"footway"},"geometry":{"type":"LineString","coordinates":[[-6.255223,53.38469],[-6.255396,53.384524],[-6.255439,53.384482]]}},{"type":"Feature","id":"way/372192919","properties":{"osmId":372192919,"attribution":"© OpenStreetMap contributors, ODbL 1.0","highway":"service"},"geometry":{"type":"LineString","coordinates":[[-6.254081,53.383545],[-6.254054,53.383574],[-6.254017,53.383637],[-6.253946,53.383684],[-6.254066,53.383718],[-6.253808,53.383969],[-6.253565,53.384206],[-6.253349,53.384133],[-6.253569,53.383913],[-6.253596,53.383881],[-6.253478,53.383835],[-6.253704,53.383613],[-6.253848,53.383637],[-6.253946,53.383684]]}},{"type":"Feature","id":"way/372192920","properties":{"osmId":372192920,"attribution":"© OpenStreetMap contributors, ODbL 1.0","highway":"footway"},"geometry":{"type":"LineString","coordinates":[[-6.261369,53.386188],[-6.261466,53.38632],[-6.261504,53.386392],[-6.261484,53.386515],[-6.261484,53.386526],[-6.261417,53.386605]]}},{"type":"Feature","id":"way/372192921","properties":{"osmId":372192921,"attribution":"© OpenStreetMap contributors, ODbL 1.0","highway":"service","access":"private"},"geometry":{"type":"LineString","coordinates":[[-6.260797,53.387138],[-6.260265,53.387109],[-6.260223,53.387097]]}},{"type":"Feature","id":"way/372192922","properties":{"osmId":372192922,"attribution":"© OpenStreetMap contributors, ODbL 1.0","highway":"service","access":"private"},"geometry":{"type":"LineString","coordinates":[[-6.26116,53.387016],[-6.260464,53.38699],[-6.260399,53.386969],[-6.260344,53.386951]]}},{"type":"Feature","id":"way/372192923","properties":{"osmId":372192923,"attribution":"© OpenStreetMap contributors, ODbL 1.0","highway":"service","access":"private"},"geometry":{"type":"LineString","coordinates":[[-6.261313,53.386883],[-6.260514,53.386844],[-6.260453,53.386821]]}},{"type":"Feature","id":"way/372192924","properties":{"osmId":372192924,"attribution":"© OpenStreetMap contributors, ODbL 1.0","highway":"service","access":"private"},"geometry":{"type":"LineString","coordinates":[[-6.261407,53.386747],[-6.260643,53.3867],[-6.260583,53.386678]]}},{"type":"Feature","id":"way/372194014","properties":{"osmId":372194014,"attribution":"© OpenStreetMap contributors, ODbL 1.0","highway":"pedestrian","foot":"permissive"},"geometry":{"type":"LineString","coordinates":[[-6.258362,53.386725],[-6.258354,53.386736],[-6.258324,53.386767]]}},{"type":"Feature","id":"way/372197920","properties":{"osmId":372197920,"attribution":"© OpenStreetMap contributors, ODbL 1.0","highway":"pedestrian","foot":"permissive"},"geometry":{"type":"LineString","coordinates":[[-6.257042,53.385369],[-6.257214,53.385197],[-6.257384,53.385024]]}},{"type":"Feature","id":"way/372197923","properties":{"osmId":372197923,"attribution":"© OpenStreetMap contributors, ODbL 1.0","highway":"footway"},"geometry":{"type":"LineString","coordinates":[[-6.256858,53.385558],[-6.256892,53.385524]]}},{"type":"Feature","id":"way/372197925","properties":{"osmId":372197925,"attribution":"© OpenStreetMap contributors, ODbL 1.0","highway":"footway"},"geometry":{"type":"LineString","coordinates":[[-6.257026,53.38539],[-6.257042,53.385369]]}},{"type":"Feature","id":"way/372197927","properties":{"osmId":372197927,"attribution":"© OpenStreetMap contributors, ODbL 1.0","highway":"footway"},"geometry":{"type":"LineString","coordinates":[[-6.256892,53.385524],[-6.257026,53.38539]]}},{"type":"Feature","id":"way/372197931","properties":{"osmId":372197931,"attribution":"© OpenStreetMap contributors, ODbL 1.0","highway":"footway","name":"Running Track"},"geometry":{"type":"LineString","coordinates":[[-6.256288,53.384617],[-6.255287,53.384259]]}},{"type":"Feature","id":"way/372197935","properties":{"osmId":372197935,"attribution":"© OpenStreetMap contributors, ODbL 1.0","highway":"footway"},"geometry":{"type":"LineString","coordinates":[[-6.255781,53.384391],[-6.256458,53.383724],[-6.256468,53.383716],[-6.256568,53.383607]]}},{"type":"Feature","id":"way/372197938","properties":{"osmId":372197938,"attribution":"© OpenStreetMap contributors, ODbL 1.0","highway":"service"},"geometry":{"type":"LineString","coordinates":[[-6.257133,53.383557],[-6.256829,53.383854]]}},{"type":"Feature","id":"way/372197941","properties":{"osmId":372197941,"attribution":"© OpenStreetMap contributors, ODbL 1.0","highway":"service"},"geometry":{"type":"LineString","coordinates":[[-6.256639,53.383781],[-6.256754,53.383663]]}},{"type":"Feature","id":"way/372197945","properties":{"osmId":372197945,"attribution":"© OpenStreetMap contributors, ODbL 1.0","highway":"service"},"geometry":{"type":"LineString","coordinates":[[-6.256754,53.383663],[-6.256588,53.383595],[-6.256411,53.383522],[-6.256724,53.38341]]}},{"type":"Feature","id":"way/372197948","properties":{"osmId":372197948,"attribution":"© OpenStreetMap contributors, ODbL 1.0","highway":"service","foot":"permissive"},"geometry":{"type":"LineString","coordinates":[[-6.257133,53.383557],[-6.256929,53.383484],[-6.25682,53.383445],[-6.256765,53.383425],[-6.256724,53.38341],[-6.256658,53.383346],[-6.25662,53.383309]]}},{"type":"Feature","id":"way/372197953","properties":{"osmId":372197953,"attribution":"© OpenStreetMap contributors, ODbL 1.0","highway":"service"},"geometry":{"type":"LineString","coordinates":[[-6.256929,53.383484],[-6.256754,53.383663]]}},{"type":"Feature","id":"way/372197956","properties":{"osmId":372197956,"attribution":"© OpenStreetMap contributors, ODbL 1.0","highway":"service"},"geometry":{"type":"LineString","coordinates":[[-6.25682,53.383445],[-6.256977,53.383315]]}},{"type":"Feature","id":"way/372197959","properties":{"osmId":372197959,"attribution":"© OpenStreetMap contributors, ODbL 1.0","highway":"service"},"geometry":{"type":"LineString","coordinates":[[-6.256765,53.383425],[-6.256588,53.383595]]}},{"type":"Feature","id":"way/372197963","properties":{"osmId":372197963,"attribution":"© OpenStreetMap contributors, ODbL 1.0","highway":"service"},"geometry":{"type":"LineString","coordinates":[[-6.257128,53.383294],[-6.257221,53.383342],[-6.257438,53.383417]]}},{"type":"Feature","id":"way/372197971","properties":{"osmId":372197971,"attribution":"© OpenStreetMap contributors, ODbL 1.0","highway":"service"},"geometry":{"type":"LineString","coordinates":[[-6.257413,53.383442],[-6.257164,53.383351],[-6.257094,53.383313]]}},{"type":"Feature","id":"way/372197979","properties":{"osmId":372197979,"attribution":"© OpenStreetMap contributors, ODbL 1.0","highway":"service"},"geometry":{"type":"LineString","coordinates":[[-6.257053,53.383285],[-6.257087,53.383268],[-6.257137,53.38325],[-6.257213,53.383244],[-6.257389,53.383291],[-6.257738,53.382956]]}},{"type":"Feature","id":"way/372197982","properties":{"osmId":372197982,"attribution":"© OpenStreetMap contributors, ODbL 1.0","highway":"service"},"geometry":{"type":"LineString","coordinates":[[-6.257389,53.383291],[-6.257345,53.383334]]}},{"type":"Feature","id":"way/376509672","properties":{"osmId":376509672,"attribution":"© OpenStreetMap contributors, ODbL 1.0","highway":"service","foot":"permissive"},"geometry":{"type":"LineString","coordinates":[[-6.258083,53.38376],[-6.258183,53.383662],[-6.258201,53.383645],[-6.258383,53.383476],[-6.258414,53.383447],[-6.258587,53.383306],[-6.258618,53.383272]]}},{"type":"Feature","id":"way/376509685","properties":{"osmId":376509685,"attribution":"© OpenStreetMap contributors, ODbL 1.0","highway":"footway"},"geometry":{"type":"LineString","coordinates":[[-6.258418,53.38413],[-6.25843,53.384108],[-6.258462,53.383899]]}},{"type":"Feature","id":"way/376509690","properties":{"osmId":376509690,"attribution":"© OpenStreetMap contributors, ODbL 1.0","highway":"steps"},"geometry":{"type":"LineString","coordinates":[[-6.258462,53.383899],[-6.258465,53.383881]]}},{"type":"Feature","id":"way/376509692","properties":{"osmId":376509692,"attribution":"© OpenStreetMap contributors, ODbL 1.0","highway":"footway"},"geometry":{"type":"LineString","coordinates":[[-6.258465,53.383881],[-6.258469,53.383857],[-6.258445,53.383846]]}},{"type":"Feature","id":"way/376511715","properties":{"osmId":376511715,"attribution":"© OpenStreetMap contributors, ODbL 1.0","highway":"footway"},"geometry":{"type":"LineString","coordinates":[[-6.256976,53.38391],[-6.256947,53.383899],[-6.256829,53.383854],[-6.256639,53.383781],[-6.256468,53.383716]]}},{"type":"Feature","id":"way/376511716","properties":{"osmId":376511716,"attribution":"© OpenStreetMap contributors, ODbL 1.0","highway":"footway"},"geometry":{"type":"LineString","coordinates":[[-6.256568,53.383607],[-6.256264,53.383497],[-6.255751,53.383677]]}},{"type":"Feature","id":"way/377223453","properties":{"osmId":377223453,"attribution":"© OpenStreetMap contributors, ODbL 1.0","highway":"footway"},"geometry":{"type":"LineString","coordinates":[[-6.256568,53.383607],[-6.256588,53.383595]]}},{"type":"Feature","id":"way/378127789","properties":{"osmId":378127789,"attribution":"© OpenStreetMap contributors, ODbL 1.0","highway":"footway"},"geometry":{"type":"LineString","coordinates":[[-6.258035,53.383623],[-6.257909,53.383578],[-6.257942,53.383544],[-6.258003,53.383484],[-6.25813,53.38353],[-6.258068,53.383591],[-6.258035,53.383623]]}},{"type":"Feature","id":"way/378127790","properties":{"osmId":378127790,"attribution":"© OpenStreetMap contributors, ODbL 1.0","highway":"footway"},"geometry":{"type":"LineString","coordinates":[[-6.258201,53.383645],[-6.258068,53.383591],[-6.258005,53.383566],[-6.257995,53.383563],[-6.257942,53.383544],[-6.257804,53.383493]]}},{"type":"Feature","id":"way/378127883","properties":{"osmId":378127883,"attribution":"© OpenStreetMap contributors, ODbL 1.0","highway":"footway"},"geometry":{"type":"LineString","coordinates":[[-6.258636,53.383716],[-6.258661,53.383598],[-6.258709,53.383509]]}},{"type":"Feature","id":"way/378128553","properties":{"osmId":378128553,"attribution":"© OpenStreetMap contributors, ODbL 1.0","highway":"steps"},"geometry":{"type":"LineString","coordinates":[[-6.258278,53.384107],[-6.258247,53.384061]]}},{"type":"Feature","id":"way/378128554","properties":{"osmId":378128554,"attribution":"© OpenStreetMap contributors, ODbL 1.0","highway":"footway"},"geometry":{"type":"LineString","coordinates":[[-6.258247,53.384061],[-6.258214,53.384048]]}},{"type":"Feature","id":"way/378717743","properties":{"osmId":378717743,"attribution":"© OpenStreetMap contributors, ODbL 1.0","highway":"footway"},"geometry":{"type":"LineString","coordinates":[[-6.261427,53.386047],[-6.261478,53.386051],[-6.261556,53.386058]]}},{"type":"Feature","id":"way/378717744","properties":{"osmId":378717744,"attribution":"© OpenStreetMap contributors, ODbL 1.0","highway":"footway"},"geometry":{"type":"LineString","coordinates":[[-6.261747,53.384869],[-6.26168,53.385377],[-6.261677,53.385395],[-6.261629,53.3857]]}},{"type":"Feature","id":"way/378717745","properties":{"osmId":378717745,"attribution":"© OpenStreetMap contributors, ODbL 1.0","highway":"footway"},"geometry":{"type":"LineString","coordinates":[[-6.261556,53.386058],[-6.261571,53.385984],[-6.261629,53.3857]]}},{"type":"Feature","id":"way/378717746","properties":{"osmId":378717746,"attribution":"© OpenStreetMap contributors, ODbL 1.0","highway":"footway"},"geometry":{"type":"LineString","coordinates":[[-6.260837,53.386573],[-6.26083,53.386505],[-6.260798,53.386401]]}},{"type":"Feature","id":"way/378717772","properties":{"osmId":378717772,"attribution":"© OpenStreetMap contributors, ODbL 1.0","highway":"footway"},"geometry":{"type":"LineString","coordinates":[[-6.264413,53.389249],[-6.264335,53.389192],[-6.264177,53.389133],[-6.263991,53.389082],[-6.263959,53.389073],[-6.262951,53.388872],[-6.262825,53.388846]]}},{"type":"Feature","id":"way/378717773","properties":{"osmId":378717773,"attribution":"© OpenStreetMap contributors, ODbL 1.0","highway":"footway"},"geometry":{"type":"LineString","coordinates":[[-6.258261,53.387666],[-6.258212,53.387704]]}},{"type":"Feature","id":"way/378717775","properties":{"osmId":378717775,"attribution":"© OpenStreetMap contributors, ODbL 1.0","highway":"footway"},"geometry":{"type":"LineString","coordinates":[[-6.258212,53.387704],[-6.257967,53.3876],[-6.257866,53.3876],[-6.257843,53.387601],[-6.257812,53.387622],[-6.257781,53.387639],[-6.257746,53.387641],[-6.257714,53.387639],[-6.257673,53.387629],[-6.257636,53.387607],[-6.257601,53.38758],[-6.257581,53.387556],[-6.257533,53.387536],[-6.257336,53.387461],[-6.254985,53.386586],[-6.2549,53.386594],[-6.254604,53.38679],[-6.254574,53.386766]]}},{"type":"Feature","id":"way/378717777","properties":{"osmId":378717777,"attribution":"© OpenStreetMap contributors, ODbL 1.0","highway":"footway"},"geometry":{"type":"LineString","coordinates":[[-6.262661,53.388812],[-6.262572,53.388794],[-6.261499,53.388575],[-6.261282,53.388531],[-6.261017,53.388477],[-6.259838,53.38821],[-6.258565,53.387797],[-6.258513,53.38779],[-6.258477,53.387796]]}},{"type":"Feature","id":"way/378717780","properties":{"osmId":378717780,"attribution":"© OpenStreetMap contributors, ODbL 1.0","highway":"footway"},"geometry":{"type":"LineString","coordinates":[[-6.26492,53.387327],[-6.264954,53.387338],[-6.264988,53.387377],[-6.26499,53.387384],[-6.265001,53.387422],[-6.265008,53.387445],[-6.265063,53.38779],[-6.265067,53.38782],[-6.265072,53.38806],[-6.265051,53.388159],[-6.265035,53.388233],[-6.265019,53.388289],[-6.265,53.388363],[-6.264737,53.388878],[-6.264716,53.38891],[-6.264635,53.388937],[-6.264572,53.388954],[-6.264503,53.388966],[-6.264401,53.388978],[-6.264339,53.388975],[-6.263752,53.388857],[-6.262084,53.388526],[-6.261171,53.388341],[-6.261092,53.388325],[-6.260874,53.388259],[-6.260644,53.388202],[-6.260615,53.388189],[-6.260556,53.388185]]}},{"type":"Feature","id":"way/378717782","properties":{"osmId":378717782,"attribution":"© OpenStreetMap contributors, ODbL 1.0","highway":"footway"},"geometry":{"type":"LineString","coordinates":[[-6.262825,53.388846],[-6.262739,53.388831],[-6.262661,53.388812]]}},{"type":"Feature","id":"way/378717783","properties":{"osmId":378717783,"attribution":"© OpenStreetMap contributors, ODbL 1.0","highway":"footway"},"geometry":{"type":"LineString","coordinates":[[-6.258417,53.387773],[-6.258349,53.387749],[-6.258286,53.387727]]}},{"type":"Feature","id":"way/378717785","properties":{"osmId":378717785,"attribution":"© OpenStreetMap contributors, ODbL 1.0","highway":"footway"},"geometry":{"type":"LineString","coordinates":[[-6.255251,53.386332],[-6.25527,53.386339],[-6.255605,53.386465],[-6.257573,53.387209],[-6.257759,53.387279],[-6.258422,53.387525],[-6.259923,53.388022],[-6.260343,53.388141]]}},{"type":"Feature","id":"way/378717786","properties":{"osmId":378717786,"attribution":"© OpenStreetMap contributors, ODbL 1.0","highway":"footway"},"geometry":{"type":"LineString","coordinates":[[-6.249959,53.384448],[-6.250104,53.384501],[-6.250514,53.384652],[-6.250641,53.384654],[-6.250772,53.384673],[-6.25102,53.384763],[-6.251458,53.384925],[-6.252846,53.38544],[-6.253202,53.385572],[-6.254988,53.386236],[-6.255015,53.386246]]}},{"type":"Feature","id":"way/378717788","properties":{"osmId":378717788,"attribution":"© OpenStreetMap contributors, ODbL 1.0","highway":"footway"},"geometry":{"type":"LineString","coordinates":[[-6.249959,53.384448],[-6.249898,53.38442],[-6.249818,53.384388]]}},{"type":"Feature","id":"way/378717789","properties":{"osmId":378717789,"attribution":"© OpenStreetMap contributors, ODbL 1.0","highway":"footway"},"geometry":{"type":"LineString","coordinates":[[-6.249818,53.384388],[-6.247149,53.383387]]}},{"type":"Feature","id":"way/378717791","properties":{"osmId":378717791,"attribution":"© OpenStreetMap contributors, ODbL 1.0","highway":"footway"},"geometry":{"type":"LineString","coordinates":[[-6.247149,53.383387],[-6.247038,53.383343],[-6.246951,53.383315]]}},{"type":"Feature","id":"way/378717793","properties":{"osmId":378717793,"attribution":"© OpenStreetMap contributors, ODbL 1.0","highway":"footway"},"geometry":{"type":"LineString","coordinates":[[-6.246951,53.383315],[-6.245223,53.382669]]}},{"type":"Feature","id":"way/378717795","properties":{"osmId":378717795,"attribution":"© OpenStreetMap contributors, ODbL 1.0","highway":"footway"},"geometry":{"type":"LineString","coordinates":[[-6.26458,53.388968],[-6.264591,53.388989],[-6.264598,53.389003]]}},{"type":"Feature","id":"way/378717797","properties":{"osmId":378717797,"attribution":"© OpenStreetMap contributors, ODbL 1.0","highway":"footway"},"geometry":{"type":"LineString","coordinates":[[-6.2646,53.389063],[-6.264567,53.389118],[-6.264539,53.389165]]}},{"type":"Feature","id":"way/378717799","properties":{"osmId":378717799,"attribution":"© OpenStreetMap contributors, ODbL 1.0","highway":"footway"},"geometry":{"type":"LineString","coordinates":[[-6.264413,53.389249],[-6.26446,53.389233],[-6.264501,53.38922]]}},{"type":"Feature","id":"way/378717801","properties":{"osmId":378717801,"attribution":"© OpenStreetMap contributors, ODbL 1.0","highway":"footway"},"geometry":{"type":"LineString","coordinates":[[-6.264727,53.389261],[-6.26462,53.389242],[-6.264552,53.38923]]}},{"type":"Feature","id":"way/378717802","properties":{"osmId":378717802,"attribution":"© OpenStreetMap contributors, ODbL 1.0","highway":"footway"},"geometry":{"type":"LineString","coordinates":[[-6.26488,53.389345],[-6.264838,53.389338],[-6.264737,53.389321]]}},{"type":"Feature","id":"way/378717803","properties":{"osmId":378717803,"attribution":"© OpenStreetMap contributors, ODbL 1.0","highway":"footway"},"geometry":{"type":"LineString","coordinates":[[-6.265137,53.389186],[-6.265114,53.389218],[-6.265081,53.389283]]}},{"type":"Feature","id":"way/378717805","properties":{"osmId":378717805,"attribution":"© OpenStreetMap contributors, ODbL 1.0","highway":"footway"},"geometry":{"type":"LineString","coordinates":[[-6.264665,53.389016],[-6.264728,53.389027],[-6.264804,53.38904]]}},{"type":"Feature","id":"way/378717806","properties":{"osmId":378717806,"attribution":"© OpenStreetMap contributors, ODbL 1.0","highway":"footway"},"geometry":{"type":"LineString","coordinates":[[-6.26488,53.388984],[-6.265,53.389005],[-6.265061,53.389016]]}},{"type":"Feature","id":"way/378717809","properties":{"osmId":378717809,"attribution":"© OpenStreetMap contributors, ODbL 1.0","highway":"footway"},"geometry":{"type":"LineString","coordinates":[[-6.265265,53.386037],[-6.265146,53.386035],[-6.265063,53.386034]]}},{"type":"Feature","id":"way/378717810","properties":{"osmId":378717810,"attribution":"© OpenStreetMap contributors, ODbL 1.0","highway":"footway"},"geometry":{"type":"LineString","coordinates":[[-6.264942,53.384868],[-6.264942,53.384848],[-6.264957,53.384779],[-6.264982,53.384695],[-6.264994,53.384624],[-6.265071,53.384231],[-6.265312,53.383212],[-6.265416,53.382773],[-6.265464,53.382396],[-6.265438,53.382353],[-6.265468,53.382147],[-6.265493,53.381873],[-6.26548,53.381855]]}},{"type":"Feature","id":"way/378717811","properties":{"osmId":378717811,"attribution":"© OpenStreetMap contributors, ODbL 1.0","highway":"footway"},"geometry":{"type":"LineString","coordinates":[[-6.265519,53.381817],[-6.265523,53.381737],[-6.265526,53.381685]]}},{"type":"Feature","id":"way/378717813","properties":{"osmId":378717813,"attribution":"© OpenStreetMap contributors, ODbL 1.0","highway":"footway"},"geometry":{"type":"LineString","coordinates":[[-6.265526,53.381685],[-6.265571,53.381637],[-6.265582,53.381338],[-6.265598,53.380898],[-6.265607,53.380725],[-6.26561,53.380684]]}},{"type":"Feature","id":"way/378717814","properties":{"osmId":378717814,"attribution":"© OpenStreetMap contributors, ODbL 1.0","highway":"footway"},"geometry":{"type":"LineString","coordinates":[[-6.26561,53.380684],[-6.26561,53.380664],[-6.265612,53.380631]]}},{"type":"Feature","id":"way/378717815","properties":{"osmId":378717815,"attribution":"© OpenStreetMap contributors, ODbL 1.0","highway":"footway"},"geometry":{"type":"LineString","coordinates":[[-6.265612,53.380631],[-6.265612,53.380621],[-6.265641,53.380109],[-6.265592,53.379897],[-6.265433,53.379407],[-6.265195,53.378714]]}},{"type":"Feature","id":"way/378717816","properties":{"osmId":378717816,"attribution":"© OpenStreetMap contributors, ODbL 1.0","highway":"footway"},"geometry":{"type":"LineString","coordinates":[[-6.266164,53.379886],[-6.266085,53.379884],[-6.266005,53.379883]]}},{"type":"Feature","id":"way/378717817","properties":{"osmId":378717817,"attribution":"© OpenStreetMap contributors, ODbL 1.0","highway":"footway"},"geometry":{"type":"LineString","coordinates":[[-6.265823,53.379887],[-6.265827,53.379846]]}},{"type":"Feature","id":"way/378717818","properties":{"osmId":378717818,"attribution":"© OpenStreetMap contributors, ODbL 1.0","highway":"footway"},"geometry":{"type":"LineString","coordinates":[[-6.26577,53.379889],[-6.265704,53.379892],[-6.265611,53.379896]]}},{"type":"Feature","id":"way/378727396","properties":{"osmId":378727396,"attribution":"© OpenStreetMap contributors, ODbL 1.0","highway":"footway"},"geometry":{"type":"LineString","coordinates":[[-6.264942,53.384848],[-6.264865,53.384817],[-6.261837,53.384861],[-6.261747,53.384869]]}},{"type":"Feature","id":"way/378727397","properties":{"osmId":378727397,"attribution":"© OpenStreetMap contributors, ODbL 1.0","highway":"footway"},"geometry":{"type":"LineString","coordinates":[[-6.261747,53.384869],[-6.261669,53.384867],[-6.2616,53.384866]]}},{"type":"Feature","id":"way/378727399","properties":{"osmId":378727399,"attribution":"© OpenStreetMap contributors, ODbL 1.0","highway":"footway"},"geometry":{"type":"LineString","coordinates":[[-6.2616,53.384866],[-6.260733,53.384884],[-6.260663,53.384884],[-6.260575,53.384883],[-6.26023,53.384889],[-6.260103,53.384891],[-6.259883,53.384895],[-6.259332,53.384905],[-6.259278,53.384915],[-6.259216,53.384928],[-6.258826,53.384909],[-6.258729,53.384894],[-6.258656,53.384865],[-6.258635,53.384849],[-6.258563,53.384794],[-6.258532,53.38476],[-6.258523,53.384709],[-6.258526,53.384706],[-6.258574,53.38468],[-6.258602,53.384637],[-6.258629,53.384515],[-6.258699,53.384199],[-6.258721,53.384128],[-6.25878,53.383831],[-6.25873,53.383745],[-6.258735,53.383725],[-6.258795,53.383518],[-6.258827,53.38347],[-6.258775,53.383393],[-6.258732,53.383352],[-6.258618,53.383272],[-6.258304,53.383017]]}},{"type":"Feature","id":"way/378727402","properties":{"osmId":378727402,"attribution":"© OpenStreetMap contributors, ODbL 1.0","highway":"footway"},"geometry":{"type":"LineString","coordinates":[[-6.258304,53.383017],[-6.25827,53.382971],[-6.258229,53.382927],[-6.258192,53.382905],[-6.258104,53.382863],[-6.258069,53.382852],[-6.257989,53.382827],[-6.257914,53.382822],[-6.257845,53.382835],[-6.257696,53.382901],[-6.257039,53.383201],[-6.257006,53.383213],[-6.256969,53.383226],[-6.256888,53.383257],[-6.256849,53.383272]]}},{"type":"Feature","id":"way/378727404","properties":{"osmId":378727404,"attribution":"© OpenStreetMap contributors, ODbL 1.0","highway":"footway"},"geometry":{"type":"LineString","coordinates":[[-6.256849,53.383272],[-6.256658,53.383346],[-6.256264,53.383497]]}},{"type":"Feature","id":"way/378727406","properties":{"osmId":378727406,"attribution":"© OpenStreetMap contributors, ODbL 1.0","highway":"footway"},"geometry":{"type":"LineString","coordinates":[[-6.255751,53.383677],[-6.25507,53.383904],[-6.25497,53.383907],[-6.254857,53.383873],[-6.254343,53.383681],[-6.254054,53.383574],[-6.253807,53.383482],[-6.253779,53.383474],[-6.253696,53.383479],[-6.253619,53.3835],[-6.253511,53.383585],[-6.253335,53.383756],[-6.253247,53.384124],[-6.253237,53.384168],[-6.253244,53.384239],[-6.253195,53.384475],[-6.253158,53.3846],[-6.253133,53.384655],[-6.25312,53.384731],[-6.253152,53.384772],[-6.253615,53.384949],[-6.253872,53.38503],[-6.253952,53.384955]]}},{"type":"Feature","id":"way/378727408","properties":{"osmId":378727408,"attribution":"© OpenStreetMap contributors, ODbL 1.0","highway":"footway"},"geometry":{"type":"LineString","coordinates":[[-6.260099,53.384794],[-6.260077,53.38473]]}},{"type":"Feature","id":"way/378727409","properties":{"osmId":378727409,"attribution":"© OpenStreetMap contributors, ODbL 1.0","highway":"footway"},"geometry":{"type":"LineString","coordinates":[[-6.260165,53.386806],[-6.260121,53.386774],[-6.260032,53.386812],[-6.259899,53.38684],[-6.259773,53.386852],[-6.259578,53.386843],[-6.259166,53.386812],[-6.259108,53.386784],[-6.258967,53.386776],[-6.258952,53.386781],[-6.258864,53.386812],[-6.258529,53.386783],[-6.258362,53.386725]]}},{"type":"Feature","id":"way/378727411","properties":{"osmId":378727411,"attribution":"© OpenStreetMap contributors, ODbL 1.0","highway":"steps"},"geometry":{"type":"LineString","coordinates":[[-6.258967,53.386776],[-6.258947,53.386748],[-6.258859,53.386725]]}},{"type":"Feature","id":"way/378727415","properties":{"osmId":378727415,"attribution":"© OpenStreetMap contributors, ODbL 1.0","highway":"footway"},"geometry":{"type":"LineString","coordinates":[[-6.258362,53.386725],[-6.258251,53.386685],[-6.257769,53.386508],[-6.256891,53.386185],[-6.25685,53.386169],[-6.256782,53.386146],[-6.256703,53.386121],[-6.256703,53.386075],[-6.256668,53.386049],[-6.256573,53.386013],[-6.256521,53.385996],[-6.25645,53.386012],[-6.256386,53.385987]]}},{"type":"Feature","id":"way/378727416","properties":{"osmId":378727416,"attribution":"© OpenStreetMap contributors, ODbL 1.0","highway":"footway"},"geometry":{"type":"LineString","coordinates":[[-6.256386,53.385987],[-6.25634,53.38603],[-6.256301,53.386066]]}},{"type":"Feature","id":"way/378727419","properties":{"osmId":378727419,"attribution":"© OpenStreetMap contributors, ODbL 1.0","highway":"footway"},"geometry":{"type":"LineString","coordinates":[[-6.256092,53.385865],[-6.256034,53.385923],[-6.255985,53.385972]]}},{"type":"Feature","id":"way/378727421","properties":{"osmId":378727421,"attribution":"© OpenStreetMap contributors, ODbL 1.0","highway":"footway"},"geometry":{"type":"LineString","coordinates":[[-6.256301,53.386066],[-6.256284,53.386081],[-6.256181,53.386047],[-6.255985,53.385972],[-6.255908,53.385949],[-6.255864,53.385934],[-6.255763,53.385939],[-6.255685,53.385964],[-6.25564,53.385981],[-6.255526,53.386084],[-6.25527,53.386339]]}},{"type":"Feature","id":"way/378727423","properties":{"osmId":378727423,"attribution":"© OpenStreetMap contributors, ODbL 1.0","highway":"footway"},"geometry":{"type":"LineString","coordinates":[[-6.257397,53.385263],[-6.257719,53.385152]]}},{"type":"Feature","id":"way/378727424","properties":{"osmId":378727424,"attribution":"© OpenStreetMap contributors, ODbL 1.0","highway":"footway"},"geometry":{"type":"LineString","coordinates":[[-6.257397,53.385263],[-6.257214,53.385197],[-6.257161,53.385177]]}},{"type":"Feature","id":"way/378727426","properties":{"osmId":378727426,"attribution":"© OpenStreetMap contributors, ODbL 1.0","highway":"footway"},"geometry":{"type":"LineString","coordinates":[[-6.259274,53.386169],[-6.259209,53.386234]]}},{"type":"Feature","id":"way/378727428","properties":{"osmId":378727428,"attribution":"© OpenStreetMap contributors, ODbL 1.0","highway":"footway"},"geometry":{"type":"LineString","coordinates":[[-6.257031,53.386051],[-6.256891,53.386185]]}},{"type":"Feature","id":"way/378727430","properties":{"osmId":378727430,"attribution":"© OpenStreetMap contributors, ODbL 1.0","highway":"footway"},"geometry":{"type":"LineString","coordinates":[[-6.257077,53.386007],[-6.257183,53.385902]]}},{"type":"Feature","id":"way/378727432","properties":{"osmId":378727432,"attribution":"© OpenStreetMap contributors, ODbL 1.0","highway":"footway"},"geometry":{"type":"LineString","coordinates":[[-6.257682,53.386177],[-6.25775,53.386111]]}},{"type":"Feature","id":"way/378727433","properties":{"osmId":378727433,"attribution":"© OpenStreetMap contributors, ODbL 1.0","highway":"footway"},"geometry":{"type":"LineString","coordinates":[[-6.255592,53.384827],[-6.255505,53.384914]]}},{"type":"Feature","id":"way/378727436","properties":{"osmId":378727436,"attribution":"© OpenStreetMap contributors, ODbL 1.0","highway":"footway"},"geometry":{"type":"LineString","coordinates":[[-6.255145,53.384662],[-6.255085,53.384723]]}},{"type":"Feature","id":"way/378727438","properties":{"osmId":378727438,"attribution":"© OpenStreetMap contributors, ODbL 1.0","highway":"footway"},"geometry":{"type":"LineString","coordinates":[[-6.25617,53.385301],[-6.256154,53.38532]]}},{"type":"Feature","id":"way/378727439","properties":{"osmId":378727439,"attribution":"© OpenStreetMap contributors, ODbL 1.0","highway":"footway"},"geometry":{"type":"LineString","coordinates":[[-6.255756,53.385695],[-6.255735,53.385717]]}},{"type":"Feature","id":"way/378727442","properties":{"osmId":378727442,"attribution":"© OpenStreetMap contributors, ODbL 1.0","highway":"footway"},"geometry":{"type":"LineString","coordinates":[[-6.255417,53.385802],[-6.255197,53.386025],[-6.254988,53.386236],[-6.254968,53.386255]]}},{"type":"Feature","id":"way/378727443","properties":{"osmId":378727443,"attribution":"© OpenStreetMap contributors, ODbL 1.0","highway":"footway"},"geometry":{"type":"LineString","coordinates":[[-6.25511,53.385992],[-6.255197,53.386025]]}},{"type":"Feature","id":"way/378727445","properties":{"osmId":378727445,"attribution":"© OpenStreetMap contributors, ODbL 1.0","highway":"footway"},"geometry":{"type":"LineString","coordinates":[[-6.255212,53.385299],[-6.255022,53.385477],[-6.254935,53.385559],[-6.254892,53.385602]]}},{"type":"Feature","id":"way/378727446","properties":{"osmId":378727446,"attribution":"© OpenStreetMap contributors, ODbL 1.0","highway":"footway"},"geometry":{"type":"LineString","coordinates":[[-6.254875,53.385573],[-6.254814,53.385638]]}},{"type":"Feature","id":"way/378727452","properties":{"osmId":378727452,"attribution":"© OpenStreetMap contributors, ODbL 1.0","highway":"footway"},"geometry":{"type":"LineString","coordinates":[[-6.258904,53.385933],[-6.258766,53.385878]]}},{"type":"Feature","id":"way/378741697","properties":{"osmId":378741697,"attribution":"© OpenStreetMap contributors, ODbL 1.0","highway":"footway"},"geometry":{"type":"LineString","coordinates":[[-6.259188,53.3838],[-6.259053,53.383751]]}},{"type":"Feature","id":"way/378741699","properties":{"osmId":378741699,"attribution":"© OpenStreetMap contributors, ODbL 1.0","highway":"footway"},"geometry":{"type":"LineString","coordinates":[[-6.25909,53.383485],[-6.259183,53.383358],[-6.259256,53.383277],[-6.259422,53.383183]]}},{"type":"Feature","id":"way/378741702","properties":{"osmId":378741702,"attribution":"© OpenStreetMap contributors, ODbL 1.0","highway":"footway"},"geometry":{"type":"LineString","coordinates":[[-6.264942,53.384868],[-6.264913,53.385077],[-6.264882,53.385295],[-6.26485,53.3857],[-6.264831,53.386032],[-6.264836,53.386207],[-6.264836,53.386236],[-6.264842,53.386453],[-6.264886,53.386749],[-6.264903,53.38687],[-6.264956,53.387156],[-6.264933,53.387197],[-6.264882,53.387216],[-6.264881,53.387272],[-6.26492,53.387327]]}},{"type":"Feature","id":"way/378741704","properties":{"osmId":378741704,"attribution":"© OpenStreetMap contributors, ODbL 1.0","highway":"footway"},"geometry":{"type":"LineString","coordinates":[[-6.265718,53.38592],[-6.265562,53.38591],[-6.265513,53.385907],[-6.265362,53.385889],[-6.265329,53.38586],[-6.265313,53.385845],[-6.265284,53.385819],[-6.265279,53.385611],[-6.265285,53.385558],[-6.265315,53.385277],[-6.26532,53.385246],[-6.265378,53.384831],[-6.265424,53.384593],[-6.265666,53.383552],[-6.265854,53.382944]]}},{"type":"Feature","id":"way/378741706","properties":{"osmId":378741706,"attribution":"© OpenStreetMap contributors, ODbL 1.0","highway":"footway"},"geometry":{"type":"LineString","coordinates":[[-6.265854,53.382944],[-6.265855,53.382899],[-6.26586,53.382858]]}},{"type":"Feature","id":"way/378741708","properties":{"osmId":378741708,"attribution":"© OpenStreetMap contributors, ODbL 1.0","highway":"footway"},"geometry":{"type":"LineString","coordinates":[[-6.274973,53.378931],[-6.274881,53.379289],[-6.274949,53.379295],[-6.275035,53.379302],[-6.275106,53.379034],[-6.275125,53.379008],[-6.275157,53.378987],[-6.275202,53.378977],[-6.275257,53.378977],[-6.276274,53.379064],[-6.276198,53.379377],[-6.276168,53.379405],[-6.276113,53.379425],[-6.276086,53.379428],[-6.275688,53.379392],[-6.274679,53.379336],[-6.272475,53.379199],[-6.271862,53.379163],[-6.270861,53.379103],[-6.270772,53.3791],[-6.269927,53.379045],[-6.26962,53.379025],[-6.268535,53.378953],[-6.267126,53.37884],[-6.267087,53.378804],[-6.267085,53.378761],[-6.267105,53.37873],[-6.267489,53.378308],[-6.267911,53.378094],[-6.268269,53.377921],[-6.268889,53.377597],[-6.269006,53.377527],[-6.269068,53.377482],[-6.269293,53.377245],[-6.269417,53.377071],[-6.269513,53.376939],[-6.269582,53.376845],[-6.269779,53.376581],[-6.270027,53.376244],[-6.270195,53.376023],[-6.27022,53.376007],[-6.270257,53.375996],[-6.270287,53.375992],[-6.270321,53.37599],[-6.27034,53.37599],[-6.270363,53.37599],[-6.270426,53.375996],[-6.270497,53.376013],[-6.271038,53.376205],[-6.271136,53.376235],[-6.271629,53.37633],[-6.271931,53.376378],[-6.272024,53.376393],[-6.272151,53.376414],[-6.272473,53.376505],[-6.272511,53.376524],[-6.272536,53.376545],[-6.27255,53.376575],[-6.272548,53.376594],[-6.272531,53.376622],[-6.272091,53.378245]]}},{"type":"Feature","id":"way/378741709","properties":{"osmId":378741709,"attribution":"© OpenStreetMap contributors, ODbL 1.0","highway":"footway"},"geometry":{"type":"LineString","coordinates":[[-6.266613,53.378993],[-6.2666,53.378979],[-6.266587,53.378969],[-6.26657,53.37896],[-6.266543,53.37895],[-6.266511,53.378943],[-6.266356,53.378915],[-6.265942,53.378853],[-6.265633,53.378802],[-6.265577,53.3788],[-6.265519,53.378818],[-6.26551,53.37882],[-6.265485,53.37884],[-6.26547,53.378867],[-6.265474,53.3789],[-6.26562,53.379346],[-6.265682,53.379363],[-6.26574,53.379558],[-6.265899,53.379581],[-6.266045,53.379601],[-6.266223,53.379439],[-6.266265,53.379431],[-6.266485,53.379185],[-6.266611,53.379066],[-6.266624,53.379038],[-6.266625,53.379024],[-6.266624,53.379015],[-6.266619,53.379003],[-6.266613,53.378993]]}},{"type":"Feature","id":"way/378741710","properties":{"osmId":378741710,"attribution":"© OpenStreetMap contributors, ODbL 1.0","highway":"footway"},"geometry":{"type":"LineString","coordinates":[[-6.266045,53.379601],[-6.266051,53.379637],[-6.266038,53.379672],[-6.266005,53.379703],[-6.265958,53.379726],[-6.2659,53.379738],[-6.265833,53.379737],[-6.265784,53.379727],[-6.265738,53.379706],[-6.265706,53.379677],[-6.265689,53.379644],[-6.265691,53.37961],[-6.265711,53.379578],[-6.26574,53.379558]]}},{"type":"Feature","id":"way/378741711","properties":{"osmId":378741711,"attribution":"© OpenStreetMap contributors, ODbL 1.0","highway":"footway"},"geometry":{"type":"LineString","coordinates":[[-6.266005,53.379883],[-6.265823,53.379887],[-6.26577,53.379889]]}},{"type":"Feature","id":"way/378875549","properties":{"osmId":378875549,"attribution":"© OpenStreetMap contributors, ODbL 1.0","highway":"secondary","name":"Ballymun Road"},"geometry":{"type":"LineString","coordinates":[[-6.265668,53.381727],[-6.265688,53.381364],[-6.265689,53.381341],[-6.265741,53.380664]]}},{"type":"Feature","id":"way/378882694","properties":{"osmId":378882694,"attribution":"© OpenStreetMap contributors, ODbL 1.0","highway":"residential","name":"Hollybank Road"},"geometry":{"type":"LineString","coordinates":[[-6.260757,53.36771],[-6.260551,53.367672],[-6.259924,53.367556]]}},{"type":"Feature","id":"way/378882695","properties":{"osmId":378882695,"attribution":"© OpenStreetMap contributors, ODbL 1.0","highway":"residential","name":"Hollybank Road"},"geometry":{"type":"LineString","coordinates":[[-6.263195,53.36811],[-6.26308,53.368097],[-6.261967,53.367917],[-6.261598,53.367854],[-6.260757,53.36771]]}},{"type":"Feature","id":"way/378882696","properties":{"osmId":378882696,"attribution":"© OpenStreetMap contributors, ODbL 1.0","highway":"secondary","name":"Saint Mobhi Road","foot":"yes"},"geometry":{"type":"LineString","coordinates":[[-6.266673,53.371731],[-6.267126,53.371351],[-6.267899,53.370712],[-6.268041,53.370603],[-6.268242,53.370449],[-6.268273,53.370425],[-6.268286,53.370418],[-6.268507,53.370293]]}},{"type":"Feature","id":"way/378922721","properties":{"osmId":378922721,"attribution":"© OpenStreetMap contributors, ODbL 1.0","highway":"residential","name":"Hampstead Avenue"},"geometry":{"type":"LineString","coordinates":[[-6.265587,53.381733],[-6.265668,53.381727]]}},{"type":"Feature","id":"way/379184275","properties":{"osmId":379184275,"attribution":"© OpenStreetMap contributors, ODbL 1.0","highway":"footway"},"geometry":{"type":"LineString","coordinates":[[-6.264737,53.389321],[-6.264723,53.389319],[-6.264748,53.389264],[-6.264727,53.389261]]}},{"type":"Feature","id":"way/379184276","properties":{"osmId":379184276,"attribution":"© OpenStreetMap contributors, ODbL 1.0","highway":"footway"},"geometry":{"type":"LineString","coordinates":[[-6.264897,53.389348],[-6.265068,53.389305]]}},{"type":"Feature","id":"way/379184277","properties":{"osmId":379184277,"attribution":"© OpenStreetMap contributors, ODbL 1.0","highway":"footway"},"geometry":{"type":"LineString","coordinates":[[-6.265147,53.38917],[-6.265094,53.389023]]}},{"type":"Feature","id":"way/379184278","properties":{"osmId":379184278,"attribution":"© OpenStreetMap contributors, ODbL 1.0","highway":"footway"},"geometry":{"type":"LineString","coordinates":[[-6.264804,53.38904],[-6.264829,53.389043],[-6.264863,53.388981],[-6.26488,53.388984]]}},{"type":"Feature","id":"way/379184279","properties":{"osmId":379184279,"attribution":"© OpenStreetMap contributors, ODbL 1.0","highway":"footway"},"geometry":{"type":"LineString","coordinates":[[-6.264665,53.389016],[-6.264598,53.389003],[-6.2646,53.389063]]}},{"type":"Feature","id":"way/379184280","properties":{"osmId":379184280,"attribution":"© OpenStreetMap contributors, ODbL 1.0","highway":"footway"},"geometry":{"type":"LineString","coordinates":[[-6.264539,53.389165],[-6.264501,53.38922],[-6.264552,53.38923]]}},{"type":"Feature","id":"way/380628660","properties":{"osmId":380628660,"attribution":"© OpenStreetMap contributors, ODbL 1.0","highway":"footway"},"geometry":{"type":"LineString","coordinates":[[-6.258437,53.386604],[-6.258849,53.386722],[-6.258859,53.386725]]}},{"type":"Feature","id":"way/381223667","properties":{"osmId":381223667,"attribution":"© OpenStreetMap contributors, ODbL 1.0","highway":"footway"},"geometry":{"type":"LineString","coordinates":[[-6.265094,53.389023],[-6.265196,53.388832],[-6.265318,53.3886],[-6.265374,53.3885],[-6.265451,53.388305],[-6.265459,53.38827],[-6.265474,53.388205],[-6.265484,53.388161],[-6.265489,53.387995],[-6.265485,53.387774],[-6.265406,53.387319],[-6.265265,53.38655],[-6.265289,53.386037],[-6.265301,53.386024],[-6.265313,53.386015],[-6.265334,53.386007],[-6.265368,53.386003],[-6.265994,53.386022],[-6.266556,53.386043],[-6.268376,53.386123],[-6.268406,53.386131],[-6.268421,53.38616],[-6.268334,53.387035],[-6.268327,53.387106],[-6.268323,53.387142]]}},{"type":"Feature","id":"way/381223668","properties":{"osmId":381223668,"attribution":"© OpenStreetMap contributors, ODbL 1.0","highway":"footway"},"geometry":{"type":"LineString","coordinates":[[-6.265854,53.382944],[-6.266614,53.382958],[-6.267342,53.38303],[-6.268385,53.38316],[-6.26849,53.383187],[-6.269079,53.383337],[-6.270286,53.383646],[-6.271183,53.38387],[-6.271545,53.383972],[-6.271626,53.384016],[-6.271685,53.384065],[-6.271713,53.38415],[-6.271762,53.384461],[-6.271806,53.384937],[-6.271875,53.385694],[-6.271928,53.386145],[-6.271912,53.386176],[-6.27188,53.386186],[-6.271817,53.386184],[-6.271337,53.386168],[-6.270452,53.386129],[-6.270428,53.386121],[-6.270419,53.386091],[-6.270543,53.385449],[-6.270605,53.38542],[-6.270636,53.385391],[-6.270639,53.385353],[-6.270623,53.385323],[-6.270577,53.385301],[-6.270548,53.385289],[-6.270498,53.385274],[-6.270458,53.385238],[-6.270315,53.385042],[-6.270299,53.385013],[-6.270295,53.384995],[-6.270317,53.384977],[-6.27035,53.384967],[-6.270766,53.384861],[-6.270791,53.384868],[-6.270824,53.384872],[-6.27086,53.384872],[-6.270881,53.384867],[-6.270893,53.384861],[-6.27091,53.384855],[-6.270928,53.384834],[-6.270935,53.384817],[-6.270934,53.384804],[-6.270927,53.384793],[-6.270914,53.38478],[-6.270889,53.384768],[-6.270863,53.384758],[-6.270825,53.384757],[-6.270784,53.384763],[-6.270759,53.384777],[-6.270743,53.384795],[-6.270734,53.384807],[-6.270718,53.384813],[-6.270281,53.384925],[-6.270255,53.384921],[-6.270241,53.384917],[-6.270227,53.384913],[-6.270211,53.3849],[-6.270056,53.384683],[-6.270072,53.384652],[-6.270086,53.384627],[-6.270092,53.384603],[-6.270082,53.384573],[-6.27006,53.384555],[-6.270031,53.384541],[-6.269984,53.384528],[-6.269965,53.384526],[-6.269942,53.384523],[-6.269898,53.384527],[-6.269842,53.384542],[-6.269812,53.384556],[-6.269371,53.384479],[-6.267904,53.384224],[-6.26745,53.384144],[-6.267278,53.384113],[-6.267237,53.384103],[-6.267201,53.384086],[-6.267173,53.384068],[-6.267136,53.384035],[-6.267074,53.383976],[-6.267066,53.383958],[-6.267071,53.383938],[-6.267068,53.383919],[-6.267059,53.3839],[-6.267035,53.383888],[-6.267017,53.383881],[-6.266969,53.383875],[-6.266929,53.383877],[-6.266908,53.383893],[-6.26689,53.383915],[-6.266882,53.383938],[-6.26689,53.383955],[-6.266905,53.383973],[-6.266928,53.383986],[-6.26695,53.383994],[-6.266985,53.384001],[-6.267004,53.38401],[-6.267117,53.384141],[-6.2671,53.384224],[-6.267085,53.384294],[-6.267053,53.384564],[-6.267021,53.384786],[-6.266837,53.385946],[-6.266784,53.385975],[-6.266581,53.385955],[-6.26653,53.385889],[-6.266507,53.385878],[-6.266103,53.385862],[-6.265867,53.385803],[-6.265643,53.385726],[-6.26559,53.385667],[-6.265495,53.385562],[-6.265536,53.385275],[-6.265535,53.385263]]}},{"type":"Feature","id":"way/381223674","properties":{"osmId":381223674,"attribution":"© OpenStreetMap contributors, ODbL 1.0","highway":"service","foot":"permissive"},"geometry":{"type":"LineString","coordinates":[[-6.257674,53.383928],[-6.257692,53.383946],[-6.2577,53.383967],[-6.257696,53.383988],[-6.257682,53.384007],[-6.25766,53.384021],[-6.257633,53.38403],[-6.257602,53.384035],[-6.25757,53.384034],[-6.25754,53.384028],[-6.257515,53.384017],[-6.257496,53.384002],[-6.257485,53.383985],[-6.257483,53.383966],[-6.257489,53.383948],[-6.257504,53.383932],[-6.257522,53.38392],[-6.257545,53.383912],[-6.25757,53.383907],[-6.257596,53.383905],[-6.257623,53.383908],[-6.257647,53.383914],[-6.257674,53.383928]]}},{"type":"Feature","id":"way/381223675","properties":{"osmId":381223675,"attribution":"© OpenStreetMap contributors, ODbL 1.0","highway":"service","foot":"permissive"},"geometry":{"type":"LineString","coordinates":[[-6.257463,53.384084],[-6.257504,53.384052],[-6.25754,53.384028]]}},{"type":"Feature","id":"way/381223676","properties":{"osmId":381223676,"attribution":"© OpenStreetMap contributors, ODbL 1.0","highway":"footway"},"geometry":{"type":"LineString","coordinates":[[-6.257808,53.384043],[-6.25774,53.384019],[-6.257682,53.384007]]}},{"type":"Feature","id":"way/381223677","properties":{"osmId":381223677,"attribution":"© OpenStreetMap contributors, ODbL 1.0","highway":"footway"},"geometry":{"type":"LineString","coordinates":[[-6.257712,53.383837],[-6.257677,53.383875],[-6.257647,53.383914]]}},{"type":"Feature","id":"way/381223678","properties":{"osmId":381223678,"attribution":"© OpenStreetMap contributors, ODbL 1.0","highway":"footway"},"geometry":{"type":"LineString","coordinates":[[-6.257383,53.38388],[-6.257453,53.383906],[-6.257504,53.383932]]}},{"type":"Feature","id":"way/383157892","properties":{"osmId":383157892,"attribution":"© OpenStreetMap contributors, ODbL 1.0","highway":"service"},"geometry":{"type":"LineString","coordinates":[[-6.266197,53.386457],[-6.266312,53.386399],[-6.266526,53.386339],[-6.266556,53.386043],[-6.26656,53.386007]]}},{"type":"Feature","id":"way/383650988","properties":{"osmId":383650988,"attribution":"© OpenStreetMap contributors, ODbL 1.0","highway":"service","access":"private"},"geometry":{"type":"LineString","coordinates":[[-6.261032,53.386464],[-6.261013,53.386396],[-6.26098,53.386362],[-6.260946,53.386329]]}},{"type":"Feature","id":"way/383650989","properties":{"osmId":383650989,"attribution":"© OpenStreetMap contributors, ODbL 1.0","highway":"footway"},"geometry":{"type":"LineString","coordinates":[[-6.260717,53.386193],[-6.260773,53.386312],[-6.26078,53.386353],[-6.260798,53.386401]]}},{"type":"Feature","id":"way/383650994","properties":{"osmId":383650994,"attribution":"© OpenStreetMap contributors, ODbL 1.0","highway":"steps"},"geometry":{"type":"LineString","coordinates":[[-6.256303,53.3846],[-6.256269,53.384587]]}},{"type":"Feature","id":"way/383650995","properties":{"osmId":383650995,"attribution":"© OpenStreetMap contributors, ODbL 1.0","highway":"footway"},"geometry":{"type":"LineString","coordinates":[[-6.256269,53.384587],[-6.256288,53.384569],[-6.256788,53.384085],[-6.256809,53.384066]]}},{"type":"Feature","id":"way/383650996","properties":{"osmId":383650996,"attribution":"© OpenStreetMap contributors, ODbL 1.0","highway":"footway"},"geometry":{"type":"LineString","coordinates":[[-6.256739,53.384785],[-6.256776,53.38475]]}},{"type":"Feature","id":"way/383650997","properties":{"osmId":383650997,"attribution":"© OpenStreetMap contributors, ODbL 1.0","highway":"footway"},"geometry":{"type":"LineString","coordinates":[[-6.256848,53.384747],[-6.256902,53.384696],[-6.256904,53.38469]]}},{"type":"Feature","id":"way/383650998","properties":{"osmId":383650998,"attribution":"© OpenStreetMap contributors, ODbL 1.0","highway":"footway"},"geometry":{"type":"LineString","coordinates":[[-6.256904,53.38469],[-6.256939,53.384618]]}},{"type":"Feature","id":"way/383650999","properties":{"osmId":383650999,"attribution":"© OpenStreetMap contributors, ODbL 1.0","highway":"footway"},"geometry":{"type":"LineString","coordinates":[[-6.256902,53.384696],[-6.256847,53.384676]]}},{"type":"Feature","id":"way/383651000","properties":{"osmId":383651000,"attribution":"© OpenStreetMap contributors, ODbL 1.0","highway":"footway"},"geometry":{"type":"LineString","coordinates":[[-6.256786,53.384803],[-6.256825,53.384768]]}},{"type":"Feature","id":"way/383651001","properties":{"osmId":383651001,"attribution":"© OpenStreetMap contributors, ODbL 1.0","highway":"footway"},"geometry":{"type":"LineString","coordinates":[[-6.256825,53.384768],[-6.256835,53.384758],[-6.256785,53.38474]]}},{"type":"Feature","id":"way/384004944","properties":{"osmId":384004944,"attribution":"© OpenStreetMap contributors, ODbL 1.0","highway":"footway"},"geometry":{"type":"LineString","coordinates":[[-6.263615,53.391873],[-6.263614,53.391818],[-6.263612,53.391749],[-6.263598,53.391544],[-6.263623,53.391344],[-6.263642,53.391288],[-6.26375,53.390974],[-6.264008,53.39039],[-6.264116,53.390138],[-6.264134,53.390097],[-6.264422,53.389424],[-6.264438,53.38936],[-6.264441,53.389341],[-6.264432,53.389286],[-6.264413,53.389249]]}},{"type":"Feature","id":"way/384004945","properties":{"osmId":384004945,"attribution":"© OpenStreetMap contributors, ODbL 1.0","highway":"footway"},"geometry":{"type":"LineString","coordinates":[[-6.264897,53.389348],[-6.264659,53.389915]]}},{"type":"Feature","id":"way/384004946","properties":{"osmId":384004946,"attribution":"© OpenStreetMap contributors, ODbL 1.0","highway":"footway"},"geometry":{"type":"LineString","coordinates":[[-6.264627,53.38998],[-6.26454,53.390165],[-6.264535,53.390186],[-6.264544,53.390212],[-6.264556,53.390223],[-6.264641,53.390263],[-6.264691,53.390292],[-6.264722,53.390331],[-6.26469,53.390406],[-6.264603,53.390612],[-6.264591,53.390641],[-6.264579,53.390687],[-6.26507,53.390767],[-6.265106,53.390773],[-6.265114,53.390759],[-6.265318,53.390788]]}},{"type":"Feature","id":"way/384004947","properties":{"osmId":384004947,"attribution":"© OpenStreetMap contributors, ODbL 1.0","highway":"footway"},"geometry":{"type":"LineString","coordinates":[[-6.264465,53.390343],[-6.264261,53.39085],[-6.26421,53.391103],[-6.264169,53.391516],[-6.264185,53.391932],[-6.264178,53.392189],[-6.264169,53.392603],[-6.264155,53.39278],[-6.264182,53.393026],[-6.264189,53.393085],[-6.264222,53.393114],[-6.264287,53.393125],[-6.264311,53.393125]]}},{"type":"Feature","id":"way/384869416","properties":{"osmId":384869416,"attribution":"© OpenStreetMap contributors, ODbL 1.0","highway":"footway"},"geometry":{"type":"LineString","coordinates":[[-6.257759,53.387279],[-6.257772,53.387263]]}},{"type":"Feature","id":"way/384888639","properties":{"osmId":384888639,"attribution":"© OpenStreetMap contributors, ODbL 1.0","highway":"footway"},"geometry":{"type":"LineString","coordinates":[[-6.257006,53.390516],[-6.256878,53.390563],[-6.256796,53.390552],[-6.255919,53.390432],[-6.255362,53.390356],[-6.254818,53.390313],[-6.254605,53.390324],[-6.254423,53.390362],[-6.254303,53.390415],[-6.254225,53.390478],[-6.254166,53.390546],[-6.254135,53.390632],[-6.254144,53.390808],[-6.254144,53.390939],[-6.254043,53.391011],[-6.253254,53.391035],[-6.252519,53.391034],[-6.251717,53.391047],[-6.251174,53.391049],[-6.251118,53.391049],[-6.250827,53.39105],[-6.250797,53.391043],[-6.250606,53.390983],[-6.250203,53.390856],[-6.250061,53.390866],[-6.249892,53.39081],[-6.249681,53.39074],[-6.249445,53.390596],[-6.249391,53.390492],[-6.249324,53.390065],[-6.249266,53.389692],[-6.249308,53.389652],[-6.250121,53.389607]]}},{"type":"Feature","id":"way/384888644","properties":{"osmId":384888644,"attribution":"© OpenStreetMap contributors, ODbL 1.0","highway":"footway"},"geometry":{"type":"LineString","coordinates":[[-6.250121,53.389607],[-6.250221,53.38959],[-6.250338,53.38957]]}},{"type":"Feature","id":"way/384888648","properties":{"osmId":384888648,"attribution":"© OpenStreetMap contributors, ODbL 1.0","highway":"footway"},"geometry":{"type":"LineString","coordinates":[[-6.250338,53.38957],[-6.250775,53.389449],[-6.250995,53.389388],[-6.251353,53.389276],[-6.251503,53.389239],[-6.251575,53.389221],[-6.252052,53.389126],[-6.252339,53.389081],[-6.253043,53.388985],[-6.253339,53.388956],[-6.253673,53.388924],[-6.253991,53.388905],[-6.254258,53.388892],[-6.254545,53.388886],[-6.254923,53.388888],[-6.255272,53.388894],[-6.255457,53.388905]]}},{"type":"Feature","id":"way/384888649","properties":{"osmId":384888649,"attribution":"© OpenStreetMap contributors, ODbL 1.0","highway":"footway"},"geometry":{"type":"LineString","coordinates":[[-6.255272,53.388894],[-6.255336,53.388907],[-6.25536,53.388922],[-6.255401,53.388948],[-6.255427,53.388973],[-6.255448,53.389009],[-6.255432,53.389084],[-6.255387,53.389405],[-6.255371,53.389493],[-6.255355,53.389513],[-6.255308,53.389539],[-6.255245,53.389564],[-6.25521,53.389565],[-6.255106,53.389559],[-6.255056,53.389547],[-6.25499,53.389527],[-6.25492,53.389512],[-6.254864,53.389519],[-6.254831,53.389529],[-6.25478,53.389564],[-6.254772,53.389588],[-6.254805,53.389653],[-6.254863,53.389681],[-6.254914,53.389687],[-6.254998,53.389677],[-6.25504,53.389663],[-6.255654,53.389699],[-6.255789,53.389708],[-6.255857,53.389731],[-6.255942,53.389748],[-6.256011,53.389745],[-6.256028,53.389739],[-6.256076,53.389722],[-6.256097,53.38966],[-6.256102,53.389615],[-6.256059,53.38959],[-6.255969,53.389578],[-6.255905,53.389575],[-6.255818,53.389592],[-6.255726,53.389595],[-6.255642,53.389588],[-6.255571,53.389549],[-6.255541,53.389512],[-6.255626,53.388995],[-6.255657,53.388973],[-6.25571,53.388949],[-6.255775,53.388935],[-6.255838,53.388929],[-6.256078,53.388952],[-6.256447,53.388992],[-6.25696,53.389065],[-6.257334,53.389115],[-6.257442,53.389135],[-6.257499,53.389184],[-6.257536,53.389212],[-6.257447,53.38943],[-6.257261,53.389891],[-6.257123,53.390241],[-6.257006,53.390516]]}},{"type":"Feature","id":"way/384888651","properties":{"osmId":384888651,"attribution":"© OpenStreetMap contributors, ODbL 1.0","highway":"footway"},"geometry":{"type":"LineString","coordinates":[[-6.255838,53.388929],[-6.255645,53.388913]]}},{"type":"Feature","id":"way/384888652","properties":{"osmId":384888652,"attribution":"© OpenStreetMap contributors, ODbL 1.0","highway":"footway"},"geometry":{"type":"LineString","coordinates":[[-6.257536,53.389212],[-6.257581,53.389095],[-6.257586,53.389057]]}},{"type":"Feature","id":"way/384888654","properties":{"osmId":384888654,"attribution":"© OpenStreetMap contributors, ODbL 1.0","highway":"footway"},"geometry":{"type":"LineString","coordinates":[[-6.256679,53.39066],[-6.255871,53.390549],[-6.255403,53.390489],[-6.255116,53.390455],[-6.254702,53.390438],[-6.254588,53.390455],[-6.254475,53.3905],[-6.254361,53.390582],[-6.254334,53.39063],[-6.254344,53.390901],[-6.254387,53.390956],[-6.254477,53.39101],[-6.254951,53.391042],[-6.255496,53.391091],[-6.25582,53.391137],[-6.256666,53.391329],[-6.256968,53.391409],[-6.257376,53.39149],[-6.257773,53.391567],[-6.258419,53.391644],[-6.258965,53.3917],[-6.259601,53.391758],[-6.260074,53.391784],[-6.26055,53.39181],[-6.261421,53.391824],[-6.261947,53.391819],[-6.262275,53.391808],[-6.262306,53.391765],[-6.262319,53.391532],[-6.262353,53.391326],[-6.262224,53.39124],[-6.261708,53.391219],[-6.261478,53.391208],[-6.260911,53.391177],[-6.26055,53.391148],[-6.260107,53.391111],[-6.259655,53.391067],[-6.259077,53.390994],[-6.258888,53.390973],[-6.258307,53.390885],[-6.257825,53.390818],[-6.257339,53.390748],[-6.257303,53.390831],[-6.257004,53.390786],[-6.256696,53.390735]]}},{"type":"Feature","id":"way/384888657","properties":{"osmId":384888657,"attribution":"© OpenStreetMap contributors, ODbL 1.0","highway":"footway"},"geometry":{"type":"LineString","coordinates":[[-6.254477,53.39101],[-6.254318,53.390998]]}},{"type":"Feature","id":"way/384888659","properties":{"osmId":384888659,"attribution":"© OpenStreetMap contributors, ODbL 1.0","highway":"footway"},"geometry":{"type":"LineString","coordinates":[[-6.257287,53.390629],[-6.257368,53.39064],[-6.258772,53.390828],[-6.259614,53.390934],[-6.260339,53.391012],[-6.261209,53.391074],[-6.262111,53.391125],[-6.262221,53.39113],[-6.262308,53.39111],[-6.262282,53.390939],[-6.26227,53.390759],[-6.262268,53.390664],[-6.262284,53.390397],[-6.262289,53.390357],[-6.262247,53.390322],[-6.262184,53.390301],[-6.26209,53.390291],[-6.261924,53.390286],[-6.261585,53.390268],[-6.260872,53.390134],[-6.260563,53.390066],[-6.26043,53.390029],[-6.260346,53.390035],[-6.260285,53.390057],[-6.260245,53.390098],[-6.260153,53.390337],[-6.260094,53.390368],[-6.259018,53.390232],[-6.25895,53.390188],[-6.25909,53.389826],[-6.259094,53.389803],[-6.259074,53.389777]]}},{"type":"Feature","id":"way/384888662","properties":{"osmId":384888662,"attribution":"© OpenStreetMap contributors, ODbL 1.0","highway":"footway"},"geometry":{"type":"LineString","coordinates":[[-6.260245,53.390098],[-6.260202,53.390083],[-6.260149,53.390068],[-6.260147,53.390027],[-6.26014,53.389995],[-6.260107,53.389967],[-6.260044,53.389949],[-6.259294,53.389809],[-6.259224,53.389811],[-6.25916,53.3898],[-6.259074,53.389777]]}},{"type":"Feature","id":"way/384888664","properties":{"osmId":384888664,"attribution":"© OpenStreetMap contributors, ODbL 1.0","highway":"footway"},"geometry":{"type":"LineString","coordinates":[[-6.259074,53.389777],[-6.259032,53.389764],[-6.258069,53.389637],[-6.257713,53.38959],[-6.257608,53.389624],[-6.257545,53.389658],[-6.257374,53.390131],[-6.257208,53.390544],[-6.257287,53.390629]]}},{"type":"Feature","id":"way/384888666","properties":{"osmId":384888666,"attribution":"© OpenStreetMap contributors, ODbL 1.0","highway":"footway"},"geometry":{"type":"LineString","coordinates":[[-6.263612,53.391749],[-6.263497,53.391811],[-6.26243,53.391808],[-6.262431,53.391545],[-6.262459,53.391303],[-6.262461,53.391047],[-6.262478,53.390966],[-6.262436,53.390771],[-6.262436,53.390587],[-6.262474,53.390366],[-6.26253,53.390234],[-6.262582,53.390111],[-6.262655,53.389699],[-6.262655,53.389351],[-6.262669,53.389188],[-6.262733,53.389007],[-6.262789,53.388931],[-6.262867,53.388891],[-6.262951,53.388872]]}},{"type":"Feature","id":"way/384888668","properties":{"osmId":384888668,"attribution":"© OpenStreetMap contributors, ODbL 1.0","highway":"footway"},"geometry":{"type":"LineString","coordinates":[[-6.262572,53.388794],[-6.262599,53.388833],[-6.262611,53.388899],[-6.262567,53.388996],[-6.262533,53.389066],[-6.262506,53.389172],[-6.26248,53.389297],[-6.262456,53.389367],[-6.262392,53.389402],[-6.262363,53.389417],[-6.26185,53.389428],[-6.26164,53.389414],[-6.26127,53.389343],[-6.260801,53.38921],[-6.260533,53.389139],[-6.259929,53.388995],[-6.259404,53.388886],[-6.258789,53.388792],[-6.258259,53.388719],[-6.258128,53.388696],[-6.25802,53.388618],[-6.258015,53.388588],[-6.258008,53.388552],[-6.258099,53.388324],[-6.258198,53.388063],[-6.258273,53.387959],[-6.258375,53.387853],[-6.258477,53.387796]]}},{"type":"Feature","id":"way/384888669","properties":{"osmId":384888669,"attribution":"© OpenStreetMap contributors, ODbL 1.0","highway":"footway"},"geometry":{"type":"LineString","coordinates":[[-6.262375,53.390149],[-6.262328,53.390184],[-6.262267,53.390196],[-6.26213,53.390191],[-6.261888,53.39017],[-6.26164,53.390175],[-6.261177,53.390087],[-6.260818,53.390021],[-6.260305,53.389904],[-6.259664,53.389775],[-6.259195,53.389687],[-6.258539,53.389595],[-6.258072,53.389533],[-6.257771,53.389494],[-6.257734,53.389486],[-6.257665,53.38941],[-6.257896,53.388824],[-6.25793,53.388749]]}},{"type":"Feature","id":"way/384888672","properties":{"osmId":384888672,"attribution":"© OpenStreetMap contributors, ODbL 1.0","highway":"footway"},"geometry":{"type":"LineString","coordinates":[[-6.257896,53.388824],[-6.258061,53.388776],[-6.259253,53.388965],[-6.259822,53.389077],[-6.26049,53.389233],[-6.261043,53.389394],[-6.261362,53.38948],[-6.261569,53.389504],[-6.262024,53.389531],[-6.262332,53.389533],[-6.262398,53.389551],[-6.262456,53.389593],[-6.262477,53.389664],[-6.262474,53.389897],[-6.262427,53.390035],[-6.2624,53.390114],[-6.262375,53.390149]]}},{"type":"Feature","id":"way/384888709","properties":{"osmId":384888709,"attribution":"© OpenStreetMap contributors, ODbL 1.0","highway":"footway"},"geometry":{"type":"LineString","coordinates":[[-6.25167,53.394463],[-6.251658,53.394312],[-6.251576,53.393948],[-6.251572,53.393929],[-6.251515,53.393646],[-6.251515,53.393637],[-6.251515,53.393595],[-6.25152,53.393437],[-6.251535,53.393339],[-6.251592,53.393189],[-6.251676,53.393068],[-6.251942,53.392798],[-6.252295,53.392445],[-6.252311,53.392277],[-6.252263,53.392262],[-6.251838,53.392109],[-6.251524,53.391955],[-6.251062,53.391567],[-6.250906,53.391435],[-6.250653,53.39122],[-6.250455,53.39116],[-6.250322,53.39112],[-6.250141,53.391061],[-6.250049,53.391032],[-6.249976,53.390963],[-6.249893,53.390937],[-6.249635,53.390854],[-6.249425,53.390766],[-6.2493,53.390662],[-6.249186,53.390574],[-6.249148,53.390576],[-6.248884,53.390593],[-6.248589,53.390611],[-6.248557,53.390623],[-6.248534,53.390644],[-6.248561,53.390803],[-6.248577,53.3909],[-6.248562,53.390926],[-6.248525,53.390966],[-6.248469,53.390992],[-6.248413,53.391001],[-6.247897,53.391032],[-6.247861,53.391031],[-6.247801,53.391009],[-6.247744,53.390973],[-6.247719,53.390937],[-6.247668,53.390611],[-6.247674,53.390583],[-6.247701,53.390544],[-6.247783,53.39051],[-6.248503,53.390468],[-6.249099,53.390438],[-6.249152,53.390419],[-6.249191,53.390395],[-6.249135,53.390066],[-6.24913,53.390039],[-6.249127,53.390027],[-6.249074,53.390029],[-6.249015,53.389679],[-6.24835,53.389717],[-6.248192,53.389702],[-6.247525,53.389745],[-6.247515,53.389753],[-6.247494,53.389768],[-6.246971,53.389792],[-6.246838,53.389799],[-6.246424,53.389835],[-6.246367,53.389843],[-6.246366,53.38986],[-6.246377,53.389877],[-6.246401,53.389914],[-6.246529,53.390203],[-6.246552,53.390471],[-6.246541,53.390664],[-6.246495,53.390967],[-6.246416,53.391304],[-6.246411,53.391332],[-6.246377,53.391501],[-6.246358,53.3916]]}},{"type":"Feature","id":"way/384987474","properties":{"osmId":384987474,"attribution":"© OpenStreetMap contributors, ODbL 1.0","highway":"footway"},"geometry":{"type":"LineString","coordinates":[[-6.256303,53.3846],[-6.256288,53.384617]]}},{"type":"Feature","id":"way/385594002","properties":{"osmId":385594002,"attribution":"© OpenStreetMap contributors, ODbL 1.0","highway":"service","access":"private"},"geometry":{"type":"LineString","coordinates":[[-6.261005,53.386589],[-6.26104,53.386589]]}},{"type":"Feature","id":"way/385609554","properties":{"osmId":385609554,"attribution":"© OpenStreetMap contributors, ODbL 1.0","highway":"footway"},"geometry":{"type":"LineString","coordinates":[[-6.258212,53.387704],[-6.258228,53.387723],[-6.258228,53.387743],[-6.258211,53.387779],[-6.258142,53.387858],[-6.258005,53.388033],[-6.257905,53.388285],[-6.25762,53.388975],[-6.257586,53.389057],[-6.257431,53.389035],[-6.257066,53.388978],[-6.256177,53.388848],[-6.255377,53.388792],[-6.254644,53.388771],[-6.254536,53.388774],[-6.25398,53.388788],[-6.253874,53.388796],[-6.253414,53.38883],[-6.252421,53.388962],[-6.252331,53.388973],[-6.252287,53.388979],[-6.251595,53.389092],[-6.251301,53.389161],[-6.251015,53.389243],[-6.250291,53.389454],[-6.250227,53.389466],[-6.250151,53.38948],[-6.249975,53.389509],[-6.249418,53.389538],[-6.248115,53.389621],[-6.247673,53.389646],[-6.247628,53.389628],[-6.24761,53.389611]]}},{"type":"Feature","id":"way/385609555","properties":{"osmId":385609555,"attribution":"© OpenStreetMap contributors, ODbL 1.0","highway":"footway"},"geometry":{"type":"LineString","coordinates":[[-6.25762,53.388975],[-6.257431,53.389035]]}},{"type":"Feature","id":"way/385609556","properties":{"osmId":385609556,"attribution":"© OpenStreetMap contributors, ODbL 1.0","highway":"footway"},"geometry":{"type":"LineString","coordinates":[[-6.2435,53.388188],[-6.243619,53.388137],[-6.243801,53.388054],[-6.24416,53.387878],[-6.244331,53.387806],[-6.244404,53.387814],[-6.244509,53.387848],[-6.244814,53.388003],[-6.244902,53.388047],[-6.245156,53.388197],[-6.245403,53.388354],[-6.2455,53.388431],[-6.245647,53.388589],[-6.245731,53.388737],[-6.245803,53.388884],[-6.245864,53.38906],[-6.245908,53.389171],[-6.245989,53.389376],[-6.246116,53.389686],[-6.246201,53.389898],[-6.246269,53.390066],[-6.246339,53.390258],[-6.246373,53.390463],[-6.246323,53.390923],[-6.246188,53.391467],[-6.246169,53.391549],[-6.246018,53.392212],[-6.245919,53.392682],[-6.245884,53.392724],[-6.245877,53.392734],[-6.245836,53.392753],[-6.245801,53.39277],[-6.244709,53.392671],[-6.244643,53.392648],[-6.244604,53.3926],[-6.24462,53.392523],[-6.244756,53.391883],[-6.244865,53.391442]]}},{"type":"Feature","id":"way/385609557","properties":{"osmId":385609557,"attribution":"© OpenStreetMap contributors, ODbL 1.0","highway":"footway"},"geometry":{"type":"LineString","coordinates":[[-6.253889,53.386544],[-6.253914,53.38658],[-6.253083,53.387029],[-6.252655,53.387269],[-6.252148,53.387545],[-6.252054,53.387573],[-6.251949,53.387594],[-6.25185,53.387577],[-6.250713,53.387144],[-6.250606,53.387143],[-6.250551,53.387164],[-6.250078,53.387593],[-6.250009,53.387637],[-6.249994,53.38767],[-6.249996,53.387741],[-6.25006,53.387827],[-6.250018,53.387866],[-6.249956,53.387898],[-6.249864,53.387939],[-6.249808,53.387949],[-6.249747,53.387961],[-6.249655,53.387953],[-6.249587,53.387942],[-6.24953,53.387917],[-6.249365,53.387819],[-6.248832,53.387484],[-6.248767,53.387451],[-6.248696,53.387451],[-6.248628,53.387476],[-6.247878,53.387852],[-6.247758,53.387898],[-6.247544,53.38792],[-6.247008,53.387939],[-6.246776,53.387905],[-6.246363,53.38781],[-6.245641,53.387278],[-6.245589,53.387258],[-6.24554,53.387261],[-6.24544,53.3873],[-6.245328,53.387352],[-6.245226,53.3874],[-6.245033,53.387461],[-6.244753,53.387523],[-6.244604,53.387557],[-6.244537,53.387597],[-6.244525,53.387617],[-6.244518,53.387635],[-6.244523,53.387667],[-6.244543,53.387688]]}},{"type":"Feature","id":"way/386178119","properties":{"osmId":386178119,"attribution":"© OpenStreetMap contributors, ODbL 1.0","highway":"footway"},"geometry":{"type":"LineString","coordinates":[[-6.262388,53.386052],[-6.262355,53.386204],[-6.262334,53.386279],[-6.262162,53.386841],[-6.26194,53.387499],[-6.261893,53.387613],[-6.261853,53.387646],[-6.261821,53.387656],[-6.26176,53.387665],[-6.261697,53.387655],[-6.261104,53.38755],[-6.261041,53.387536],[-6.260978,53.387527],[-6.260865,53.387532],[-6.260793,53.387558],[-6.26075,53.387576],[-6.26068,53.387619],[-6.260656,53.387658],[-6.260613,53.387686],[-6.260539,53.387694],[-6.260485,53.387689],[-6.259924,53.387541],[-6.259529,53.38741],[-6.259194,53.38729],[-6.259131,53.387239],[-6.25906,53.387204],[-6.258906,53.38715]]}},{"type":"Feature","id":"way/386178120","properties":{"osmId":386178120,"attribution":"© OpenStreetMap contributors, ODbL 1.0","highway":"footway"},"geometry":{"type":"LineString","coordinates":[[-6.258822,53.387295],[-6.259003,53.387362],[-6.259044,53.38736],[-6.25979,53.387621],[-6.260444,53.387795],[-6.260493,53.387812],[-6.26053,53.387842],[-6.260522,53.387879],[-6.2604,53.388092],[-6.260343,53.388141]]}},{"type":"Feature","id":"way/386178121","properties":{"osmId":386178121,"attribution":"© OpenStreetMap contributors, ODbL 1.0","highway":"footway"},"geometry":{"type":"LineString","coordinates":[[-6.260615,53.388189],[-6.260599,53.388172],[-6.260591,53.38815],[-6.260604,53.388102],[-6.260635,53.388032],[-6.260813,53.38772],[-6.260865,53.387672],[-6.260939,53.387656],[-6.261111,53.387678],[-6.261762,53.387795],[-6.261957,53.387868],[-6.262008,53.387887],[-6.26214,53.38792],[-6.262269,53.387919],[-6.262879,53.387924],[-6.262883,53.387835],[-6.26289,53.387694],[-6.262896,53.387556],[-6.262903,53.387411],[-6.262943,53.387262]]}},{"type":"Feature","id":"way/386178122","properties":{"osmId":386178122,"attribution":"© OpenStreetMap contributors, ODbL 1.0","highway":"footway"},"geometry":{"type":"LineString","coordinates":[[-6.263311,53.387138],[-6.263274,53.387172],[-6.263244,53.387184],[-6.263192,53.387197],[-6.263127,53.387197],[-6.262923,53.387199],[-6.262414,53.387201],[-6.262377,53.387196],[-6.262342,53.387178],[-6.26231,53.387144],[-6.262299,53.387115],[-6.262301,53.387069],[-6.262363,53.386876],[-6.26253,53.386352],[-6.262536,53.386333],[-6.262557,53.38631],[-6.262605,53.386291],[-6.262712,53.386283],[-6.263283,53.38628],[-6.26332,53.386287],[-6.26335,53.386301],[-6.263368,53.386318],[-6.263374,53.386342],[-6.263373,53.386357],[-6.263345,53.386795],[-6.263324,53.387109],[-6.263318,53.387126],[-6.263311,53.387138]]}},{"type":"Feature","id":"way/386178123","properties":{"osmId":386178123,"attribution":"© OpenStreetMap contributors, ODbL 1.0","highway":"footway"},"geometry":{"type":"LineString","coordinates":[[-6.264552,53.386291],[-6.264365,53.386285],[-6.26428,53.386263],[-6.263694,53.386276],[-6.263618,53.386281],[-6.263585,53.386305],[-6.263561,53.386337],[-6.263546,53.386425],[-6.263509,53.387109],[-6.263513,53.38713],[-6.263553,53.387156],[-6.263596,53.387178],[-6.263672,53.38719],[-6.263763,53.387191],[-6.263978,53.387192],[-6.263975,53.387145],[-6.264309,53.387156],[-6.264624,53.387164],[-6.264624,53.387212],[-6.264882,53.387216]]}},{"type":"Feature","id":"way/386627036","properties":{"osmId":386627036,"attribution":"© OpenStreetMap contributors, ODbL 1.0","highway":"footway"},"geometry":{"type":"LineString","coordinates":[[-6.264659,53.389915],[-6.264642,53.389952],[-6.264627,53.38998]]}},{"type":"Feature","id":"way/402752379","properties":{"osmId":402752379,"attribution":"© OpenStreetMap contributors, ODbL 1.0","highway":"service","access":"private"},"geometry":{"type":"LineString","coordinates":[[-6.254608,53.386953],[-6.254241,53.387178]]}},{"type":"Feature","id":"way/402752381","properties":{"osmId":402752381,"attribution":"© OpenStreetMap contributors, ODbL 1.0","highway":"service","access":"private"},"geometry":{"type":"LineString","coordinates":[[-6.254608,53.387084],[-6.254353,53.387249]]}},{"type":"Feature","id":"way/402752383","properties":{"osmId":402752383,"attribution":"© OpenStreetMap contributors, ODbL 1.0","highway":"service","access":"private"},"geometry":{"type":"LineString","coordinates":[[-6.253651,53.387588],[-6.25408,53.387411]]}},{"type":"Feature","id":"way/402752384","properties":{"osmId":402752384,"attribution":"© OpenStreetMap contributors, ODbL 1.0","highway":"service","access":"private"},"geometry":{"type":"LineString","coordinates":[[-6.254519,53.387354],[-6.254815,53.387393],[-6.255182,53.387441],[-6.255435,53.387454],[-6.255633,53.387465],[-6.255834,53.387452],[-6.256226,53.387588]]}},{"type":"Feature","id":"way/402752386","properties":{"osmId":402752386,"attribution":"© OpenStreetMap contributors, ODbL 1.0","highway":"service","access":"private"},"geometry":{"type":"LineString","coordinates":[[-6.254958,53.387119],[-6.254702,53.387336],[-6.254519,53.387354]]}},{"type":"Feature","id":"way/402752388","properties":{"osmId":402752388,"attribution":"© OpenStreetMap contributors, ODbL 1.0","highway":"service","access":"private"},"geometry":{"type":"LineString","coordinates":[[-6.255056,53.387179],[-6.254815,53.387393]]}},{"type":"Feature","id":"way/413216291","properties":{"osmId":413216291,"attribution":"© OpenStreetMap contributors, ODbL 1.0","highway":"service"},"geometry":{"type":"LineString","coordinates":[[-6.264364,53.39033],[-6.264465,53.390343],[-6.264547,53.39035],[-6.264584,53.390385],[-6.264507,53.390554],[-6.264482,53.390622],[-6.264424,53.39078],[-6.264373,53.390899],[-6.264351,53.391101],[-6.264346,53.391154],[-6.264388,53.391398],[-6.264404,53.391491],[-6.264422,53.391675],[-6.264442,53.391816],[-6.264497,53.391899],[-6.264619,53.391977],[-6.264656,53.391998],[-6.264824,53.39209]]}},{"type":"Feature","id":"way/413216294","properties":{"osmId":413216294,"attribution":"© OpenStreetMap contributors, ODbL 1.0","highway":"service"},"geometry":{"type":"LineString","coordinates":[[-6.264482,53.390622],[-6.264554,53.390635],[-6.264591,53.390641],[-6.265075,53.390715],[-6.265217,53.390524]]}},{"type":"Feature","id":"way/413216295","properties":{"osmId":413216295,"attribution":"© OpenStreetMap contributors, ODbL 1.0","highway":"service"},"geometry":{"type":"LineString","coordinates":[[-6.265075,53.390715],[-6.265109,53.390721],[-6.265159,53.39073],[-6.265316,53.390727]]}},{"type":"Feature","id":"way/419904185","properties":{"osmId":419904185,"attribution":"© OpenStreetMap contributors, ODbL 1.0","highway":"footway"},"geometry":{"type":"LineString","coordinates":[[-6.258914,53.370981],[-6.259343,53.371116],[-6.259399,53.371131]]}},{"type":"Feature","id":"way/419904186","properties":{"osmId":419904186,"attribution":"© OpenStreetMap contributors, ODbL 1.0","highway":"footway"},"geometry":{"type":"LineString","coordinates":[[-6.258869,53.371056],[-6.258914,53.370981],[-6.259037,53.370826]]}},{"type":"Feature","id":"way/419904190","properties":{"osmId":419904190,"attribution":"© OpenStreetMap contributors, ODbL 1.0","highway":"footway"},"geometry":{"type":"LineString","coordinates":[[-6.257646,53.372546],[-6.258029,53.372654],[-6.258088,53.37267]]}},{"type":"Feature","id":"way/419904191","properties":{"osmId":419904191,"attribution":"© OpenStreetMap contributors, ODbL 1.0","highway":"footway"},"geometry":{"type":"LineString","coordinates":[[-6.257203,53.373913],[-6.257263,53.373924],[-6.257652,53.373998],[-6.257763,53.374096],[-6.257849,53.374131]]}},{"type":"Feature","id":"way/419904266","properties":{"osmId":419904266,"attribution":"© OpenStreetMap contributors, ODbL 1.0","highway":"footway"},"geometry":{"type":"LineString","coordinates":[[-6.258575,53.374455],[-6.25879,53.374546],[-6.259047,53.374583]]}},{"type":"Feature","id":"way/419904267","properties":{"osmId":419904267,"attribution":"© OpenStreetMap contributors, ODbL 1.0","highway":"footway"},"geometry":{"type":"LineString","coordinates":[[-6.25879,53.374546],[-6.258918,53.374358]]}},{"type":"Feature","id":"way/424096188","properties":{"osmId":424096188,"attribution":"© OpenStreetMap contributors, ODbL 1.0","highway":"footway"},"geometry":{"type":"LineString","coordinates":[[-6.265718,53.38592],[-6.265799,53.385889],[-6.265867,53.385803]]}},{"type":"Feature","id":"way/428537161","properties":{"osmId":428537161,"attribution":"© OpenStreetMap contributors, ODbL 1.0","highway":"secondary","name":"Swords Road"},"geometry":{"type":"LineString","coordinates":[[-6.246185,53.391915],[-6.246244,53.391661],[-6.246264,53.391556],[-6.246276,53.391493],[-6.246315,53.391323],[-6.246391,53.390964],[-6.246432,53.390618],[-6.246454,53.390406],[-6.246447,53.390295],[-6.246418,53.39021],[-6.246283,53.389888],[-6.24624,53.389787]]}},{"type":"Feature","id":"way/430407805","properties":{"osmId":430407805,"attribution":"© OpenStreetMap contributors, ODbL 1.0","highway":"footway"},"geometry":{"type":"LineString","coordinates":[[-6.268076,53.387218],[-6.268235,53.387216],[-6.268311,53.387252],[-6.268324,53.387277],[-6.268325,53.387347],[-6.268268,53.388046],[-6.268243,53.388062],[-6.267822,53.388048],[-6.267723,53.388043],[-6.267078,53.388011],[-6.267055,53.387995],[-6.266998,53.387977],[-6.266964,53.387977],[-6.266926,53.387986],[-6.266898,53.388004],[-6.266889,53.38801],[-6.26688,53.388039],[-6.266891,53.388057],[-6.266902,53.388076],[-6.266954,53.388094],[-6.267032,53.388085],[-6.267081,53.388074],[-6.267401,53.388088],[-6.267521,53.388093],[-6.267663,53.388099],[-6.268278,53.388126],[-6.268347,53.38813],[-6.269037,53.38817],[-6.269061,53.388227],[-6.269094,53.388303],[-6.269156,53.388374],[-6.269262,53.388445],[-6.269343,53.388476],[-6.269472,53.388491],[-6.269563,53.388499],[-6.269662,53.388499],[-6.269767,53.38848],[-6.269838,53.388459],[-6.26994,53.38839],[-6.269994,53.388354],[-6.270051,53.388291],[-6.2701,53.388221],[-6.270947,53.388269],[-6.271255,53.388307],[-6.271728,53.38839],[-6.271771,53.388421],[-6.271789,53.388444],[-6.2718,53.388457],[-6.271813,53.388498],[-6.271798,53.388539],[-6.27083,53.389488],[-6.270794,53.389549],[-6.270729,53.38971],[-6.270686,53.389756],[-6.27062,53.389798],[-6.270555,53.389808],[-6.270477,53.389805],[-6.270445,53.389804],[-6.270307,53.389794],[-6.268169,53.389632],[-6.267867,53.389603],[-6.266422,53.389378],[-6.265319,53.389174],[-6.265258,53.389163],[-6.265147,53.38917]]}},{"type":"Feature","id":"way/437896444","properties":{"osmId":437896444,"attribution":"© OpenStreetMap contributors, ODbL 1.0","highway":"service"},"geometry":{"type":"LineString","coordinates":[[-6.250636,53.390945],[-6.250606,53.390983],[-6.250542,53.391065]]}},{"type":"Feature","id":"way/437896447","properties":{"osmId":437896447,"attribution":"© OpenStreetMap contributors, ODbL 1.0","highway":"footway"},"geometry":{"type":"LineString","coordinates":[[-6.254043,53.391011],[-6.254246,53.390996],[-6.254318,53.390998]]}},{"type":"Feature","id":"way/437896448","properties":{"osmId":437896448,"attribution":"© OpenStreetMap contributors, ODbL 1.0","highway":"service"},"geometry":{"type":"LineString","coordinates":[[-6.257279,53.390779],[-6.257,53.390741],[-6.256714,53.390697]]}},{"type":"Feature","id":"way/437896449","properties":{"osmId":437896449,"attribution":"© OpenStreetMap contributors, ODbL 1.0","highway":"service"},"geometry":{"type":"LineString","coordinates":[[-6.256752,53.390615],[-6.256729,53.390663],[-6.256714,53.390697],[-6.256696,53.390735]]}},{"type":"Feature","id":"way/437896450","properties":{"osmId":437896450,"attribution":"© OpenStreetMap contributors, ODbL 1.0","highway":"footway","foot":"yes"},"geometry":{"type":"LineString","coordinates":[[-6.256828,53.390669],[-6.257208,53.390726]]}},{"type":"Feature","id":"way/437896451","properties":{"osmId":437896451,"attribution":"© OpenStreetMap contributors, ODbL 1.0","highway":"footway"},"geometry":{"type":"LineString","coordinates":[[-6.256828,53.390669],[-6.256729,53.390663],[-6.256679,53.39066]]}},{"type":"Feature","id":"way/437896452","properties":{"osmId":437896452,"attribution":"© OpenStreetMap contributors, ODbL 1.0","highway":"footway"},"geometry":{"type":"LineString","coordinates":[[-6.257208,53.390726],[-6.257297,53.390741],[-6.257339,53.390748]]}},{"type":"Feature","id":"way/437897417","properties":{"osmId":437897417,"attribution":"© OpenStreetMap contributors, ODbL 1.0","highway":"service","access":"private"},"geometry":{"type":"LineString","coordinates":[[-6.251699,53.376139],[-6.251655,53.376206],[-6.251617,53.376272],[-6.25158,53.376333],[-6.251442,53.376561],[-6.251386,53.376656],[-6.251536,53.376696]]}},{"type":"Feature","id":"way/437897418","properties":{"osmId":437897418,"attribution":"© OpenStreetMap contributors, ODbL 1.0","highway":"service","access":"private"},"geometry":{"type":"LineString","coordinates":[[-6.251442,53.376561],[-6.251603,53.376602]]}},{"type":"Feature","id":"way/439263062","properties":{"osmId":439263062,"attribution":"© OpenStreetMap contributors, ODbL 1.0","highway":"service"},"geometry":{"type":"LineString","coordinates":[[-6.264022,53.389005],[-6.263991,53.389082],[-6.263974,53.389126]]}},{"type":"Feature","id":"way/439263063","properties":{"osmId":439263063,"attribution":"© OpenStreetMap contributors, ODbL 1.0","highway":"service","access":"private"},"geometry":{"type":"LineString","coordinates":[[-6.263974,53.389126],[-6.263961,53.389169],[-6.264207,53.389214],[-6.264239,53.389262],[-6.264142,53.389524]]}},{"type":"Feature","id":"way/440691294","properties":{"osmId":440691294,"attribution":"© OpenStreetMap contributors, ODbL 1.0","highway":"service"},"geometry":{"type":"LineString","coordinates":[[-6.25017,53.384891],[-6.250004,53.384844],[-6.249864,53.384839],[-6.2498,53.384837]]}},{"type":"Feature","id":"way/440691295","properties":{"osmId":440691295,"attribution":"© OpenStreetMap contributors, ODbL 1.0","highway":"service"},"geometry":{"type":"LineString","coordinates":[[-6.250048,53.38469],[-6.250004,53.384844]]}},{"type":"Feature","id":"way/440691296","properties":{"osmId":440691296,"attribution":"© OpenStreetMap contributors, ODbL 1.0","highway":"footway"},"geometry":{"type":"LineString","coordinates":[[-6.249864,53.384839],[-6.249902,53.384614],[-6.249931,53.384585],[-6.249994,53.384575],[-6.250024,53.384586],[-6.250314,53.384693],[-6.250553,53.384782],[-6.250558,53.38484],[-6.250545,53.38487],[-6.250537,53.38489],[-6.250566,53.384934],[-6.250631,53.384963],[-6.250942,53.385097]]}},{"type":"Feature","id":"way/440691297","properties":{"osmId":440691297,"attribution":"© OpenStreetMap contributors, ODbL 1.0","highway":"footway"},"geometry":{"type":"LineString","coordinates":[[-6.250942,53.385097],[-6.251063,53.385134]]}},{"type":"Feature","id":"way/445139607","properties":{"osmId":445139607,"attribution":"© OpenStreetMap contributors, ODbL 1.0","highway":"footway"},"geometry":{"type":"LineString","coordinates":[[-6.258826,53.384909],[-6.258814,53.384941]]}},{"type":"Feature","id":"way/445198486","properties":{"osmId":445198486,"attribution":"© OpenStreetMap contributors, ODbL 1.0","highway":"footway","foot":"yes"},"geometry":{"type":"LineString","coordinates":[[-6.256966,53.39089],[-6.256997,53.390803]]}},{"type":"Feature","id":"way/445198490","properties":{"osmId":445198490,"attribution":"© OpenStreetMap contributors, ODbL 1.0","highway":"footway","foot":"yes"},"geometry":{"type":"LineString","coordinates":[[-6.256997,53.390803],[-6.257004,53.390786]]}},{"type":"Feature","id":"way/446086242","properties":{"osmId":446086242,"attribution":"© OpenStreetMap contributors, ODbL 1.0","highway":"footway"},"geometry":{"type":"LineString","coordinates":[[-6.258596,53.385357],[-6.258568,53.385459]]}},{"type":"Feature","id":"way/446086243","properties":{"osmId":446086243,"attribution":"© OpenStreetMap contributors, ODbL 1.0","highway":"corridor"},"geometry":{"type":"LineString","coordinates":[[-6.258787,53.385013],[-6.258763,53.385099],[-6.258605,53.385258],[-6.258596,53.385357]]}},{"type":"Feature","id":"way/452474004","properties":{"osmId":452474004,"attribution":"© OpenStreetMap contributors, ODbL 1.0","highway":"cycleway","name":"Swords Road","foot":"yes"},"geometry":{"type":"LineString","coordinates":[[-6.248474,53.377523],[-6.248074,53.377955],[-6.247861,53.378177],[-6.247601,53.378473],[-6.247311,53.378797],[-6.247155,53.378991],[-6.247057,53.37911],[-6.246857,53.379347],[-6.246548,53.3797],[-6.246184,53.380122],[-6.245889,53.380478],[-6.245687,53.380721]]}},{"type":"Feature","id":"way/452474376","properties":{"osmId":452474376,"attribution":"© OpenStreetMap contributors, ODbL 1.0","highway":"cycleway","name":"Swords Road"},"geometry":{"type":"LineString","coordinates":[[-6.249856,53.376291],[-6.249861,53.376431],[-6.249645,53.376577],[-6.249257,53.37683],[-6.248868,53.377135],[-6.248851,53.377149],[-6.248664,53.377299],[-6.248474,53.377523]]}},{"type":"Feature","id":"way/469803962","properties":{"osmId":469803962,"attribution":"© OpenStreetMap contributors, ODbL 1.0","highway":"footway"},"geometry":{"type":"LineString","coordinates":[[-6.258015,53.388588],[-6.257992,53.388599],[-6.257961,53.388669]]}},{"type":"Feature","id":"way/469803963","properties":{"osmId":469803963,"attribution":"© OpenStreetMap contributors, ODbL 1.0","highway":"footway"},"geometry":{"type":"LineString","coordinates":[[-6.25793,53.388749],[-6.257945,53.388711],[-6.257961,53.388669]]}},{"type":"Feature","id":"way/471689836","properties":{"osmId":471689836,"attribution":"© OpenStreetMap contributors, ODbL 1.0","highway":"residential","name":"The Copse"},"geometry":{"type":"LineString","coordinates":[[-6.248972,53.373181],[-6.249071,53.373027],[-6.249078,53.373007],[-6.249031,53.372955]]}},{"type":"Feature","id":"way/476163150","properties":{"osmId":476163150,"attribution":"© OpenStreetMap contributors, ODbL 1.0","highway":"footway","name":"Eden Terrace"},"geometry":{"type":"LineString","coordinates":[[-6.260482,53.368482],[-6.26055,53.368329]]}},{"type":"Feature","id":"way/488349662","properties":{"osmId":488349662,"attribution":"© OpenStreetMap contributors, ODbL 1.0","highway":"service"},"geometry":{"type":"LineString","coordinates":[[-6.266873,53.372023],[-6.266828,53.372051],[-6.266407,53.372313]]}},{"type":"Feature","id":"way/493540019","properties":{"osmId":493540019,"attribution":"© OpenStreetMap contributors, ODbL 1.0","highway":"residential","name":"Saint Pappin's Road"},"geometry":{"type":"LineString","coordinates":[[-6.265154,53.385929],[-6.264947,53.385918]]}},{"type":"Feature","id":"way/493540020","properties":{"osmId":493540020,"attribution":"© OpenStreetMap contributors, ODbL 1.0","highway":"secondary","name":"Ballymun Road"},"geometry":{"type":"LineString","coordinates":[[-6.265152,53.386476],[-6.265162,53.386633],[-6.265233,53.387032],[-6.265345,53.387571],[-6.265383,53.387808],[-6.265382,53.388017],[-6.26536,53.388191],[-6.265351,53.388228]]}},{"type":"Feature","id":"way/497632486","properties":{"osmId":497632486,"attribution":"© OpenStreetMap contributors, ODbL 1.0","highway":"service"},"geometry":{"type":"LineString","coordinates":[[-6.265542,53.388645],[-6.265318,53.3886],[-6.265215,53.388574]]}},{"type":"Feature","id":"way/497632487","properties":{"osmId":497632487,"attribution":"© OpenStreetMap contributors, ODbL 1.0","highway":"service","access":"no"},"geometry":{"type":"LineString","coordinates":[[-6.266384,53.380591],[-6.266488,53.380757]]}},{"type":"Feature","id":"way/497632488","properties":{"osmId":497632488,"attribution":"© OpenStreetMap contributors, ODbL 1.0","highway":"service","access":"no"},"geometry":{"type":"LineString","coordinates":[[-6.266556,53.379289],[-6.266677,53.379324],[-6.266721,53.379338],[-6.267266,53.379391],[-6.267333,53.379354],[-6.267413,53.379116],[-6.268092,53.379199],[-6.268021,53.379368],[-6.267975,53.37948],[-6.267947,53.379599]]}},{"type":"Feature","id":"way/497632508","properties":{"osmId":497632508,"attribution":"© OpenStreetMap contributors, ODbL 1.0","highway":"residential","name":"Saint Canice's Road"},"geometry":{"type":"LineString","coordinates":[[-6.271883,53.383999],[-6.271444,53.383889],[-6.270319,53.383608],[-6.268965,53.383269],[-6.268935,53.383262],[-6.268813,53.383233],[-6.268502,53.383159],[-6.268397,53.383134],[-6.267798,53.383046],[-6.266723,53.382923],[-6.266541,53.382917],[-6.265886,53.3829],[-6.265855,53.382899],[-6.265718,53.38289],[-6.265506,53.38287]]}},{"type":"Feature","id":"way/497739824","properties":{"osmId":497739824,"attribution":"© OpenStreetMap contributors, ODbL 1.0","highway":"service"},"geometry":{"type":"LineString","coordinates":[[-6.258328,53.368656],[-6.258146,53.36861],[-6.258023,53.368578],[-6.258166,53.368393]]}},{"type":"Feature","id":"way/497739826","properties":{"osmId":497739826,"attribution":"© OpenStreetMap contributors, ODbL 1.0","highway":"service"},"geometry":{"type":"LineString","coordinates":[[-6.255635,53.368309],[-6.256013,53.368213]]}},{"type":"Feature","id":"way/497739828","properties":{"osmId":497739828,"attribution":"© OpenStreetMap contributors, ODbL 1.0","highway":"residential","name":"Millmount Avenue"},"geometry":{"type":"LineString","coordinates":[[-6.256078,53.368972],[-6.25569,53.368892],[-6.255249,53.3688],[-6.255176,53.368785],[-6.255124,53.368774],[-6.254998,53.368755]]}},{"type":"Feature","id":"way/497739831","properties":{"osmId":497739831,"attribution":"© OpenStreetMap contributors, ODbL 1.0","highway":"residential","name":"Ferguson Road"},"geometry":{"type":"LineString","coordinates":[[-6.258731,53.371911],[-6.258671,53.371978],[-6.258446,53.372234],[-6.258088,53.37267],[-6.257949,53.37284],[-6.25773,53.373131],[-6.25733,53.373677],[-6.257203,53.373913],[-6.257168,53.373978],[-6.256937,53.374395],[-6.256901,53.37446]]}},{"type":"Feature","id":"way/497739834","properties":{"osmId":497739834,"attribution":"© OpenStreetMap contributors, ODbL 1.0","highway":"footway"},"geometry":{"type":"LineString","coordinates":[[-6.25824,53.373288],[-6.25824,53.373309],[-6.258607,53.373354],[-6.258738,53.372965]]}},{"type":"Feature","id":"way/497739838","properties":{"osmId":497739838,"attribution":"© OpenStreetMap contributors, ODbL 1.0","highway":"footway"},"geometry":{"type":"LineString","coordinates":[[-6.260365,53.373554],[-6.260227,53.373537],[-6.259891,53.373495]]}},{"type":"Feature","id":"way/497739839","properties":{"osmId":497739839,"attribution":"© OpenStreetMap contributors, ODbL 1.0","highway":"footway"},"geometry":{"type":"LineString","coordinates":[[-6.260227,53.373537],[-6.260349,53.373149]]}},{"type":"Feature","id":"way/497961367","properties":{"osmId":497961367,"attribution":"© OpenStreetMap contributors, ODbL 1.0","highway":"footway"},"geometry":{"type":"LineString","coordinates":[[-6.267401,53.388088],[-6.267337,53.388567],[-6.267293,53.388604]]}},{"type":"Feature","id":"way/499415178","properties":{"osmId":499415178,"attribution":"© OpenStreetMap contributors, ODbL 1.0","highway":"service"},"geometry":{"type":"LineString","coordinates":[[-6.267433,53.372824],[-6.267548,53.372862],[-6.267727,53.37266],[-6.267752,53.372631],[-6.267789,53.372589]]}},{"type":"Feature","id":"way/527580299","properties":{"osmId":527580299,"attribution":"© OpenStreetMap contributors, ODbL 1.0","highway":"residential","name":"Millmount Avenue"},"geometry":{"type":"LineString","coordinates":[[-6.259342,53.37022],[-6.259381,53.370176],[-6.259404,53.370092],[-6.259421,53.370015],[-6.259429,53.369951],[-6.259429,53.369889],[-6.259421,53.369856],[-6.259391,53.369823],[-6.259305,53.369777],[-6.259014,53.369667],[-6.258864,53.36961],[-6.25868,53.369546],[-6.258609,53.369521],[-6.258481,53.369476],[-6.258367,53.369449],[-6.258055,53.369384],[-6.257269,53.36922],[-6.257148,53.369195],[-6.256232,53.369005],[-6.256078,53.368972]]}},{"type":"Feature","id":"way/528000669","properties":{"osmId":528000669,"attribution":"© OpenStreetMap contributors, ODbL 1.0","highway":"residential","name":"Millmount Avenue"},"geometry":{"type":"LineString","coordinates":[[-6.259921,53.370481],[-6.259836,53.370441]]}},{"type":"Feature","id":"way/542716202","properties":{"osmId":542716202,"attribution":"© OpenStreetMap contributors, ODbL 1.0","highway":"footway"},"geometry":{"type":"LineString","coordinates":[[-6.248931,53.377162],[-6.248892,53.377145]]}},{"type":"Feature","id":"way/552893525","properties":{"osmId":552893525,"attribution":"© OpenStreetMap contributors, ODbL 1.0","highway":"footway"},"geometry":{"type":"LineString","coordinates":[[-6.264538,53.386203],[-6.264527,53.386121]]}},{"type":"Feature","id":"way/552893526","properties":{"osmId":552893526,"attribution":"© OpenStreetMap contributors, ODbL 1.0","highway":"footway"},"geometry":{"type":"LineString","coordinates":[[-6.264552,53.386291],[-6.264538,53.386203]]}},{"type":"Feature","id":"way/552893534","properties":{"osmId":552893534,"attribution":"© OpenStreetMap contributors, ODbL 1.0","highway":"footway"},"geometry":{"type":"LineString","coordinates":[[-6.265319,53.389174],[-6.265477,53.388892],[-6.265196,53.388832]]}},{"type":"Feature","id":"way/552893535","properties":{"osmId":552893535,"attribution":"© OpenStreetMap contributors, ODbL 1.0","highway":"footway"},"geometry":{"type":"LineString","coordinates":[[-6.265374,53.3885],[-6.265428,53.388494],[-6.265726,53.388241]]}},{"type":"Feature","id":"way/552900612","properties":{"osmId":552900612,"attribution":"© OpenStreetMap contributors, ODbL 1.0","highway":"service"},"geometry":{"type":"LineString","coordinates":[[-6.252454,53.38901],[-6.252421,53.388962],[-6.252429,53.388943]]}},{"type":"Feature","id":"way/552900613","properties":{"osmId":552900613,"attribution":"© OpenStreetMap contributors, ODbL 1.0","highway":"service","access":"private"},"geometry":{"type":"LineString","coordinates":[[-6.252429,53.388943],[-6.252426,53.388935],[-6.252306,53.38862]]}},{"type":"Feature","id":"way/552900614","properties":{"osmId":552900614,"attribution":"© OpenStreetMap contributors, ODbL 1.0","highway":"service","access":"private"},"geometry":{"type":"LineString","coordinates":[[-6.251818,53.388596],[-6.251447,53.388658]]}},{"type":"Feature","id":"way/552900615","properties":{"osmId":552900615,"attribution":"© OpenStreetMap contributors, ODbL 1.0","highway":"service","name":"Milner's Square","access":"private"},"geometry":{"type":"LineString","coordinates":[[-6.251402,53.388453],[-6.251447,53.388658],[-6.251463,53.388764],[-6.251589,53.389051]]}},{"type":"Feature","id":"way/552909124","properties":{"osmId":552909124,"attribution":"© OpenStreetMap contributors, ODbL 1.0","highway":"service"},"geometry":{"type":"LineString","coordinates":[[-6.254969,53.374468],[-6.254696,53.374912]]}},{"type":"Feature","id":"way/552909127","properties":{"osmId":552909127,"attribution":"© OpenStreetMap contributors, ODbL 1.0","highway":"service"},"geometry":{"type":"LineString","coordinates":[[-6.256078,53.37565],[-6.256132,53.375549],[-6.256228,53.375496],[-6.256405,53.375445]]}},{"type":"Feature","id":"way/553121813","properties":{"osmId":553121813,"attribution":"© OpenStreetMap contributors, ODbL 1.0","highway":"residential","name":"The Haven"},"geometry":{"type":"LineString","coordinates":[[-6.26716,53.377342],[-6.267154,53.377309],[-6.267139,53.377236]]}},{"type":"Feature","id":"way/558036987","properties":{"osmId":558036987,"attribution":"© OpenStreetMap contributors, ODbL 1.0","highway":"service"},"geometry":{"type":"LineString","coordinates":[[-6.257321,53.390694],[-6.257297,53.390741],[-6.257279,53.390779],[-6.257303,53.390831],[-6.257262,53.390937],[-6.25723,53.391004],[-6.257122,53.391046]]}},{"type":"Feature","id":"way/558036990","properties":{"osmId":558036990,"attribution":"© OpenStreetMap contributors, ODbL 1.0","highway":"service"},"geometry":{"type":"LineString","coordinates":[[-6.257458,53.390588],[-6.257378,53.390619],[-6.257368,53.39064],[-6.257349,53.390698]]}},{"type":"Feature","id":"way/558036991","properties":{"osmId":558036991,"attribution":"© OpenStreetMap contributors, ODbL 1.0","highway":"service"},"geometry":{"type":"LineString","coordinates":[[-6.256827,53.390467],[-6.256796,53.390552],[-6.256772,53.390618]]}},{"type":"Feature","id":"way/558036993","properties":{"osmId":558036993,"attribution":"© OpenStreetMap contributors, ODbL 1.0","highway":"footway"},"geometry":{"type":"LineString","coordinates":[[-6.257441,53.387347],[-6.257494,53.387287],[-6.257539,53.387242]]}},{"type":"Feature","id":"way/558036994","properties":{"osmId":558036994,"attribution":"© OpenStreetMap contributors, ODbL 1.0","highway":"service"},"geometry":{"type":"LineString","coordinates":[[-6.257743,53.387564],[-6.257812,53.387622],[-6.257854,53.38767],[-6.257825,53.38772]]}},{"type":"Feature","id":"way/558036996","properties":{"osmId":558036996,"attribution":"© OpenStreetMap contributors, ODbL 1.0","highway":"service"},"geometry":{"type":"LineString","coordinates":[[-6.257907,53.387751],[-6.257902,53.387669],[-6.257843,53.387601],[-6.257743,53.387564]]}},{"type":"Feature","id":"way/558036997","properties":{"osmId":558036997,"attribution":"© OpenStreetMap contributors, ODbL 1.0","highway":"service","name":"Milner's Square","access":"private"},"geometry":{"type":"LineString","coordinates":[[-6.252044,53.388221],[-6.252334,53.388948],[-6.252337,53.388956]]}},{"type":"Feature","id":"way/558036999","properties":{"osmId":558036999,"attribution":"© OpenStreetMap contributors, ODbL 1.0","highway":"service","name":"Milner's Square"},"geometry":{"type":"LineString","coordinates":[[-6.252337,53.388956],[-6.252331,53.388973],[-6.252361,53.389022]]}},{"type":"Feature","id":"way/558037000","properties":{"osmId":558037000,"attribution":"© OpenStreetMap contributors, ODbL 1.0","highway":"service","name":"Milner's Square"},"geometry":{"type":"LineString","coordinates":[[-6.251589,53.389051],[-6.251595,53.389092],[-6.251629,53.389131]]}},{"type":"Feature","id":"way/558037002","properties":{"osmId":558037002,"attribution":"© OpenStreetMap contributors, ODbL 1.0","highway":"service"},"geometry":{"type":"LineString","coordinates":[[-6.250204,53.389524],[-6.250221,53.38959],[-6.250228,53.389617],[-6.250237,53.389651],[-6.250244,53.389676]]}},{"type":"Feature","id":"way/558037004","properties":{"osmId":558037004,"attribution":"© OpenStreetMap contributors, ODbL 1.0","highway":"service","foot":"customers","access":"private"},"geometry":{"type":"LineString","coordinates":[[-6.250754,53.38953],[-6.250586,53.389573],[-6.250373,53.389628],[-6.250507,53.389939],[-6.250338,53.389975]]}},{"type":"Feature","id":"way/558040011","properties":{"osmId":558040011,"attribution":"© OpenStreetMap contributors, ODbL 1.0","highway":"service"},"geometry":{"type":"LineString","coordinates":[[-6.252901,53.389839],[-6.253347,53.389753],[-6.254076,53.389666]]}},{"type":"Feature","id":"way/558040012","properties":{"osmId":558040012,"attribution":"© OpenStreetMap contributors, ODbL 1.0","highway":"service"},"geometry":{"type":"LineString","coordinates":[[-6.254087,53.389823],[-6.254076,53.389666],[-6.254135,53.389404],[-6.25413,53.389231],[-6.25406,53.389014],[-6.253422,53.389075],[-6.25308,53.389119],[-6.252204,53.389231]]}},{"type":"Feature","id":"way/558040013","properties":{"osmId":558040013,"attribution":"© OpenStreetMap contributors, ODbL 1.0","highway":"service"},"geometry":{"type":"LineString","coordinates":[[-6.25308,53.389119],[-6.253043,53.388985],[-6.253029,53.388934]]}},{"type":"Feature","id":"way/558040014","properties":{"osmId":558040014,"attribution":"© OpenStreetMap contributors, ODbL 1.0","highway":"service"},"geometry":{"type":"LineString","coordinates":[[-6.252022,53.389063],[-6.252052,53.389126],[-6.252062,53.389145]]}},{"type":"Feature","id":"way/558040017","properties":{"osmId":558040017,"attribution":"© OpenStreetMap contributors, ODbL 1.0","highway":"service","access":"private"},"geometry":{"type":"LineString","coordinates":[[-6.251166,53.389485],[-6.251577,53.38939],[-6.252024,53.389288]]}},{"type":"Feature","id":"way/558040018","properties":{"osmId":558040018,"attribution":"© OpenStreetMap contributors, ODbL 1.0","highway":"service","access":"private"},"geometry":{"type":"LineString","coordinates":[[-6.251577,53.38939],[-6.251509,53.389251]]}},{"type":"Feature","id":"way/558048200","properties":{"osmId":558048200,"attribution":"© OpenStreetMap contributors, ODbL 1.0","highway":"corridor"},"geometry":{"type":"LineString","coordinates":[[-6.258904,53.385933],[-6.259335,53.386089]]}},{"type":"Feature","id":"way/558048201","properties":{"osmId":558048201,"attribution":"© OpenStreetMap contributors, ODbL 1.0","highway":"footway"},"geometry":{"type":"LineString","coordinates":[[-6.259356,53.386052],[-6.259541,53.385868]]}},{"type":"Feature","id":"way/558054999","properties":{"osmId":558054999,"attribution":"© OpenStreetMap contributors, ODbL 1.0","highway":"footway","foot":"private"},"geometry":{"type":"LineString","coordinates":[[-6.249931,53.376905],[-6.250038,53.376967],[-6.250453,53.3767],[-6.250569,53.376626],[-6.250627,53.376589]]}},{"type":"Feature","id":"way/558055000","properties":{"osmId":558055000,"attribution":"© OpenStreetMap contributors, ODbL 1.0","highway":"service","access":"private"},"geometry":{"type":"LineString","coordinates":[[-6.250077,53.37647],[-6.250453,53.3767],[-6.250555,53.376737]]}},{"type":"Feature","id":"way/558081961","properties":{"osmId":558081961,"attribution":"© OpenStreetMap contributors, ODbL 1.0","highway":"service","access":"private"},"geometry":{"type":"LineString","coordinates":[[-6.251048,53.389473],[-6.250841,53.389526],[-6.250795,53.389472]]}},{"type":"Feature","id":"way/558091771","properties":{"osmId":558091771,"attribution":"© OpenStreetMap contributors, ODbL 1.0","highway":"service","name":"Ailesbury"},"geometry":{"type":"LineString","coordinates":[[-6.246996,53.389957],[-6.246971,53.389792],[-6.246963,53.389738]]}},{"type":"Feature","id":"way/558112093","properties":{"osmId":558112093,"attribution":"© OpenStreetMap contributors, ODbL 1.0","highway":"secondary","name":"Swords Road"},"geometry":{"type":"LineString","coordinates":[[-6.24976,53.376367],[-6.249387,53.376642],[-6.24907,53.376859],[-6.248775,53.377094],[-6.248641,53.377202],[-6.248529,53.377308],[-6.2484,53.377445],[-6.248167,53.37768],[-6.247816,53.378087],[-6.247652,53.378276],[-6.247616,53.378318],[-6.247037,53.378982],[-6.246986,53.379043],[-6.246956,53.379078],[-6.24693,53.379109],[-6.246737,53.379335],[-6.246562,53.379542],[-6.246469,53.37965],[-6.245764,53.38048],[-6.245596,53.380685],[-6.245555,53.380742]]}},{"type":"Feature","id":"way/558375260","properties":{"osmId":558375260,"attribution":"© OpenStreetMap contributors, ODbL 1.0","highway":"service"},"geometry":{"type":"LineString","coordinates":[[-6.256358,53.38647],[-6.256416,53.386411],[-6.256676,53.386152]]}},{"type":"Feature","id":"way/558375261","properties":{"osmId":558375261,"attribution":"© OpenStreetMap contributors, ODbL 1.0","highway":"footway"},"geometry":{"type":"LineString","coordinates":[[-6.258188,53.386927],[-6.258049,53.386877],[-6.258035,53.386876]]}},{"type":"Feature","id":"way/558375262","properties":{"osmId":558375262,"attribution":"© OpenStreetMap contributors, ODbL 1.0","highway":"footway"},"geometry":{"type":"LineString","coordinates":[[-6.256782,53.386146],[-6.25675,53.386179],[-6.256705,53.386225]]}},{"type":"Feature","id":"way/558375263","properties":{"osmId":558375263,"attribution":"© OpenStreetMap contributors, ODbL 1.0","highway":"footway"},"geometry":{"type":"LineString","coordinates":[[-6.256705,53.386225],[-6.256659,53.386242],[-6.256471,53.386432],[-6.256504,53.386444]]}},{"type":"Feature","id":"way/558375264","properties":{"osmId":558375264,"attribution":"© OpenStreetMap contributors, ODbL 1.0","highway":"service"},"geometry":{"type":"LineString","coordinates":[[-6.256466,53.386075],[-6.256496,53.386039],[-6.256541,53.386023],[-6.256661,53.38607],[-6.256659,53.386102],[-6.256627,53.386134]]}},{"type":"Feature","id":"way/558375265","properties":{"osmId":558375265,"attribution":"© OpenStreetMap contributors, ODbL 1.0","highway":"service","name":"Upper Car Park"},"geometry":{"type":"LineString","coordinates":[[-6.25683,53.386209],[-6.256768,53.386272],[-6.256749,53.386291],[-6.256723,53.386317],[-6.256784,53.386336],[-6.257038,53.386428],[-6.257072,53.386392]]}},{"type":"Feature","id":"way/558486102","properties":{"osmId":558486102,"attribution":"© OpenStreetMap contributors, ODbL 1.0","highway":"service"},"geometry":{"type":"LineString","coordinates":[[-6.251378,53.384592],[-6.250557,53.38432],[-6.250112,53.384228],[-6.250051,53.384215],[-6.249994,53.384204]]}},{"type":"Feature","id":"way/558486103","properties":{"osmId":558486103,"attribution":"© OpenStreetMap contributors, ODbL 1.0","highway":"service"},"geometry":{"type":"LineString","coordinates":[[-6.251511,53.384871],[-6.251703,53.384916],[-6.251947,53.384961],[-6.252089,53.384969],[-6.252234,53.384943],[-6.252349,53.384898],[-6.252416,53.384825],[-6.252899,53.384388],[-6.252886,53.384334],[-6.252548,53.384218],[-6.25236,53.384151],[-6.251724,53.383985],[-6.251617,53.383978],[-6.251512,53.384006],[-6.251402,53.384105]]}},{"type":"Feature","id":"way/558486104","properties":{"osmId":558486104,"attribution":"© OpenStreetMap contributors, ODbL 1.0","highway":"footway"},"geometry":{"type":"LineString","coordinates":[[-6.251609,53.384649],[-6.251816,53.38443]]}},{"type":"Feature","id":"way/558490312","properties":{"osmId":558490312,"attribution":"© OpenStreetMap contributors, ODbL 1.0","highway":"footway"},"geometry":{"type":"LineString","coordinates":[[-6.255448,53.385751],[-6.254935,53.385559],[-6.254316,53.385362]]}},{"type":"Feature","id":"way/558490313","properties":{"osmId":558490313,"attribution":"© OpenStreetMap contributors, ODbL 1.0","highway":"service"},"geometry":{"type":"LineString","coordinates":[[-6.253618,53.385339],[-6.253769,53.385187],[-6.253791,53.385163],[-6.253714,53.385109],[-6.253698,53.385056],[-6.253673,53.385021]]}},{"type":"Feature","id":"way/558501912","properties":{"osmId":558501912,"attribution":"© OpenStreetMap contributors, ODbL 1.0","highway":"footway"},"geometry":{"type":"LineString","coordinates":[[-6.253834,53.384486],[-6.253877,53.384453],[-6.253979,53.384479],[-6.254091,53.384371]]}},{"type":"Feature","id":"way/558501914","properties":{"osmId":558501914,"attribution":"© OpenStreetMap contributors, ODbL 1.0","highway":"steps"},"geometry":{"type":"LineString","coordinates":[[-6.253733,53.384562],[-6.253834,53.384486]]}},{"type":"Feature","id":"way/558501918","properties":{"osmId":558501918,"attribution":"© OpenStreetMap contributors, ODbL 1.0","highway":"service"},"geometry":{"type":"LineString","coordinates":[[-6.25366,53.384322],[-6.253704,53.384369],[-6.253877,53.384453],[-6.254103,53.384572],[-6.254238,53.384623]]}},{"type":"Feature","id":"way/558501921","properties":{"osmId":558501921,"attribution":"© OpenStreetMap contributors, ODbL 1.0","highway":"corridor"},"geometry":{"type":"LineString","coordinates":[[-6.258515,53.384701],[-6.258245,53.384602],[-6.257934,53.384487]]}},{"type":"Feature","id":"way/558501922","properties":{"osmId":558501922,"attribution":"© OpenStreetMap contributors, ODbL 1.0","highway":"path"},"geometry":{"type":"LineString","coordinates":[[-6.257862,53.384471],[-6.257934,53.384487]]}},{"type":"Feature","id":"way/558501924","properties":{"osmId":558501924,"attribution":"© OpenStreetMap contributors, ODbL 1.0","highway":"path"},"geometry":{"type":"LineString","coordinates":[[-6.258515,53.384701],[-6.258526,53.384706]]}},{"type":"Feature","id":"way/558633687","properties":{"osmId":558633687,"attribution":"© OpenStreetMap contributors, ODbL 1.0","highway":"footway"},"geometry":{"type":"LineString","coordinates":[[-6.250314,53.384693],[-6.250301,53.384706],[-6.250288,53.38477]]}},{"type":"Feature","id":"way/558633688","properties":{"osmId":558633688,"attribution":"© OpenStreetMap contributors, ODbL 1.0","highway":"path"},"geometry":{"type":"LineString","coordinates":[[-6.250631,53.384963],[-6.250857,53.385255],[-6.250911,53.385299]]}},{"type":"Feature","id":"way/558633691","properties":{"osmId":558633691,"attribution":"© OpenStreetMap contributors, ODbL 1.0","highway":"service"},"geometry":{"type":"LineString","coordinates":[[-6.253117,53.385656],[-6.253202,53.385572],[-6.253245,53.385531],[-6.25328,53.385496],[-6.253382,53.385396],[-6.25336,53.385368]]}},{"type":"Feature","id":"way/558633692","properties":{"osmId":558633692,"attribution":"© OpenStreetMap contributors, ODbL 1.0","highway":"service"},"geometry":{"type":"LineString","coordinates":[[-6.254316,53.385362],[-6.253811,53.38517]]}},{"type":"Feature","id":"way/558633693","properties":{"osmId":558633693,"attribution":"© OpenStreetMap contributors, ODbL 1.0","highway":"service"},"geometry":{"type":"LineString","coordinates":[[-6.25328,53.385496],[-6.252937,53.385368],[-6.252906,53.385324],[-6.252942,53.385211],[-6.252974,53.385109],[-6.252985,53.385074]]}},{"type":"Feature","id":"way/558633694","properties":{"osmId":558633694,"attribution":"© OpenStreetMap contributors, ODbL 1.0","highway":"service"},"geometry":{"type":"LineString","coordinates":[[-6.253474,53.385251],[-6.252985,53.385074]]}},{"type":"Feature","id":"way/558633695","properties":{"osmId":558633695,"attribution":"© OpenStreetMap contributors, ODbL 1.0","highway":"service"},"geometry":{"type":"LineString","coordinates":[[-6.25336,53.385368],[-6.252942,53.385211]]}},{"type":"Feature","id":"way/558633696","properties":{"osmId":558633696,"attribution":"© OpenStreetMap contributors, ODbL 1.0","highway":"service"},"geometry":{"type":"LineString","coordinates":[[-6.252985,53.385074],[-6.253003,53.385022],[-6.253034,53.384978],[-6.253095,53.384957],[-6.253184,53.384981],[-6.253487,53.385097]]}},{"type":"Feature","id":"way/558633697","properties":{"osmId":558633697,"attribution":"© OpenStreetMap contributors, ODbL 1.0","highway":"service"},"geometry":{"type":"LineString","coordinates":[[-6.25336,53.385368],[-6.253474,53.385251],[-6.253591,53.38513],[-6.253651,53.385069],[-6.253698,53.385056]]}},{"type":"Feature","id":"way/558633698","properties":{"osmId":558633698,"attribution":"© OpenStreetMap contributors, ODbL 1.0","highway":"service"},"geometry":{"type":"LineString","coordinates":[[-6.258764,53.387341],[-6.258822,53.387295],[-6.258884,53.387247],[-6.258906,53.38715],[-6.258967,53.387093]]}},{"type":"Feature","id":"way/558641666","properties":{"osmId":558641666,"attribution":"© OpenStreetMap contributors, ODbL 1.0","highway":"residential","name":"Larkhill Road"},"geometry":{"type":"LineString","coordinates":[[-6.244903,53.386465],[-6.244816,53.386331],[-6.244774,53.386228],[-6.244731,53.385887],[-6.244732,53.385755],[-6.244775,53.385585],[-6.24485,53.385339],[-6.244967,53.38512],[-6.245069,53.384941],[-6.245176,53.384781],[-6.245299,53.384609],[-6.245394,53.384459],[-6.245617,53.384265],[-6.245892,53.38407],[-6.246152,53.383903],[-6.246759,53.383511],[-6.246988,53.383384]]}},{"type":"Feature","id":"way/558663294","properties":{"osmId":558663294,"attribution":"© OpenStreetMap contributors, ODbL 1.0","highway":"service","name":"Shanowen Square","access":"private"},"geometry":{"type":"LineString","coordinates":[[-6.25712,53.388831],[-6.257154,53.388715],[-6.257132,53.388672],[-6.257112,53.38863],[-6.257349,53.387957],[-6.257346,53.387906],[-6.256721,53.387724],[-6.256577,53.387681]]}},{"type":"Feature","id":"way/558663295","properties":{"osmId":558663295,"attribution":"© OpenStreetMap contributors, ODbL 1.0","highway":"service","access":"private"},"geometry":{"type":"LineString","coordinates":[[-6.256631,53.387825],[-6.256721,53.387724]]}},{"type":"Feature","id":"way/558663296","properties":{"osmId":558663296,"attribution":"© OpenStreetMap contributors, ODbL 1.0","highway":"footway","foot":"private"},"geometry":{"type":"LineString","coordinates":[[-6.257132,53.388672],[-6.256902,53.388649],[-6.256671,53.388609],[-6.256596,53.388536],[-6.256588,53.388403],[-6.256599,53.388184],[-6.256575,53.388081],[-6.256599,53.387883],[-6.256631,53.387825]]}},{"type":"Feature","id":"way/558663299","properties":{"osmId":558663299,"attribution":"© OpenStreetMap contributors, ODbL 1.0","highway":"service","access":"private"},"geometry":{"type":"LineString","coordinates":[[-6.25619,53.388663],[-6.256195,53.388072],[-6.256146,53.38806]]}},{"type":"Feature","id":"way/558663300","properties":{"osmId":558663300,"attribution":"© OpenStreetMap contributors, ODbL 1.0","highway":"service","access":"private"},"geometry":{"type":"LineString","coordinates":[[-6.256146,53.38806],[-6.256112,53.388028],[-6.25611,53.387835]]}},{"type":"Feature","id":"way/558663302","properties":{"osmId":558663302,"attribution":"© OpenStreetMap contributors, ODbL 1.0","highway":"steps"},"geometry":{"type":"LineString","coordinates":[[-6.255396,53.384524],[-6.255379,53.384518],[-6.25518,53.384439]]}},{"type":"Feature","id":"way/558671801","properties":{"osmId":558671801,"attribution":"© OpenStreetMap contributors, ODbL 1.0","highway":"footway"},"geometry":{"type":"LineString","coordinates":[[-6.252334,53.388948],[-6.252426,53.388935]]}},{"type":"Feature","id":"way/558917849","properties":{"osmId":558917849,"attribution":"© OpenStreetMap contributors, ODbL 1.0","highway":"service","access":"private"},"geometry":{"type":"LineString","coordinates":[[-6.250762,53.390113],[-6.250508,53.390171],[-6.250521,53.390219],[-6.250593,53.390248],[-6.2508,53.390201]]}},{"type":"Feature","id":"way/558917852","properties":{"osmId":558917852,"attribution":"© OpenStreetMap contributors, ODbL 1.0","highway":"service","access":"private"},"geometry":{"type":"LineString","coordinates":[[-6.250418,53.390237],[-6.250521,53.390219]]}},{"type":"Feature","id":"way/558917858","properties":{"osmId":558917858,"attribution":"© OpenStreetMap contributors, ODbL 1.0","highway":"service","access":"private"},"geometry":{"type":"LineString","coordinates":[[-6.25153,53.3903],[-6.251295,53.39035],[-6.251214,53.390215]]}},{"type":"Feature","id":"way/558917861","properties":{"osmId":558917861,"attribution":"© OpenStreetMap contributors, ODbL 1.0","highway":"service","access":"permissive"},"geometry":{"type":"LineString","coordinates":[[-6.250244,53.389676],[-6.250338,53.389975]]}},{"type":"Feature","id":"way/558917863","properties":{"osmId":558917863,"attribution":"© OpenStreetMap contributors, ODbL 1.0","highway":"service","access":"private"},"geometry":{"type":"LineString","coordinates":[[-6.250338,53.389975],[-6.250418,53.390237],[-6.250471,53.390355],[-6.250488,53.390405],[-6.25063,53.390381],[-6.250866,53.390293],[-6.250995,53.390264],[-6.251214,53.390215],[-6.251648,53.390117],[-6.251778,53.39005],[-6.252246,53.389939],[-6.25237,53.390134]]}},{"type":"Feature","id":"way/558917865","properties":{"osmId":558917865,"attribution":"© OpenStreetMap contributors, ODbL 1.0","highway":"service"},"geometry":{"type":"LineString","coordinates":[[-6.250795,53.389472],[-6.250775,53.389449],[-6.250744,53.389395]]}},{"type":"Feature","id":"way/558917867","properties":{"osmId":558917867,"attribution":"© OpenStreetMap contributors, ODbL 1.0","highway":"service"},"geometry":{"type":"LineString","coordinates":[[-6.251509,53.389251],[-6.251503,53.389239],[-6.251472,53.389176]]}},{"type":"Feature","id":"way/558917868","properties":{"osmId":558917868,"attribution":"© OpenStreetMap contributors, ODbL 1.0","highway":"service"},"geometry":{"type":"LineString","coordinates":[[-6.250011,53.389361],[-6.250206,53.389382],[-6.250652,53.389311]]}},{"type":"Feature","id":"way/558917876","properties":{"osmId":558917876,"attribution":"© OpenStreetMap contributors, ODbL 1.0","highway":"service"},"geometry":{"type":"LineString","coordinates":[[-6.249886,53.388401],[-6.249884,53.388388],[-6.249843,53.388177],[-6.249834,53.388011]]}},{"type":"Feature","id":"way/558917878","properties":{"osmId":558917878,"attribution":"© OpenStreetMap contributors, ODbL 1.0","highway":"service"},"geometry":{"type":"LineString","coordinates":[[-6.249777,53.387903],[-6.249808,53.387949],[-6.249822,53.387969],[-6.249834,53.388011]]}},{"type":"Feature","id":"way/558923351","properties":{"osmId":558923351,"attribution":"© OpenStreetMap contributors, ODbL 1.0","highway":"footway"},"geometry":{"type":"LineString","coordinates":[[-6.255457,53.388905],[-6.255541,53.388908],[-6.255645,53.388913]]}},{"type":"Feature","id":"way/558923353","properties":{"osmId":558923353,"attribution":"© OpenStreetMap contributors, ODbL 1.0","highway":"service"},"geometry":{"type":"LineString","coordinates":[[-6.257315,53.389408],[-6.257447,53.38943],[-6.257559,53.389449]]}},{"type":"Feature","id":"way/558923354","properties":{"osmId":558923354,"attribution":"© OpenStreetMap contributors, ODbL 1.0","highway":"service"},"geometry":{"type":"LineString","coordinates":[[-6.258096,53.389463],[-6.258072,53.389533],[-6.258054,53.389587]]}},{"type":"Feature","id":"way/558923355","properties":{"osmId":558923355,"attribution":"© OpenStreetMap contributors, ODbL 1.0","highway":"service"},"geometry":{"type":"LineString","coordinates":[[-6.258057,53.389687],[-6.258069,53.389637],[-6.258085,53.389591]]}},{"type":"Feature","id":"way/558929373","properties":{"osmId":558929373,"attribution":"© OpenStreetMap contributors, ODbL 1.0","highway":"footway","foot":"yes"},"geometry":{"type":"LineString","coordinates":[[-6.256674,53.391317],[-6.256966,53.39089]]}},{"type":"Feature","id":"way/558929377","properties":{"osmId":558929377,"attribution":"© OpenStreetMap contributors, ODbL 1.0","highway":"footway"},"geometry":{"type":"LineString","coordinates":[[-6.249148,53.390576],[-6.249124,53.390509],[-6.249099,53.390438]]}},{"type":"Feature","id":"way/558929378","properties":{"osmId":558929378,"attribution":"© OpenStreetMap contributors, ODbL 1.0","highway":"service"},"geometry":{"type":"LineString","coordinates":[[-6.249026,53.390074],[-6.249135,53.390066],[-6.249224,53.390059]]}},{"type":"Feature","id":"way/558932408","properties":{"osmId":558932408,"attribution":"© OpenStreetMap contributors, ODbL 1.0","highway":"footway"},"geometry":{"type":"LineString","coordinates":[[-6.249015,53.389679],[-6.249154,53.389667],[-6.249308,53.389652]]}},{"type":"Feature","id":"way/558932409","properties":{"osmId":558932409,"attribution":"© OpenStreetMap contributors, ODbL 1.0","highway":"service"},"geometry":{"type":"LineString","coordinates":[[-6.249454,53.390056],[-6.249324,53.390065],[-6.249226,53.390072]]}},{"type":"Feature","id":"way/559244556","properties":{"osmId":559244556,"attribution":"© OpenStreetMap contributors, ODbL 1.0","highway":"service"},"geometry":{"type":"LineString","coordinates":[[-6.247303,53.390093],[-6.247543,53.390084]]}},{"type":"Feature","id":"way/559248261","properties":{"osmId":559248261,"attribution":"© OpenStreetMap contributors, ODbL 1.0","highway":"service"},"geometry":{"type":"LineString","coordinates":[[-6.245761,53.389197],[-6.245908,53.389171],[-6.246004,53.389154]]}},{"type":"Feature","id":"way/559248262","properties":{"osmId":559248262,"attribution":"© OpenStreetMap contributors, ODbL 1.0","highway":"service"},"geometry":{"type":"LineString","coordinates":[[-6.245593,53.389378],[-6.24557,53.389347],[-6.245412,53.389317],[-6.245326,53.38911]]}},{"type":"Feature","id":"way/559248263","properties":{"osmId":559248263,"attribution":"© OpenStreetMap contributors, ODbL 1.0","highway":"service"},"geometry":{"type":"LineString","coordinates":[[-6.245326,53.38911],[-6.245256,53.388874]]}},{"type":"Feature","id":"way/559248264","properties":{"osmId":559248264,"attribution":"© OpenStreetMap contributors, ODbL 1.0","highway":"footway"},"geometry":{"type":"LineString","coordinates":[[-6.24408,53.389714],[-6.24383,53.38969]]}},{"type":"Feature","id":"way/559451319","properties":{"osmId":559451319,"attribution":"© OpenStreetMap contributors, ODbL 1.0","highway":"service"},"geometry":{"type":"LineString","coordinates":[[-6.245717,53.389084],[-6.245864,53.38906],[-6.245967,53.389043]]}},{"type":"Feature","id":"way/559458833","properties":{"osmId":559458833,"attribution":"© OpenStreetMap contributors, ODbL 1.0","highway":"service"},"geometry":{"type":"LineString","coordinates":[[-6.246552,53.388437],[-6.246591,53.388348]]}},{"type":"Feature","id":"way/559458834","properties":{"osmId":559458834,"attribution":"© OpenStreetMap contributors, ODbL 1.0","highway":"service"},"geometry":{"type":"LineString","coordinates":[[-6.246882,53.388401],[-6.24696,53.388352],[-6.247048,53.388331],[-6.247534,53.388239],[-6.247852,53.388216],[-6.248963,53.388204],[-6.249215,53.388274],[-6.249577,53.38825]]}},{"type":"Feature","id":"way/559458835","properties":{"osmId":559458835,"attribution":"© OpenStreetMap contributors, ODbL 1.0","highway":"service"},"geometry":{"type":"LineString","coordinates":[[-6.249661,53.388205],[-6.249669,53.388018],[-6.249626,53.388006],[-6.249467,53.387963],[-6.249379,53.388034]]}},{"type":"Feature","id":"way/559458836","properties":{"osmId":559458836,"attribution":"© OpenStreetMap contributors, ODbL 1.0","highway":"service"},"geometry":{"type":"LineString","coordinates":[[-6.249626,53.388006],[-6.249642,53.387978],[-6.249655,53.387953],[-6.249679,53.387904]]}},{"type":"Feature","id":"way/559458837","properties":{"osmId":559458837,"attribution":"© OpenStreetMap contributors, ODbL 1.0","highway":"service"},"geometry":{"type":"LineString","coordinates":[[-6.246385,53.388335],[-6.246372,53.388266],[-6.246108,53.38811],[-6.246015,53.38815]]}},{"type":"Feature","id":"way/559463866","properties":{"osmId":559463866,"attribution":"© OpenStreetMap contributors, ODbL 1.0","highway":"cycleway","foot":"yes"},"geometry":{"type":"LineString","coordinates":[[-6.243886,53.387292],[-6.243974,53.387348],[-6.244087,53.387421],[-6.244191,53.387488],[-6.244252,53.387527]]}},{"type":"Feature","id":"way/559463867","properties":{"osmId":559463867,"attribution":"© OpenStreetMap contributors, ODbL 1.0","highway":"service"},"geometry":{"type":"LineString","coordinates":[[-6.244468,53.38741],[-6.24446,53.387509],[-6.244512,53.387567]]}},{"type":"Feature","id":"way/559477365","properties":{"osmId":559477365,"attribution":"© OpenStreetMap contributors, ODbL 1.0","highway":"footway"},"geometry":{"type":"LineString","coordinates":[[-6.244738,53.382381],[-6.244856,53.382162],[-6.244939,53.382157],[-6.244968,53.382207],[-6.244996,53.382255],[-6.245223,53.382669]]}},{"type":"Feature","id":"way/559477368","properties":{"osmId":559477368,"attribution":"© OpenStreetMap contributors, ODbL 1.0","highway":"cycleway","foot":"no"},"geometry":{"type":"LineString","coordinates":[[-6.244611,53.38273],[-6.244652,53.382663],[-6.244675,53.382641],[-6.244678,53.382638]]}},{"type":"Feature","id":"way/559477370","properties":{"osmId":559477370,"attribution":"© OpenStreetMap contributors, ODbL 1.0","highway":"cycleway","foot":"no"},"geometry":{"type":"LineString","coordinates":[[-6.244596,53.382783],[-6.244603,53.382757],[-6.244611,53.38273]]}},{"type":"Feature","id":"way/559477372","properties":{"osmId":559477372,"attribution":"© OpenStreetMap contributors, ODbL 1.0","highway":"cycleway","foot":"no"},"geometry":{"type":"LineString","coordinates":[[-6.2447,53.382996],[-6.244622,53.382898],[-6.244596,53.382783]]}},{"type":"Feature","id":"way/559497683","properties":{"osmId":559497683,"attribution":"© OpenStreetMap contributors, ODbL 1.0","highway":"footway"},"geometry":{"type":"LineString","coordinates":[[-6.245416,53.381191],[-6.245279,53.381157],[-6.245154,53.381125]]}},{"type":"Feature","id":"way/559497684","properties":{"osmId":559497684,"attribution":"© OpenStreetMap contributors, ODbL 1.0","highway":"service"},"geometry":{"type":"LineString","coordinates":[[-6.246239,53.380895],[-6.246067,53.381154],[-6.246044,53.381194]]}},{"type":"Feature","id":"way/559497687","properties":{"osmId":559497687,"attribution":"© OpenStreetMap contributors, ODbL 1.0","highway":"service"},"geometry":{"type":"LineString","coordinates":[[-6.245708,53.381383],[-6.245812,53.381187],[-6.245833,53.381147]]}},{"type":"Feature","id":"way/559500960","properties":{"osmId":559500960,"attribution":"© OpenStreetMap contributors, ODbL 1.0","highway":"footway"},"geometry":{"type":"LineString","coordinates":[[-6.247033,53.379101],[-6.246956,53.379078],[-6.246873,53.379052]]}},{"type":"Feature","id":"way/559515111","properties":{"osmId":559515111,"attribution":"© OpenStreetMap contributors, ODbL 1.0","highway":"service"},"geometry":{"type":"LineString","coordinates":[[-6.247816,53.378087],[-6.247713,53.378064],[-6.247368,53.377984],[-6.246593,53.37782],[-6.244855,53.377348],[-6.244738,53.377291]]}},{"type":"Feature","id":"way/559515121","properties":{"osmId":559515121,"attribution":"© OpenStreetMap contributors, ODbL 1.0","highway":"service","access":"private"},"geometry":{"type":"LineString","coordinates":[[-6.244034,53.376729],[-6.244051,53.37678],[-6.243718,53.377473],[-6.243667,53.377505],[-6.243574,53.377498],[-6.243262,53.377431],[-6.243198,53.377354],[-6.243185,53.377306],[-6.242895,53.377255],[-6.242796,53.377338],[-6.242659,53.377334],[-6.242393,53.377284],[-6.242348,53.377183],[-6.242538,53.376764],[-6.242653,53.376512]]}},{"type":"Feature","id":"way/559515136","properties":{"osmId":559515136,"attribution":"© OpenStreetMap contributors, ODbL 1.0","highway":"service"},"geometry":{"type":"LineString","coordinates":[[-6.245005,53.376966],[-6.244934,53.377048],[-6.244738,53.377291],[-6.244577,53.377436]]}},{"type":"Feature","id":"way/559522864","properties":{"osmId":559522864,"attribution":"© OpenStreetMap contributors, ODbL 1.0","highway":"service","access":"private"},"geometry":{"type":"LineString","coordinates":[[-6.251852,53.375171],[-6.251891,53.375186],[-6.252125,53.37516]]}},{"type":"Feature","id":"way/559522867","properties":{"osmId":559522867,"attribution":"© OpenStreetMap contributors, ODbL 1.0","highway":"service"},"geometry":{"type":"LineString","coordinates":[[-6.253101,53.372538],[-6.253537,53.372641],[-6.253668,53.372472]]}},{"type":"Feature","id":"way/559522869","properties":{"osmId":559522869,"attribution":"© OpenStreetMap contributors, ODbL 1.0","highway":"service"},"geometry":{"type":"LineString","coordinates":[[-6.253059,53.372077],[-6.253357,53.372165],[-6.253602,53.372271],[-6.253414,53.372538],[-6.252867,53.372409]]}},{"type":"Feature","id":"way/559739735","properties":{"osmId":559739735,"attribution":"© OpenStreetMap contributors, ODbL 1.0","highway":"service","name":"Hampton Lodge"},"geometry":{"type":"LineString","coordinates":[[-6.244813,53.375999],[-6.244834,53.376068]]}},{"type":"Feature","id":"way/559739736","properties":{"osmId":559739736,"attribution":"© OpenStreetMap contributors, ODbL 1.0","highway":"service"},"geometry":{"type":"LineString","coordinates":[[-6.244001,53.375484],[-6.24383,53.375526],[-6.243939,53.375644],[-6.244032,53.375697],[-6.244053,53.375769],[-6.244066,53.375918],[-6.244088,53.375953],[-6.244109,53.375989],[-6.24411,53.376032]]}},{"type":"Feature","id":"way/559947275","properties":{"osmId":559947275,"attribution":"© OpenStreetMap contributors, ODbL 1.0","highway":"service"},"geometry":{"type":"LineString","coordinates":[[-6.252796,53.371357],[-6.252686,53.371525],[-6.252634,53.371574],[-6.252618,53.371593]]}},{"type":"Feature","id":"way/559947276","properties":{"osmId":559947276,"attribution":"© OpenStreetMap contributors, ODbL 1.0","highway":"service"},"geometry":{"type":"LineString","coordinates":[[-6.252324,53.371505],[-6.252345,53.371477],[-6.252435,53.371358]]}},{"type":"Feature","id":"way/559947277","properties":{"osmId":559947277,"attribution":"© OpenStreetMap contributors, ODbL 1.0","highway":"service"},"geometry":{"type":"LineString","coordinates":[[-6.25388,53.369202],[-6.253636,53.369149],[-6.253456,53.369458],[-6.253433,53.369497]]}},{"type":"Feature","id":"way/559961027","properties":{"osmId":559961027,"attribution":"© OpenStreetMap contributors, ODbL 1.0","highway":"footway"},"geometry":{"type":"LineString","coordinates":[[-6.256232,53.367672],[-6.256227,53.367692],[-6.256208,53.36773],[-6.256173,53.367758],[-6.256156,53.367803],[-6.255919,53.367779],[-6.255893,53.367761],[-6.255882,53.367738],[-6.25593,53.367686]]}},{"type":"Feature","id":"way/559961028","properties":{"osmId":559961028,"attribution":"© OpenStreetMap contributors, ODbL 1.0","highway":"service"},"geometry":{"type":"LineString","coordinates":[[-6.255462,53.367053],[-6.255265,53.367039],[-6.255221,53.367036],[-6.255024,53.367024],[-6.254655,53.366985],[-6.254445,53.366959]]}},{"type":"Feature","id":"way/559961029","properties":{"osmId":559961029,"attribution":"© OpenStreetMap contributors, ODbL 1.0","highway":"service"},"geometry":{"type":"LineString","coordinates":[[-6.255459,53.367195],[-6.255273,53.367189],[-6.255129,53.367185],[-6.255131,53.367111],[-6.255195,53.367058]]}},{"type":"Feature","id":"way/559961030","properties":{"osmId":559961030,"attribution":"© OpenStreetMap contributors, ODbL 1.0","highway":"service"},"geometry":{"type":"LineString","coordinates":[[-6.255495,53.366784],[-6.255393,53.366777],[-6.25525,53.366768],[-6.25518,53.366763],[-6.254796,53.366732],[-6.254602,53.366698],[-6.254338,53.366651]]}},{"type":"Feature","id":"way/559981917","properties":{"osmId":559981917,"attribution":"© OpenStreetMap contributors, ODbL 1.0","highway":"footway"},"geometry":{"type":"LineString","coordinates":[[-6.247213,53.386693],[-6.247168,53.38661],[-6.247234,53.386561]]}},{"type":"Feature","id":"way/560144989","properties":{"osmId":560144989,"attribution":"© OpenStreetMap contributors, ODbL 1.0","highway":"corridor"},"geometry":{"type":"LineString","coordinates":[[-6.258418,53.38413],[-6.258354,53.384451],[-6.258346,53.384492],[-6.258245,53.384602]]}},{"type":"Feature","id":"way/560144990","properties":{"osmId":560144990,"attribution":"© OpenStreetMap contributors, ODbL 1.0","highway":"corridor"},"geometry":{"type":"LineString","coordinates":[[-6.258354,53.384451],[-6.258392,53.384455],[-6.258496,53.384464]]}},{"type":"Feature","id":"way/560144992","properties":{"osmId":560144992,"attribution":"© OpenStreetMap contributors, ODbL 1.0","highway":"footway"},"geometry":{"type":"LineString","coordinates":[[-6.258849,53.386722],[-6.258848,53.38675]]}},{"type":"Feature","id":"way/560144993","properties":{"osmId":560144993,"attribution":"© OpenStreetMap contributors, ODbL 1.0","highway":"steps"},"geometry":{"type":"LineString","coordinates":[[-6.258897,53.386763],[-6.258935,53.386768]]}},{"type":"Feature","id":"way/560144995","properties":{"osmId":560144995,"attribution":"© OpenStreetMap contributors, ODbL 1.0","highway":"footway"},"geometry":{"type":"LineString","coordinates":[[-6.258897,53.386763],[-6.258866,53.386762]]}},{"type":"Feature","id":"way/560144996","properties":{"osmId":560144996,"attribution":"© OpenStreetMap contributors, ODbL 1.0","highway":"footway"},"geometry":{"type":"LineString","coordinates":[[-6.258935,53.386768],[-6.258952,53.386781]]}},{"type":"Feature","id":"way/560144997","properties":{"osmId":560144997,"attribution":"© OpenStreetMap contributors, ODbL 1.0","highway":"corridor"},"geometry":{"type":"LineString","coordinates":[[-6.258866,53.386762],[-6.258847,53.38676]]}},{"type":"Feature","id":"way/560144999","properties":{"osmId":560144999,"attribution":"© OpenStreetMap contributors, ODbL 1.0","highway":"corridor"},"geometry":{"type":"LineString","coordinates":[[-6.258848,53.38675],[-6.258847,53.38676]]}},{"type":"Feature","id":"way/560208475","properties":{"osmId":560208475,"attribution":"© OpenStreetMap contributors, ODbL 1.0","highway":"service","access":"private"},"geometry":{"type":"LineString","coordinates":[[-6.261681,53.388226],[-6.261805,53.388043],[-6.261888,53.387954],[-6.261935,53.387895]]}},{"type":"Feature","id":"way/560713537","properties":{"osmId":560713537,"attribution":"© OpenStreetMap contributors, ODbL 1.0","highway":"service","access":"private"},"geometry":{"type":"LineString","coordinates":[[-6.25398,53.368291],[-6.254969,53.368413],[-6.25488,53.368633]]}},{"type":"Feature","id":"way/560713538","properties":{"osmId":560713538,"attribution":"© OpenStreetMap contributors, ODbL 1.0","highway":"service"},"geometry":{"type":"LineString","coordinates":[[-6.25488,53.368633],[-6.254864,53.368669],[-6.254835,53.368732]]}},{"type":"Feature","id":"way/561360739","properties":{"osmId":561360739,"attribution":"© OpenStreetMap contributors, ODbL 1.0","highway":"steps"},"geometry":{"type":"LineString","coordinates":[[-6.254315,53.371815],[-6.254227,53.371966]]}},{"type":"Feature","id":"way/561364942","properties":{"osmId":561364942,"attribution":"© OpenStreetMap contributors, ODbL 1.0","highway":"service","access":"permissive"},"geometry":{"type":"LineString","coordinates":[[-6.255246,53.372017],[-6.255855,53.37215],[-6.255984,53.372113]]}},{"type":"Feature","id":"way/561364943","properties":{"osmId":561364943,"attribution":"© OpenStreetMap contributors, ODbL 1.0","highway":"service"},"geometry":{"type":"LineString","coordinates":[[-6.254863,53.370548],[-6.254893,53.370509],[-6.254909,53.370461],[-6.25492,53.370421]]}},{"type":"Feature","id":"way/561364944","properties":{"osmId":561364944,"attribution":"© OpenStreetMap contributors, ODbL 1.0","highway":"service"},"geometry":{"type":"LineString","coordinates":[[-6.254238,53.370406],[-6.254145,53.370389],[-6.253989,53.370361]]}},{"type":"Feature","id":"way/561364945","properties":{"osmId":561364945,"attribution":"© OpenStreetMap contributors, ODbL 1.0","highway":"service"},"geometry":{"type":"LineString","coordinates":[[-6.255802,53.369256],[-6.255824,53.369226],[-6.255865,53.36917]]}},{"type":"Feature","id":"way/561372008","properties":{"osmId":561372008,"attribution":"© OpenStreetMap contributors, ODbL 1.0","highway":"footway"},"geometry":{"type":"LineString","coordinates":[[-6.253444,53.371816],[-6.254227,53.371966],[-6.254351,53.372028]]}},{"type":"Feature","id":"way/561372017","properties":{"osmId":561372017,"attribution":"© OpenStreetMap contributors, ODbL 1.0","highway":"footway"},"geometry":{"type":"LineString","coordinates":[[-6.245692,53.374449],[-6.247295,53.374892],[-6.247631,53.374985],[-6.250195,53.375679],[-6.250257,53.375697],[-6.250572,53.375328],[-6.251004,53.374799],[-6.251446,53.374164],[-6.251789,53.373516],[-6.251804,53.373491],[-6.252136,53.372934],[-6.252315,53.372674],[-6.252483,53.372431],[-6.252523,53.372374],[-6.252655,53.372188],[-6.252886,53.371862],[-6.252956,53.371853],[-6.253009,53.37176],[-6.253042,53.371701],[-6.253243,53.37141],[-6.25334,53.371242],[-6.253378,53.371136],[-6.253204,53.371131],[-6.252636,53.371163],[-6.252269,53.371168],[-6.252072,53.371138],[-6.252031,53.371125],[-6.251899,53.371085],[-6.251468,53.370948],[-6.25143,53.370934],[-6.25103,53.370781],[-6.250588,53.370646]]}},{"type":"Feature","id":"way/561372018","properties":{"osmId":561372018,"attribution":"© OpenStreetMap contributors, ODbL 1.0","highway":"footway"},"geometry":{"type":"LineString","coordinates":[[-6.253027,53.371764],[-6.253142,53.37179],[-6.25322,53.371806],[-6.253255,53.371814]]}},{"type":"Feature","id":"way/561372024","properties":{"osmId":561372024,"attribution":"© OpenStreetMap contributors, ODbL 1.0","highway":"service"},"geometry":{"type":"LineString","coordinates":[[-6.25217,53.372639],[-6.252315,53.372674],[-6.252464,53.372709]]}},{"type":"Feature","id":"way/561392564","properties":{"osmId":561392564,"attribution":"© OpenStreetMap contributors, ODbL 1.0","highway":"service","access":"private"},"geometry":{"type":"LineString","coordinates":[[-6.247382,53.378191],[-6.247333,53.378253]]}},{"type":"Feature","id":"way/561392567","properties":{"osmId":561392567,"attribution":"© OpenStreetMap contributors, ODbL 1.0","highway":"steps"},"geometry":{"type":"LineString","coordinates":[[-6.247166,53.379078],[-6.247198,53.379119]]}},{"type":"Feature","id":"way/561392569","properties":{"osmId":561392569,"attribution":"© OpenStreetMap contributors, ODbL 1.0","highway":"footway"},"geometry":{"type":"LineString","coordinates":[[-6.247198,53.379119],[-6.247232,53.379156],[-6.247479,53.379215]]}},{"type":"Feature","id":"way/561396986","properties":{"osmId":561396986,"attribution":"© OpenStreetMap contributors, ODbL 1.0","highway":"service"},"geometry":{"type":"LineString","coordinates":[[-6.246396,53.381271],[-6.246414,53.381239],[-6.246497,53.381089],[-6.246556,53.380898]]}},{"type":"Feature","id":"way/561580228","properties":{"osmId":561580228,"attribution":"© OpenStreetMap contributors, ODbL 1.0","highway":"footway"},"geometry":{"type":"LineString","coordinates":[[-6.246201,53.389898],[-6.246283,53.389888],[-6.246377,53.389877]]}},{"type":"Feature","id":"way/561580230","properties":{"osmId":561580230,"attribution":"© OpenStreetMap contributors, ODbL 1.0","highway":"footway"},"geometry":{"type":"LineString","coordinates":[[-6.246424,53.389835],[-6.2464,53.389775],[-6.246371,53.389698]]}},{"type":"Feature","id":"way/561580233","properties":{"osmId":561580233,"attribution":"© OpenStreetMap contributors, ODbL 1.0","highway":"footway"},"geometry":{"type":"LineString","coordinates":[[-6.246116,53.389686],[-6.246195,53.389673],[-6.246293,53.389657]]}},{"type":"Feature","id":"way/561597027","properties":{"osmId":561597027,"attribution":"© OpenStreetMap contributors, ODbL 1.0","highway":"footway"},"geometry":{"type":"LineString","coordinates":[[-6.262247,53.390322],[-6.262258,53.39025],[-6.262267,53.390196]]}},{"type":"Feature","id":"way/561597028","properties":{"osmId":561597028,"attribution":"© OpenStreetMap contributors, ODbL 1.0","highway":"footway"},"geometry":{"type":"LineString","coordinates":[[-6.262398,53.389551],[-6.262395,53.389475],[-6.262392,53.389402]]}},{"type":"Feature","id":"way/561597030","properties":{"osmId":561597030,"attribution":"© OpenStreetMap contributors, ODbL 1.0","highway":"service"},"geometry":{"type":"LineString","coordinates":[[-6.262092,53.39092],[-6.262282,53.390939],[-6.262373,53.390932]]}},{"type":"Feature","id":"way/561597031","properties":{"osmId":561597031,"attribution":"© OpenStreetMap contributors, ODbL 1.0","highway":"service"},"geometry":{"type":"LineString","coordinates":[[-6.262372,53.390974],[-6.262478,53.390966],[-6.262784,53.390975]]}},{"type":"Feature","id":"way/561597032","properties":{"osmId":561597032,"attribution":"© OpenStreetMap contributors, ODbL 1.0","highway":"service"},"geometry":{"type":"LineString","coordinates":[[-6.26269,53.390254],[-6.26253,53.390234],[-6.262454,53.390226]]}},{"type":"Feature","id":"way/561597033","properties":{"osmId":561597033,"attribution":"© OpenStreetMap contributors, ODbL 1.0","highway":"service"},"geometry":{"type":"LineString","coordinates":[[-6.262354,53.390027],[-6.262427,53.390035],[-6.262505,53.390043]]}},{"type":"Feature","id":"way/561898808","properties":{"osmId":561898808,"attribution":"© OpenStreetMap contributors, ODbL 1.0","highway":"service"},"geometry":{"type":"LineString","coordinates":[[-6.263841,53.390095],[-6.264027,53.390082],[-6.264134,53.390097],[-6.264236,53.39011]]}},{"type":"Feature","id":"way/562102963","properties":{"osmId":562102963,"attribution":"© OpenStreetMap contributors, ODbL 1.0","highway":"service"},"geometry":{"type":"LineString","coordinates":[[-6.261499,53.388575],[-6.261538,53.388489]]}},{"type":"Feature","id":"way/562102964","properties":{"osmId":562102964,"attribution":"© OpenStreetMap contributors, ODbL 1.0","highway":"service"},"geometry":{"type":"LineString","coordinates":[[-6.261252,53.388585],[-6.261282,53.388531],[-6.261328,53.388445]]}},{"type":"Feature","id":"way/562102965","properties":{"osmId":562102965,"attribution":"© OpenStreetMap contributors, ODbL 1.0","highway":"service"},"geometry":{"type":"LineString","coordinates":[[-6.261106,53.388238],[-6.261213,53.388263],[-6.261171,53.388341],[-6.261136,53.388407]]}},{"type":"Feature","id":"way/562102966","properties":{"osmId":562102966,"attribution":"© OpenStreetMap contributors, ODbL 1.0","highway":"service","access":"private"},"geometry":{"type":"LineString","coordinates":[[-6.255805,53.387566],[-6.255436,53.38757],[-6.255435,53.387454]]}},{"type":"Feature","id":"way/562102967","properties":{"osmId":562102967,"attribution":"© OpenStreetMap contributors, ODbL 1.0","highway":"service","access":"private"},"geometry":{"type":"LineString","coordinates":[[-6.253774,53.387252],[-6.253432,53.387436],[-6.253157,53.387588],[-6.252758,53.387823],[-6.25262,53.387891],[-6.252444,53.387927],[-6.252007,53.387902],[-6.251781,53.387979],[-6.251663,53.388019],[-6.251323,53.388132]]}},{"type":"Feature","id":"way/562102968","properties":{"osmId":562102968,"attribution":"© OpenStreetMap contributors, ODbL 1.0","highway":"service","access":"private"},"geometry":{"type":"LineString","coordinates":[[-6.254414,53.387626],[-6.254388,53.387387]]}},{"type":"Feature","id":"way/562102969","properties":{"osmId":562102969,"attribution":"© OpenStreetMap contributors, ODbL 1.0","highway":"service","access":"private"},"geometry":{"type":"LineString","coordinates":[[-6.253632,53.387737],[-6.253432,53.387436]]}},{"type":"Feature","id":"way/562102970","properties":{"osmId":562102970,"attribution":"© OpenStreetMap contributors, ODbL 1.0","highway":"service","access":"private"},"geometry":{"type":"LineString","coordinates":[[-6.253301,53.387773],[-6.253157,53.387588]]}},{"type":"Feature","id":"way/562102971","properties":{"osmId":562102971,"attribution":"© OpenStreetMap contributors, ODbL 1.0","highway":"service","access":"private"},"geometry":{"type":"LineString","coordinates":[[-6.251781,53.387979],[-6.251728,53.387915],[-6.251934,53.387778]]}},{"type":"Feature","id":"way/562104427","properties":{"osmId":562104427,"attribution":"© OpenStreetMap contributors, ODbL 1.0","highway":"footway"},"geometry":{"type":"LineString","coordinates":[[-6.2549,53.386594],[-6.254839,53.386571],[-6.254772,53.386539]]}},{"type":"Feature","id":"way/562104428","properties":{"osmId":562104428,"attribution":"© OpenStreetMap contributors, ODbL 1.0","highway":"footway"},"geometry":{"type":"LineString","coordinates":[[-6.254817,53.386396],[-6.254874,53.386443],[-6.254834,53.386477],[-6.254772,53.386539]]}},{"type":"Feature","id":"way/562112127","properties":{"osmId":562112127,"attribution":"© OpenStreetMap contributors, ODbL 1.0","highway":"service"},"geometry":{"type":"LineString","coordinates":[[-6.247442,53.390553],[-6.247668,53.390611],[-6.247709,53.390617]]}},{"type":"Feature","id":"way/562112128","properties":{"osmId":562112128,"attribution":"© OpenStreetMap contributors, ODbL 1.0","highway":"service"},"geometry":{"type":"LineString","coordinates":[[-6.248681,53.390794],[-6.248561,53.390803],[-6.248523,53.390804]]}},{"type":"Feature","id":"way/562112129","properties":{"osmId":562112129,"attribution":"© OpenStreetMap contributors, ODbL 1.0","highway":"service"},"geometry":{"type":"LineString","coordinates":[[-6.248874,53.39052],[-6.248884,53.390593],[-6.248898,53.390698]]}},{"type":"Feature","id":"way/562112131","properties":{"osmId":562112131,"attribution":"© OpenStreetMap contributors, ODbL 1.0","highway":"service"},"geometry":{"type":"LineString","coordinates":[[-6.249851,53.390863],[-6.249892,53.39081],[-6.249928,53.390758]]}},{"type":"Feature","id":"way/562112132","properties":{"osmId":562112132,"attribution":"© OpenStreetMap contributors, ODbL 1.0","highway":"service"},"geometry":{"type":"LineString","coordinates":[[-6.249853,53.391002],[-6.249893,53.390937],[-6.249924,53.390886]]}},{"type":"Feature","id":"way/562112133","properties":{"osmId":562112133,"attribution":"© OpenStreetMap contributors, ODbL 1.0","highway":"service"},"geometry":{"type":"LineString","coordinates":[[-6.250103,53.391108],[-6.250141,53.391061],[-6.250212,53.390974]]}},{"type":"Feature","id":"way/562115080","properties":{"osmId":562115080,"attribution":"© OpenStreetMap contributors, ODbL 1.0","highway":"footway"},"geometry":{"type":"LineString","coordinates":[[-6.244081,53.387572],[-6.244076,53.387623],[-6.244069,53.387742]]}},{"type":"Feature","id":"way/562115081","properties":{"osmId":562115081,"attribution":"© OpenStreetMap contributors, ODbL 1.0","highway":"service"},"geometry":{"type":"LineString","coordinates":[[-6.244755,53.387663],[-6.244646,53.387751],[-6.244576,53.387803]]}},{"type":"Feature","id":"way/562115082","properties":{"osmId":562115082,"attribution":"© OpenStreetMap contributors, ODbL 1.0","highway":"service"},"geometry":{"type":"LineString","coordinates":[[-6.245408,53.387429],[-6.245328,53.387352],[-6.245288,53.387315]]}},{"type":"Feature","id":"way/562115083","properties":{"osmId":562115083,"attribution":"© OpenStreetMap contributors, ODbL 1.0","highway":"service"},"geometry":{"type":"LineString","coordinates":[[-6.245095,53.387396],[-6.245066,53.387355],[-6.245039,53.387316]]}},{"type":"Feature","id":"way/562115084","properties":{"osmId":562115084,"attribution":"© OpenStreetMap contributors, ODbL 1.0","highway":"footway"},"geometry":{"type":"LineString","coordinates":[[-6.244861,53.386544],[-6.244787,53.386428],[-6.244714,53.386224],[-6.244659,53.385934],[-6.244661,53.385784],[-6.244705,53.385579],[-6.244787,53.385328],[-6.244846,53.385201],[-6.24508,53.384802],[-6.245292,53.384487],[-6.245362,53.384412],[-6.245563,53.384241],[-6.245865,53.384024],[-6.246022,53.383917],[-6.245385,53.383683],[-6.245357,53.383692],[-6.245309,53.383702],[-6.245255,53.383704],[-6.245203,53.383689],[-6.245167,53.383672],[-6.245144,53.383645],[-6.245134,53.383618],[-6.245132,53.383586],[-6.245152,53.383561],[-6.245203,53.383537],[-6.24526,53.383521],[-6.245318,53.383526],[-6.245374,53.38354],[-6.245406,53.383561],[-6.245426,53.383586],[-6.245434,53.383605],[-6.245442,53.383635],[-6.246112,53.383867],[-6.246429,53.383676],[-6.246833,53.383407],[-6.245721,53.382986],[-6.245321,53.382843],[-6.245213,53.382868],[-6.245126,53.382918],[-6.245069,53.382942],[-6.245018,53.38296],[-6.244896,53.382986],[-6.244749,53.383014],[-6.244717,53.383022],[-6.244665,53.383034],[-6.244607,53.383058],[-6.244499,53.383118],[-6.244383,53.383198],[-6.244308,53.383281],[-6.244205,53.383431],[-6.244122,53.383559],[-6.243944,53.38393],[-6.243789,53.384284],[-6.243664,53.384623],[-6.243564,53.384924],[-6.243448,53.385294],[-6.243367,53.385686],[-6.243334,53.385866],[-6.243297,53.386139],[-6.243299,53.386319],[-6.243334,53.386525],[-6.243547,53.386882],[-6.243736,53.3871],[-6.243787,53.387145],[-6.243848,53.38721],[-6.243874,53.387238],[-6.243886,53.387292]]}},{"type":"Feature","id":"way/562115085","properties":{"osmId":562115085,"attribution":"© OpenStreetMap contributors, ODbL 1.0","highway":"footway"},"geometry":{"type":"LineString","coordinates":[[-6.244077,53.387561],[-6.243903,53.387569],[-6.243772,53.387565],[-6.243735,53.387562],[-6.243601,53.387549],[-6.243071,53.387515],[-6.242983,53.387508]]}},{"type":"Feature","id":"way/563326995","properties":{"osmId":563326995,"attribution":"© OpenStreetMap contributors, ODbL 1.0","highway":"footway"},"geometry":{"type":"LineString","coordinates":[[-6.253751,53.375329],[-6.253628,53.37553]]}},{"type":"Feature","id":"way/566734128","properties":{"osmId":566734128,"attribution":"© OpenStreetMap contributors, ODbL 1.0","highway":"secondary","name":"Ballymun Road"},"geometry":{"type":"LineString","coordinates":[[-6.264484,53.38955],[-6.264591,53.389307]]}},{"type":"Feature","id":"way/566734130","properties":{"osmId":566734130,"attribution":"© OpenStreetMap contributors, ODbL 1.0","highway":"secondary_link"},"geometry":{"type":"LineString","coordinates":[[-6.265162,53.386633],[-6.265099,53.386724],[-6.265182,53.387157],[-6.265168,53.387218],[-6.265069,53.387253]]}},{"type":"Feature","id":"way/575018216","properties":{"osmId":575018216,"attribution":"© OpenStreetMap contributors, ODbL 1.0","highway":"residential","name":"Shanard Avenue"},"geometry":{"type":"LineString","coordinates":[[-6.262564,53.389474],[-6.262549,53.389814],[-6.262545,53.389899],[-6.262505,53.390043],[-6.262454,53.390226],[-6.262444,53.390263],[-6.262405,53.390406],[-6.262349,53.390605],[-6.262367,53.390732],[-6.262373,53.390932],[-6.262372,53.390974],[-6.262389,53.391191]]}},{"type":"Feature","id":"way/585012576","properties":{"osmId":585012576,"attribution":"© OpenStreetMap contributors, ODbL 1.0","highway":"service"},"geometry":{"type":"LineString","coordinates":[[-6.265297,53.371499],[-6.265539,53.371632],[-6.265582,53.371656]]}},{"type":"Feature","id":"way/585018178","properties":{"osmId":585018178,"attribution":"© OpenStreetMap contributors, ODbL 1.0","highway":"service"},"geometry":{"type":"LineString","coordinates":[[-6.253689,53.375672],[-6.253767,53.375611]]}},{"type":"Feature","id":"way/586633994","properties":{"osmId":586633994,"attribution":"© OpenStreetMap contributors, ODbL 1.0","highway":"footway"},"geometry":{"type":"LineString","coordinates":[[-6.254791,53.379436],[-6.255252,53.379528],[-6.255328,53.379364],[-6.254858,53.379281],[-6.254852,53.379294]]}},{"type":"Feature","id":"way/598043145","properties":{"osmId":598043145,"attribution":"© OpenStreetMap contributors, ODbL 1.0","highway":"footway"},"geometry":{"type":"LineString","coordinates":[[-6.244169,53.375689],[-6.244116,53.375669],[-6.244067,53.375635],[-6.244027,53.375597],[-6.243996,53.375547],[-6.243992,53.375519],[-6.244001,53.375484],[-6.244012,53.375466],[-6.244019,53.375455],[-6.244058,53.375402],[-6.244089,53.375367],[-6.244115,53.375336],[-6.244155,53.375327]]}},{"type":"Feature","id":"way/603910759","properties":{"osmId":603910759,"attribution":"© OpenStreetMap contributors, ODbL 1.0","highway":"secondary","name":"Ballymun Road"},"geometry":{"type":"LineString","coordinates":[[-6.265914,53.380647],[-6.265914,53.380672],[-6.265894,53.380918],[-6.26588,53.381259],[-6.265879,53.381291],[-6.265874,53.381411],[-6.265864,53.381539],[-6.265847,53.381732]]}},{"type":"Feature","id":"way/634543447","properties":{"osmId":634543447,"attribution":"© OpenStreetMap contributors, ODbL 1.0","highway":"service"},"geometry":{"type":"LineString","coordinates":[[-6.250997,53.376737],[-6.251024,53.376698]]}},{"type":"Feature","id":"way/666336634","properties":{"osmId":666336634,"attribution":"© OpenStreetMap contributors, ODbL 1.0","highway":"service"},"geometry":{"type":"LineString","coordinates":[[-6.251017,53.37617],[-6.251087,53.376187],[-6.251103,53.376159],[-6.251143,53.376091],[-6.251187,53.376018]]}},{"type":"Feature","id":"way/666336636","properties":{"osmId":666336636,"attribution":"© OpenStreetMap contributors, ODbL 1.0","highway":"footway"},"geometry":{"type":"LineString","coordinates":[[-6.250486,53.375943],[-6.250618,53.37597],[-6.250961,53.376047],[-6.250998,53.376056],[-6.251041,53.376066],[-6.251143,53.376091],[-6.25157,53.376186],[-6.251655,53.376206],[-6.251893,53.376265],[-6.252009,53.376292],[-6.254374,53.376786],[-6.254505,53.376812],[-6.255578,53.377002],[-6.257904,53.377431],[-6.258021,53.377457]]}},{"type":"Feature","id":"way/666336637","properties":{"osmId":666336637,"attribution":"© OpenStreetMap contributors, ODbL 1.0","highway":"steps"},"geometry":{"type":"LineString","coordinates":[[-6.251893,53.376265],[-6.25184,53.376353],[-6.251832,53.376365]]}},{"type":"Feature","id":"way/666336638","properties":{"osmId":666336638,"attribution":"© OpenStreetMap contributors, ODbL 1.0","highway":"footway"},"geometry":{"type":"LineString","coordinates":[[-6.251832,53.376365],[-6.251826,53.376375],[-6.251805,53.376399]]}},{"type":"Feature","id":"way/666336639","properties":{"osmId":666336639,"attribution":"© OpenStreetMap contributors, ODbL 1.0","highway":"footway"},"geometry":{"type":"LineString","coordinates":[[-6.251826,53.376375],[-6.251655,53.376334],[-6.251663,53.37632],[-6.25184,53.376353],[-6.251957,53.376374],[-6.252009,53.376292]]}},{"type":"Feature","id":"way/666534967","properties":{"osmId":666534967,"attribution":"© OpenStreetMap contributors, ODbL 1.0","highway":"footway"},"geometry":{"type":"LineString","coordinates":[[-6.254218,53.376587],[-6.254332,53.376395],[-6.254949,53.375376],[-6.255338,53.374728],[-6.255431,53.374569],[-6.25561,53.374263],[-6.254675,53.374057],[-6.254494,53.374359],[-6.254387,53.374539],[-6.253958,53.375272],[-6.254436,53.375372],[-6.254413,53.375413],[-6.254387,53.375461],[-6.253751,53.375329],[-6.253809,53.375223],[-6.253888,53.375077],[-6.253971,53.374925],[-6.253983,53.374906],[-6.25434,53.374307],[-6.254512,53.374019],[-6.253618,53.373826],[-6.253447,53.374116],[-6.253107,53.374694],[-6.253036,53.374679],[-6.25296,53.374663],[-6.253302,53.374085],[-6.253475,53.373794],[-6.252995,53.373692],[-6.252138,53.373509],[-6.252117,53.373551],[-6.251721,53.374351]]}},{"type":"Feature","id":"way/666534969","properties":{"osmId":666534969,"attribution":"© OpenStreetMap contributors, ODbL 1.0","highway":"footway"},"geometry":{"type":"LineString","coordinates":[[-6.2532,53.376374],[-6.254218,53.376587],[-6.254261,53.376596]]}},{"type":"Feature","id":"way/666534970","properties":{"osmId":666534970,"attribution":"© OpenStreetMap contributors, ODbL 1.0","highway":"footway"},"geometry":{"type":"LineString","coordinates":[[-6.253083,53.376349],[-6.253147,53.376364],[-6.2532,53.376374]]}},{"type":"Feature","id":"way/666534971","properties":{"osmId":666534971,"attribution":"© OpenStreetMap contributors, ODbL 1.0","highway":"footway"},"geometry":{"type":"LineString","coordinates":[[-6.254377,53.376618],[-6.254419,53.376625],[-6.254575,53.376652],[-6.256003,53.376895],[-6.256711,53.377021]]}},{"type":"Feature","id":"way/666534972","properties":{"osmId":666534972,"attribution":"© OpenStreetMap contributors, ODbL 1.0","highway":"footway"},"geometry":{"type":"LineString","coordinates":[[-6.254261,53.376596],[-6.254311,53.376607],[-6.254377,53.376618]]}},{"type":"Feature","id":"way/666534973","properties":{"osmId":666534973,"attribution":"© OpenStreetMap contributors, ODbL 1.0","highway":"footway"},"geometry":{"type":"LineString","coordinates":[[-6.256711,53.377021],[-6.256752,53.377028],[-6.256805,53.377038]]}},{"type":"Feature","id":"way/666534974","properties":{"osmId":666534974,"attribution":"© OpenStreetMap contributors, ODbL 1.0","highway":"footway"},"geometry":{"type":"LineString","coordinates":[[-6.256805,53.377038],[-6.257898,53.377232],[-6.258363,53.377315],[-6.258804,53.377393]]}},{"type":"Feature","id":"way/666534975","properties":{"osmId":666534975,"attribution":"© OpenStreetMap contributors, ODbL 1.0","highway":"footway"},"geometry":{"type":"LineString","coordinates":[[-6.258804,53.377393],[-6.25886,53.377403],[-6.258907,53.377412],[-6.258915,53.377413]]}},{"type":"Feature","id":"way/666534976","properties":{"osmId":666534976,"attribution":"© OpenStreetMap contributors, ODbL 1.0","highway":"residential","name":"Clare Road"},"geometry":{"type":"LineString","coordinates":[[-6.254994,53.375461],[-6.254809,53.375772],[-6.254414,53.376434],[-6.254311,53.376607],[-6.254296,53.376638],[-6.25427,53.376693]]}},{"type":"Feature","id":"way/666534977","properties":{"osmId":666534977,"attribution":"© OpenStreetMap contributors, ODbL 1.0","highway":"service"},"geometry":{"type":"LineString","coordinates":[[-6.260456,53.376808],[-6.260661,53.376849]]}},{"type":"Feature","id":"way/666534978","properties":{"osmId":666534978,"attribution":"© OpenStreetMap contributors, ODbL 1.0","highway":"footway"},"geometry":{"type":"LineString","coordinates":[[-6.254505,53.376812],[-6.254537,53.376739],[-6.254575,53.376652]]}},{"type":"Feature","id":"way/666534980","properties":{"osmId":666534980,"attribution":"© OpenStreetMap contributors, ODbL 1.0","highway":"service","access":"private"},"geometry":{"type":"LineString","coordinates":[[-6.261456,53.378909],[-6.261541,53.378936],[-6.261578,53.378956]]}},{"type":"Feature","id":"way/666534982","properties":{"osmId":666534982,"attribution":"© OpenStreetMap contributors, ODbL 1.0","highway":"residential","name":"Woodpark"},"geometry":{"type":"LineString","coordinates":[[-6.261578,53.378956],[-6.262238,53.378845],[-6.262297,53.378835]]}},{"type":"Feature","id":"way/666534983","properties":{"osmId":666534983,"attribution":"© OpenStreetMap contributors, ODbL 1.0","highway":"footway"},"geometry":{"type":"LineString","coordinates":[[-6.258915,53.377413],[-6.260002,53.377606]]}},{"type":"Feature","id":"way/666534984","properties":{"osmId":666534984,"attribution":"© OpenStreetMap contributors, ODbL 1.0","highway":"footway"},"geometry":{"type":"LineString","coordinates":[[-6.265015,53.378692],[-6.26503,53.378602],[-6.265047,53.378518]]}},{"type":"Feature","id":"way/666534985","properties":{"osmId":666534985,"attribution":"© OpenStreetMap contributors, ODbL 1.0","highway":"footway"},"geometry":{"type":"LineString","coordinates":[[-6.262671,53.378082],[-6.262723,53.378091],[-6.262774,53.3781]]}},{"type":"Feature","id":"way/666534986","properties":{"osmId":666534986,"attribution":"© OpenStreetMap contributors, ODbL 1.0","highway":"footway"},"geometry":{"type":"LineString","coordinates":[[-6.262774,53.3781],[-6.265047,53.378518]]}},{"type":"Feature","id":"way/666534987","properties":{"osmId":666534987,"attribution":"© OpenStreetMap contributors, ODbL 1.0","highway":"footway"},"geometry":{"type":"LineString","coordinates":[[-6.262706,53.378277],[-6.265015,53.378692],[-6.265195,53.378714]]}},{"type":"Feature","id":"way/666534988","properties":{"osmId":666534988,"attribution":"© OpenStreetMap contributors, ODbL 1.0","highway":"footway"},"geometry":{"type":"LineString","coordinates":[[-6.262559,53.378251],[-6.26263,53.378263],[-6.262706,53.378277]]}},{"type":"Feature","id":"way/666534989","properties":{"osmId":666534989,"attribution":"© OpenStreetMap contributors, ODbL 1.0","highway":"footway"},"geometry":{"type":"LineString","coordinates":[[-6.261022,53.377788],[-6.261052,53.377794],[-6.26109,53.3778]]}},{"type":"Feature","id":"way/666534990","properties":{"osmId":666534990,"attribution":"© OpenStreetMap contributors, ODbL 1.0","highway":"footway"},"geometry":{"type":"LineString","coordinates":[[-6.26109,53.3778],[-6.261114,53.377805],[-6.262611,53.378071],[-6.262671,53.378082]]}},{"type":"Feature","id":"way/666534991","properties":{"osmId":666534991,"attribution":"© OpenStreetMap contributors, ODbL 1.0","highway":"footway"},"geometry":{"type":"LineString","coordinates":[[-6.260002,53.377606],[-6.260037,53.377613],[-6.260106,53.377625]]}},{"type":"Feature","id":"way/666534992","properties":{"osmId":666534992,"attribution":"© OpenStreetMap contributors, ODbL 1.0","highway":"footway"},"geometry":{"type":"LineString","coordinates":[[-6.260106,53.377625],[-6.261005,53.377785],[-6.261022,53.377788]]}},{"type":"Feature","id":"way/666534994","properties":{"osmId":666534994,"attribution":"© OpenStreetMap contributors, ODbL 1.0","highway":"footway"},"geometry":{"type":"LineString","coordinates":[[-6.258231,53.377499],[-6.258274,53.377507],[-6.25865,53.377572],[-6.262525,53.378245],[-6.262559,53.378251]]}},{"type":"Feature","id":"way/667344087","properties":{"osmId":667344087,"attribution":"© OpenStreetMap contributors, ODbL 1.0","highway":"footway"},"geometry":{"type":"LineString","coordinates":[[-6.26583,53.379782],[-6.265833,53.379737],[-6.265899,53.379581]]}},{"type":"Feature","id":"way/667344107","properties":{"osmId":667344107,"attribution":"© OpenStreetMap contributors, ODbL 1.0","highway":"secondary_link","name":"Hampstead Avenue"},"geometry":{"type":"LineString","coordinates":[[-6.265847,53.381732],[-6.265668,53.381727]]}},{"type":"Feature","id":"way/667348150","properties":{"osmId":667348150,"attribution":"© OpenStreetMap contributors, ODbL 1.0","highway":"footway"},"geometry":{"type":"LineString","coordinates":[[-6.263799,53.387392],[-6.264218,53.387402],[-6.264515,53.387409],[-6.265001,53.387422]]}},{"type":"Feature","id":"way/667348152","properties":{"osmId":667348152,"attribution":"© OpenStreetMap contributors, ODbL 1.0","highway":"footway"},"geometry":{"type":"LineString","coordinates":[[-6.26499,53.387384],[-6.263802,53.387347]]}},{"type":"Feature","id":"way/667348154","properties":{"osmId":667348154,"attribution":"© OpenStreetMap contributors, ODbL 1.0","highway":"footway"},"geometry":{"type":"LineString","coordinates":[[-6.264218,53.387402],[-6.264215,53.387427],[-6.264359,53.387518],[-6.264525,53.387623],[-6.264509,53.387784],[-6.264495,53.387928],[-6.264319,53.388028],[-6.264164,53.388116],[-6.264161,53.388129]]}},{"type":"Feature","id":"way/667348155","properties":{"osmId":667348155,"attribution":"© OpenStreetMap contributors, ODbL 1.0","highway":"footway"},"geometry":{"type":"LineString","coordinates":[[-6.264465,53.388139],[-6.264468,53.388121],[-6.264319,53.388028]]}},{"type":"Feature","id":"way/667348157","properties":{"osmId":667348157,"attribution":"© OpenStreetMap contributors, ODbL 1.0","highway":"footway"},"geometry":{"type":"LineString","coordinates":[[-6.26424,53.387607],[-6.264328,53.387541]]}},{"type":"Feature","id":"way/667348160","properties":{"osmId":667348160,"attribution":"© OpenStreetMap contributors, ODbL 1.0","highway":"footway"},"geometry":{"type":"LineString","coordinates":[[-6.264509,53.387784],[-6.265063,53.38779]]}},{"type":"Feature","id":"way/667348161","properties":{"osmId":667348161,"attribution":"© OpenStreetMap contributors, ODbL 1.0","highway":"footway"},"geometry":{"type":"LineString","coordinates":[[-6.264359,53.387518],[-6.264514,53.38743],[-6.264515,53.387409]]}},{"type":"Feature","id":"way/667348163","properties":{"osmId":667348163,"attribution":"© OpenStreetMap contributors, ODbL 1.0","highway":"steps"},"geometry":{"type":"LineString","coordinates":[[-6.264328,53.387541],[-6.264359,53.387518]]}},{"type":"Feature","id":"way/667352370","properties":{"osmId":667352370,"attribution":"© OpenStreetMap contributors, ODbL 1.0","highway":"footway"},"geometry":{"type":"LineString","coordinates":[[-6.265374,53.3885],[-6.265685,53.388548]]}},{"type":"Feature","id":"way/667352371","properties":{"osmId":667352371,"attribution":"© OpenStreetMap contributors, ODbL 1.0","highway":"secondary","name":"Ballymun Road"},"geometry":{"type":"LineString","coordinates":[[-6.265187,53.387871],[-6.265181,53.387796],[-6.265069,53.387253],[-6.264984,53.386819],[-6.264975,53.386749],[-6.264943,53.386236],[-6.26494,53.386105]]}},{"type":"Feature","id":"way/672308953","properties":{"osmId":672308953,"attribution":"© OpenStreetMap contributors, ODbL 1.0","highway":"footway"},"geometry":{"type":"LineString","coordinates":[[-6.265047,53.378518],[-6.265099,53.37847],[-6.264788,53.377166],[-6.263308,53.377302],[-6.263293,53.377303],[-6.263276,53.377304],[-6.263256,53.377308],[-6.263246,53.377312],[-6.263238,53.377318],[-6.263234,53.377322],[-6.263225,53.377335],[-6.262774,53.3781]]}},{"type":"Feature","id":"way/672308955","properties":{"osmId":672308955,"attribution":"© OpenStreetMap contributors, ODbL 1.0","highway":"footway"},"geometry":{"type":"LineString","coordinates":[[-6.268257,53.376742],[-6.268863,53.376728],[-6.268916,53.376716],[-6.269193,53.376723],[-6.26944,53.376762],[-6.269267,53.377052],[-6.26914,53.37724],[-6.268976,53.377422],[-6.268895,53.377489],[-6.268787,53.377547],[-6.268128,53.377869],[-6.267404,53.378228],[-6.267388,53.378238],[-6.267341,53.378267],[-6.267027,53.378596],[-6.266825,53.378781],[-6.266766,53.378794],[-6.266717,53.378787],[-6.266406,53.378737],[-6.26577,53.37864],[-6.265501,53.378599],[-6.265467,53.378593],[-6.265447,53.378593],[-6.265351,53.378571],[-6.264979,53.377144],[-6.265932,53.377061],[-6.266302,53.377029],[-6.266381,53.377021],[-6.267331,53.376954],[-6.267578,53.377049],[-6.267601,53.377098],[-6.267518,53.37729],[-6.267472,53.377305],[-6.267257,53.377308]]}},{"type":"Feature","id":"way/672308957","properties":{"osmId":672308957,"attribution":"© OpenStreetMap contributors, ODbL 1.0","highway":"footway"},"geometry":{"type":"LineString","coordinates":[[-6.265929,53.37302],[-6.265896,53.373385],[-6.265674,53.374192],[-6.265019,53.375557],[-6.265009,53.375581],[-6.264765,53.37618],[-6.264955,53.37702],[-6.26497,53.377086],[-6.265591,53.37703],[-6.267389,53.376869],[-6.267492,53.37688]]}},{"type":"Feature","id":"way/672308960","properties":{"osmId":672308960,"attribution":"© OpenStreetMap contributors, ODbL 1.0","highway":"footway"},"geometry":{"type":"LineString","coordinates":[[-6.263944,53.376053],[-6.264566,53.376194],[-6.264754,53.37704],[-6.264771,53.377105],[-6.263269,53.377237],[-6.263944,53.376053]]}},{"type":"Feature","id":"way/672308963","properties":{"osmId":672308963,"attribution":"© OpenStreetMap contributors, ODbL 1.0","highway":"secondary","name":"Saint Mobhi Road"},"geometry":{"type":"LineString","coordinates":[[-6.264875,53.377123],[-6.264862,53.37706],[-6.264856,53.377029],[-6.264847,53.376987],[-6.264765,53.376615],[-6.264687,53.376156]]}},{"type":"Feature","id":"way/672308967","properties":{"osmId":672308967,"attribution":"© OpenStreetMap contributors, ODbL 1.0","highway":"footway"},"geometry":{"type":"LineString","coordinates":[[-6.264955,53.37702],[-6.264856,53.377029],[-6.264754,53.37704]]}},{"type":"Feature","id":"way/672313033","properties":{"osmId":672313033,"attribution":"© OpenStreetMap contributors, ODbL 1.0","highway":"footway"},"geometry":{"type":"LineString","coordinates":[[-6.262611,53.378071],[-6.262568,53.378158],[-6.262525,53.378245]]}},{"type":"Feature","id":"way/672313036","properties":{"osmId":672313036,"attribution":"© OpenStreetMap contributors, ODbL 1.0","highway":"footway"},"geometry":{"type":"LineString","coordinates":[[-6.262671,53.378082],[-6.263157,53.377219],[-6.263831,53.376024],[-6.262323,53.375693],[-6.261977,53.376286],[-6.261114,53.377805]]}},{"type":"Feature","id":"way/672313039","properties":{"osmId":672313039,"attribution":"© OpenStreetMap contributors, ODbL 1.0","highway":"footway"},"geometry":{"type":"LineString","coordinates":[[-6.261005,53.377785],[-6.262221,53.375671],[-6.260132,53.375222],[-6.259122,53.377031],[-6.258907,53.377412]]}},{"type":"Feature","id":"way/672313043","properties":{"osmId":672313043,"attribution":"© OpenStreetMap contributors, ODbL 1.0","highway":"footway"},"geometry":{"type":"LineString","coordinates":[[-6.262706,53.378277],[-6.262369,53.378842],[-6.262652,53.379444],[-6.262668,53.379451],[-6.262695,53.379455],[-6.263423,53.379341],[-6.263485,53.379333],[-6.263519,53.37933],[-6.263538,53.379331],[-6.264013,53.379433],[-6.264041,53.379448],[-6.264232,53.379923],[-6.264238,53.379933],[-6.26425,53.379938],[-6.264265,53.379943],[-6.264273,53.379947],[-6.264278,53.379956],[-6.264279,53.379964],[-6.264276,53.379974],[-6.264272,53.379983],[-6.264265,53.37999],[-6.264248,53.379999],[-6.264229,53.380003],[-6.264211,53.380006],[-6.264196,53.380006],[-6.264185,53.380003],[-6.264165,53.379995],[-6.264152,53.379984],[-6.263952,53.379497],[-6.263513,53.379406],[-6.263462,53.379406],[-6.263407,53.379411],[-6.263287,53.379429],[-6.262729,53.379517],[-6.262703,53.379531],[-6.262705,53.379548],[-6.262943,53.380057],[-6.26305,53.380143],[-6.263151,53.380182],[-6.263705,53.38033],[-6.264662,53.380598],[-6.264721,53.380611],[-6.264752,53.380617],[-6.264766,53.38062],[-6.265571,53.38064],[-6.265612,53.380621]]}},{"type":"Feature","id":"way/672339514","properties":{"osmId":672339514,"attribution":"© OpenStreetMap contributors, ODbL 1.0","highway":"secondary","name":"Ballymun Road"},"geometry":{"type":"LineString","coordinates":[[-6.266291,53.379599],[-6.26626,53.379643]]}},{"type":"Feature","id":"way/672339515","properties":{"osmId":672339515,"attribution":"© OpenStreetMap contributors, ODbL 1.0","highway":"service","access":"no"},"geometry":{"type":"LineString","coordinates":[[-6.266291,53.379599],[-6.266395,53.379643],[-6.266452,53.379646],[-6.266551,53.379618],[-6.266659,53.379549],[-6.266714,53.379537],[-6.266787,53.379546],[-6.266819,53.379573],[-6.266814,53.379619],[-6.266781,53.37967]]}},{"type":"Feature","id":"way/672345648","properties":{"osmId":672345648,"attribution":"© OpenStreetMap contributors, ODbL 1.0","highway":"footway"},"geometry":{"type":"LineString","coordinates":[[-6.255892,53.376648],[-6.25607,53.376771]]}},{"type":"Feature","id":"way/672345649","properties":{"osmId":672345649,"attribution":"© OpenStreetMap contributors, ODbL 1.0","highway":"footway"},"geometry":{"type":"LineString","coordinates":[[-6.262559,53.378251],[-6.262231,53.378818],[-6.261541,53.378936]]}},{"type":"Feature","id":"way/672345650","properties":{"osmId":672345650,"attribution":"© OpenStreetMap contributors, ODbL 1.0","highway":"footway"},"geometry":{"type":"LineString","coordinates":[[-6.262231,53.378818],[-6.262238,53.378845],[-6.262247,53.378881],[-6.262225,53.378902],[-6.262187,53.378911],[-6.262322,53.379194],[-6.262378,53.379185],[-6.262624,53.379696],[-6.262808,53.380097],[-6.262777,53.380148],[-6.262766,53.380183],[-6.262787,53.380223],[-6.262842,53.380262],[-6.26291,53.380294],[-6.262962,53.380312],[-6.263006,53.380316],[-6.263057,53.380315],[-6.263132,53.380291],[-6.263167,53.380289],[-6.263199,53.380292],[-6.263267,53.380307],[-6.264567,53.380666],[-6.264623,53.380682],[-6.264673,53.380691],[-6.264764,53.380705],[-6.265607,53.380725]]}},{"type":"Feature","id":"way/673083441","properties":{"osmId":673083441,"attribution":"© OpenStreetMap contributors, ODbL 1.0","highway":"service"},"geometry":{"type":"LineString","coordinates":[[-6.257015,53.381365],[-6.257149,53.381368],[-6.257264,53.381376],[-6.257344,53.381402],[-6.257385,53.381425],[-6.257407,53.381441],[-6.257429,53.381459],[-6.25747,53.381488]]}},{"type":"Feature","id":"way/673083443","properties":{"osmId":673083443,"attribution":"© OpenStreetMap contributors, ODbL 1.0","highway":"service"},"geometry":{"type":"LineString","coordinates":[[-6.260149,53.380227],[-6.26105,53.380108],[-6.260977,53.379933],[-6.260072,53.380056]]}},{"type":"Feature","id":"way/673086143","properties":{"osmId":673086143,"attribution":"© OpenStreetMap contributors, ODbL 1.0","highway":"footway"},"geometry":{"type":"LineString","coordinates":[[-6.257353,53.36896],[-6.257237,53.36916],[-6.258012,53.369324],[-6.258125,53.369122],[-6.258247,53.368921],[-6.258322,53.368945],[-6.25838,53.368956],[-6.258254,53.369145],[-6.25814,53.369352],[-6.258429,53.369403],[-6.25845,53.369407],[-6.25853,53.369441],[-6.258623,53.369471],[-6.259219,53.369662],[-6.259421,53.369748],[-6.259524,53.369812],[-6.259541,53.369855],[-6.259553,53.369911],[-6.259558,53.369962],[-6.259552,53.369997],[-6.259519,53.370023],[-6.259511,53.370028],[-6.259482,53.370044],[-6.259473,53.370077],[-6.259447,53.370196],[-6.259563,53.370235],[-6.259619,53.370259],[-6.259693,53.370291],[-6.259815,53.370365],[-6.259964,53.370424],[-6.260146,53.370466],[-6.260361,53.370494],[-6.260498,53.370515],[-6.260608,53.370533],[-6.260828,53.370569],[-6.260962,53.370614],[-6.261074,53.370678],[-6.26112,53.370711],[-6.261154,53.370753],[-6.261166,53.370785],[-6.261164,53.370823],[-6.26116,53.370876],[-6.261167,53.3713],[-6.261176,53.371771],[-6.261177,53.37181],[-6.261192,53.372408],[-6.261199,53.372703],[-6.2612,53.372732],[-6.261239,53.373875],[-6.261244,53.373985],[-6.261272,53.374596],[-6.261306,53.37536],[-6.263197,53.375778],[-6.264605,53.376084]]}},{"type":"Feature","id":"way/673086144","properties":{"osmId":673086144,"attribution":"© OpenStreetMap contributors, ODbL 1.0","highway":"footway","foot":"yes"},"geometry":{"type":"LineString","coordinates":[[-6.2658,53.372593],[-6.265827,53.372486]]}},{"type":"Feature","id":"way/673086145","properties":{"osmId":673086145,"attribution":"© OpenStreetMap contributors, ODbL 1.0","highway":"footway"},"geometry":{"type":"LineString","coordinates":[[-6.265827,53.372486],[-6.265845,53.372376],[-6.265857,53.37233],[-6.265899,53.372286],[-6.265949,53.372231],[-6.266105,53.37205],[-6.266188,53.372004],[-6.266336,53.371905],[-6.266402,53.371843],[-6.266419,53.371828],[-6.265897,53.371525],[-6.265543,53.371727],[-6.264923,53.372112],[-6.264887,53.372093]]}},{"type":"Feature","id":"way/673086146","properties":{"osmId":673086146,"attribution":"© OpenStreetMap contributors, ODbL 1.0","highway":"footway","foot":"permissive"},"geometry":{"type":"LineString","coordinates":[[-6.265581,53.372568],[-6.264846,53.372323],[-6.264512,53.372148],[-6.263982,53.371853],[-6.263845,53.371784],[-6.263703,53.371728],[-6.263272,53.371599],[-6.262842,53.37149],[-6.262708,53.371314],[-6.262672,53.371249],[-6.262626,53.371124],[-6.262612,53.370994],[-6.262621,53.370883],[-6.262608,53.370757],[-6.26258,53.370682],[-6.262526,53.370605],[-6.262393,53.370441],[-6.262259,53.37031],[-6.262136,53.370213],[-6.262041,53.370152],[-6.261938,53.370105],[-6.261701,53.369992],[-6.2615,53.369893],[-6.261412,53.369848],[-6.261325,53.369813],[-6.260863,53.369664],[-6.260236,53.369474],[-6.259728,53.369333],[-6.259383,53.369236],[-6.259298,53.369227],[-6.259167,53.369234],[-6.259064,53.369253],[-6.258981,53.369272],[-6.258821,53.369313]]}},{"type":"Feature","id":"way/673124466","properties":{"osmId":673124466,"attribution":"© OpenStreetMap contributors, ODbL 1.0","highway":"service"},"geometry":{"type":"LineString","coordinates":[[-6.249202,53.373669],[-6.248933,53.373599]]}},{"type":"Feature","id":"way/673124467","properties":{"osmId":673124467,"attribution":"© OpenStreetMap contributors, ODbL 1.0","highway":"service"},"geometry":{"type":"LineString","coordinates":[[-6.248483,53.374423],[-6.248923,53.373836],[-6.248972,53.373809],[-6.249002,53.373801],[-6.249025,53.373798],[-6.24905,53.373796],[-6.249069,53.373799],[-6.249097,53.373806]]}},{"type":"Feature","id":"way/673124468","properties":{"osmId":673124468,"attribution":"© OpenStreetMap contributors, ODbL 1.0","highway":"service"},"geometry":{"type":"LineString","coordinates":[[-6.248371,53.374147],[-6.248036,53.374062],[-6.247977,53.37406],[-6.247895,53.374066],[-6.247872,53.374077],[-6.247851,53.374093],[-6.247818,53.374122],[-6.247761,53.374195],[-6.247683,53.374299]]}},{"type":"Feature","id":"way/673136294","properties":{"osmId":673136294,"attribution":"© OpenStreetMap contributors, ODbL 1.0","highway":"secondary","name":"Ballymun Road"},"geometry":{"type":"LineString","coordinates":[[-6.265847,53.381732],[-6.265824,53.381962]]}},{"type":"Feature","id":"way/673136295","properties":{"osmId":673136295,"attribution":"© OpenStreetMap contributors, ODbL 1.0","highway":"secondary","name":"Ballymun Road"},"geometry":{"type":"LineString","coordinates":[[-6.265824,53.381962],[-6.265803,53.382211],[-6.265718,53.38289],[-6.265611,53.383382]]}},{"type":"Feature","id":"way/673136296","properties":{"osmId":673136296,"attribution":"© OpenStreetMap contributors, ODbL 1.0","highway":"service"},"geometry":{"type":"LineString","coordinates":[[-6.266113,53.381752],[-6.266109,53.381802],[-6.266098,53.381925],[-6.266095,53.381974],[-6.265955,53.381965],[-6.265824,53.381962]]}},{"type":"Feature","id":"way/673136297","properties":{"osmId":673136297,"attribution":"© OpenStreetMap contributors, ODbL 1.0","highway":"service","foot":"no","access":"permissive"},"geometry":{"type":"LineString","coordinates":[[-6.266253,53.381524],[-6.266244,53.381517],[-6.266229,53.38151],[-6.266156,53.38151],[-6.26614,53.381519],[-6.266131,53.381528],[-6.266126,53.381536],[-6.266119,53.381619],[-6.266113,53.381752]]}},{"type":"Feature","id":"way/673195938","properties":{"osmId":673195938,"attribution":"© OpenStreetMap contributors, ODbL 1.0","highway":"secondary","name":"Dean Swift Bridge"},"geometry":{"type":"LineString","coordinates":[[-6.265902,53.372622],[-6.265919,53.37252]]}},{"type":"Feature","id":"way/673592562","properties":{"osmId":673592562,"attribution":"© OpenStreetMap contributors, ODbL 1.0","highway":"footway"},"geometry":{"type":"LineString","coordinates":[[-6.265455,53.374214],[-6.265132,53.374121],[-6.264826,53.374068],[-6.26425,53.37397],[-6.263912,53.373916],[-6.263571,53.373866],[-6.263548,53.373862],[-6.263524,53.373858],[-6.263498,53.373854],[-6.263472,53.373852],[-6.263443,53.373852],[-6.263413,53.373854],[-6.263388,53.373858],[-6.26337,53.373863],[-6.26335,53.373869],[-6.263336,53.373874],[-6.263324,53.37388],[-6.263314,53.373885],[-6.263303,53.373891],[-6.263295,53.373896],[-6.263277,53.373931],[-6.263247,53.373985],[-6.263232,53.374035],[-6.263233,53.374048],[-6.263238,53.374066],[-6.263253,53.37409],[-6.263261,53.374114],[-6.263218,53.374223],[-6.263336,53.374215],[-6.263402,53.374229],[-6.263306,53.37441],[-6.263191,53.374608],[-6.263609,53.374689]]}},{"type":"Feature","id":"way/673592563","properties":{"osmId":673592563,"attribution":"© OpenStreetMap contributors, ODbL 1.0","highway":"steps"},"geometry":{"type":"LineString","coordinates":[[-6.263277,53.373931],[-6.263374,53.37395]]}},{"type":"Feature","id":"way/673592564","properties":{"osmId":673592564,"attribution":"© OpenStreetMap contributors, ODbL 1.0","highway":"footway"},"geometry":{"type":"LineString","coordinates":[[-6.263374,53.37395],[-6.263515,53.373973],[-6.263551,53.373947],[-6.263922,53.374018],[-6.263699,53.374486],[-6.263609,53.374689],[-6.263606,53.374696],[-6.263427,53.375067],[-6.263344,53.37524],[-6.263388,53.37533]]}},{"type":"Feature","id":"way/673592566","properties":{"osmId":673592566,"attribution":"© OpenStreetMap contributors, ODbL 1.0","highway":"footway","foot":"permissive"},"geometry":{"type":"LineString","coordinates":[[-6.262522,53.374276],[-6.262742,53.374354],[-6.262706,53.374578],[-6.262742,53.374581],[-6.262621,53.375168],[-6.262657,53.375175],[-6.263388,53.37533],[-6.264782,53.375636],[-6.264818,53.375644]]}},{"type":"Feature","id":"way/673592570","properties":{"osmId":673592570,"attribution":"© OpenStreetMap contributors, ODbL 1.0","highway":"steps"},"geometry":{"type":"LineString","coordinates":[[-6.264826,53.374068],[-6.264804,53.374122]]}},{"type":"Feature","id":"way/673592571","properties":{"osmId":673592571,"attribution":"© OpenStreetMap contributors, ODbL 1.0","highway":"steps"},"geometry":{"type":"LineString","coordinates":[[-6.26422,53.374043],[-6.26425,53.37397]]}},{"type":"Feature","id":"way/673604518","properties":{"osmId":673604518,"attribution":"© OpenStreetMap contributors, ODbL 1.0","highway":"service"},"geometry":{"type":"LineString","coordinates":[[-6.261316,53.381929],[-6.261507,53.382081]]}},{"type":"Feature","id":"way/673604572","properties":{"osmId":673604572,"attribution":"© OpenStreetMap contributors, ODbL 1.0","highway":"footway"},"geometry":{"type":"LineString","coordinates":[[-6.276078,53.380004],[-6.27602,53.380289],[-6.27601,53.380452],[-6.275968,53.380997],[-6.275968,53.38112],[-6.275977,53.381224],[-6.276001,53.381346],[-6.276053,53.381541],[-6.276053,53.381549],[-6.276053,53.381559],[-6.27604,53.381577],[-6.276012,53.381592],[-6.275968,53.381604],[-6.275896,53.38162],[-6.275421,53.38168],[-6.274942,53.381504],[-6.274925,53.381035],[-6.274938,53.380775],[-6.274958,53.380441],[-6.274964,53.380282],[-6.275002,53.380258],[-6.275418,53.379994],[-6.275469,53.379966],[-6.275513,53.379964],[-6.276078,53.380004],[-6.276132,53.379739],[-6.276132,53.379696],[-6.276115,53.379673],[-6.276106,53.379661],[-6.276089,53.379652],[-6.276016,53.379611],[-6.27544,53.379577],[-6.271872,53.379362],[-6.27176,53.379353],[-6.270416,53.37927],[-6.269587,53.379222],[-6.269349,53.379208],[-6.269269,53.379201],[-6.268599,53.379148],[-6.267098,53.379001],[-6.267048,53.379005],[-6.26701,53.379012],[-6.266955,53.379027],[-6.266932,53.379052],[-6.266677,53.379324],[-6.266447,53.379581],[-6.266417,53.379617],[-6.266395,53.379643],[-6.266241,53.379807],[-6.266189,53.379887],[-6.266069,53.380076],[-6.266013,53.380228],[-6.265991,53.38039],[-6.265992,53.380415],[-6.265993,53.380515],[-6.266006,53.38058],[-6.266013,53.380644],[-6.26602,53.380673],[-6.266007,53.380947],[-6.266002,53.381295],[-6.266002,53.381413],[-6.265988,53.381651],[-6.26598,53.381738],[-6.265955,53.381965],[-6.26595,53.382022],[-6.265874,53.382584],[-6.26586,53.382858]]}},{"type":"Feature","id":"way/673883139","properties":{"osmId":673883139,"attribution":"© OpenStreetMap contributors, ODbL 1.0","highway":"secondary","name":"Griffith Avenue"},"geometry":{"type":"LineString","coordinates":[[-6.266555,53.378839],[-6.266652,53.378851],[-6.266718,53.37886],[-6.26689,53.378883]]}},{"type":"Feature","id":"way/673883140","properties":{"osmId":673883140,"attribution":"© OpenStreetMap contributors, ODbL 1.0","highway":"secondary","name":"Ballymun Road"},"geometry":{"type":"LineString","coordinates":[[-6.26689,53.378883],[-6.266846,53.37894],[-6.266778,53.379027]]}},{"type":"Feature","id":"way/673883141","properties":{"osmId":673883141,"attribution":"© OpenStreetMap contributors, ODbL 1.0","highway":"secondary","name":"Griffith Avenue"},"geometry":{"type":"LineString","coordinates":[[-6.267113,53.378925],[-6.26689,53.378883]]}},{"type":"Feature","id":"way/673904154","properties":{"osmId":673904154,"attribution":"© OpenStreetMap contributors, ODbL 1.0","highway":"footway"},"geometry":{"type":"LineString","coordinates":[[-6.258804,53.377393],[-6.260012,53.3752],[-6.258081,53.374786],[-6.256805,53.377038]]}},{"type":"Feature","id":"way/673904156","properties":{"osmId":673904156,"attribution":"© OpenStreetMap contributors, ODbL 1.0","highway":"footway"},"geometry":{"type":"LineString","coordinates":[[-6.256711,53.377021],[-6.257057,53.376404],[-6.257252,53.376055],[-6.257591,53.375488],[-6.257994,53.374769],[-6.257139,53.37458],[-6.256957,53.374539],[-6.25689,53.374524],[-6.256159,53.374372],[-6.255766,53.37429],[-6.254598,53.376254],[-6.254605,53.376275],[-6.254419,53.376625]]}},{"type":"Feature","id":"way/673904158","properties":{"osmId":673904158,"attribution":"© OpenStreetMap contributors, ODbL 1.0","highway":"footway"},"geometry":{"type":"LineString","coordinates":[[-6.2532,53.376374],[-6.253551,53.37578],[-6.253574,53.375741],[-6.253539,53.375729]]}},{"type":"Feature","id":"way/673904161","properties":{"osmId":673904161,"attribution":"© OpenStreetMap contributors, ODbL 1.0","highway":"footway"},"geometry":{"type":"LineString","coordinates":[[-6.253445,53.375704],[-6.253061,53.376344]]}},{"type":"Feature","id":"way/673904163","properties":{"osmId":673904163,"attribution":"© OpenStreetMap contributors, ODbL 1.0","highway":"footway"},"geometry":{"type":"LineString","coordinates":[[-6.256719,53.37635],[-6.257028,53.376399],[-6.257057,53.376404]]}},{"type":"Feature","id":"way/673904164","properties":{"osmId":673904164,"attribution":"© OpenStreetMap contributors, ODbL 1.0","highway":"footway"},"geometry":{"type":"LineString","coordinates":[[-6.256103,53.376128],[-6.255949,53.376065],[-6.255997,53.375974]]}},{"type":"Feature","id":"way/673904165","properties":{"osmId":673904165,"attribution":"© OpenStreetMap contributors, ODbL 1.0","highway":"cycleway"},"geometry":{"type":"LineString","coordinates":[[-6.252019,53.373426],[-6.25205,53.373538],[-6.252063,53.373582],[-6.251681,53.374368],[-6.251657,53.37443],[-6.251369,53.374779],[-6.250637,53.375667],[-6.250561,53.375762],[-6.250548,53.375777],[-6.250537,53.37579],[-6.250353,53.375817]]}},{"type":"Feature","id":"way/674114134","properties":{"osmId":674114134,"attribution":"© OpenStreetMap contributors, ODbL 1.0","highway":"service"},"geometry":{"type":"LineString","coordinates":[[-6.265813,53.371913],[-6.26583,53.371899]]}},{"type":"Feature","id":"way/674311535","properties":{"osmId":674311535,"attribution":"© OpenStreetMap contributors, ODbL 1.0","highway":"service"},"geometry":{"type":"LineString","coordinates":[[-6.253308,53.375666],[-6.253445,53.375704],[-6.253539,53.375729]]}},{"type":"Feature","id":"way/674311536","properties":{"osmId":674311536,"attribution":"© OpenStreetMap contributors, ODbL 1.0","highway":"service","access":"permissive"},"geometry":{"type":"LineString","coordinates":[[-6.253625,53.375936],[-6.253691,53.375814],[-6.253551,53.37578],[-6.253514,53.375771]]}},{"type":"Feature","id":"way/674311537","properties":{"osmId":674311537,"attribution":"© OpenStreetMap contributors, ODbL 1.0","highway":"service"},"geometry":{"type":"LineString","coordinates":[[-6.253539,53.375729],[-6.253556,53.375706],[-6.253401,53.375631]]}},{"type":"Feature","id":"way/674420657","properties":{"osmId":674420657,"attribution":"© OpenStreetMap contributors, ODbL 1.0","highway":"footway"},"geometry":{"type":"LineString","coordinates":[[-6.26586,53.382858],[-6.266738,53.382887],[-6.268476,53.383102],[-6.268839,53.383195],[-6.271694,53.383919],[-6.272267,53.384017],[-6.272566,53.384041],[-6.272654,53.384038],[-6.272984,53.384027],[-6.273262,53.383993],[-6.273636,53.383925],[-6.274469,53.383754],[-6.275059,53.383633],[-6.275192,53.383605],[-6.275627,53.383517],[-6.275744,53.383494],[-6.276106,53.38342],[-6.276164,53.383383],[-6.276235,53.383186],[-6.276196,53.382976],[-6.276203,53.382742],[-6.276205,53.382705],[-6.276225,53.382441],[-6.276236,53.38228],[-6.276103,53.381747],[-6.276063,53.381721],[-6.276025,53.381707],[-6.275963,53.381699],[-6.275468,53.381757],[-6.274944,53.381824],[-6.274824,53.38179],[-6.27475,53.381719],[-6.274726,53.381027],[-6.274757,53.380423],[-6.274727,53.380398],[-6.274739,53.380228],[-6.274884,53.380235],[-6.274962,53.380238],[-6.275002,53.380258]]}},{"type":"Feature","id":"way/674420659","properties":{"osmId":674420659,"attribution":"© OpenStreetMap contributors, ODbL 1.0","highway":"service","foot":"yes","access":"private"},"geometry":{"type":"LineString","coordinates":[[-6.265535,53.385263],[-6.266141,53.385303]]}},{"type":"Feature","id":"way/674460522","properties":{"osmId":674460522,"attribution":"© OpenStreetMap contributors, ODbL 1.0","highway":"footway"},"geometry":{"type":"LineString","coordinates":[[-6.265068,53.389305],[-6.266863,53.389641],[-6.266978,53.38966],[-6.267717,53.389763],[-6.268177,53.389807],[-6.268842,53.389865],[-6.269629,53.389928],[-6.269692,53.389954],[-6.269729,53.389982],[-6.269757,53.390019],[-6.269686,53.390336],[-6.269633,53.390626],[-6.269597,53.390667],[-6.269528,53.390672],[-6.268035,53.390566],[-6.267998,53.390562],[-6.266844,53.39044],[-6.266803,53.39061],[-6.266885,53.390622],[-6.267004,53.390635],[-6.267058,53.390573],[-6.267171,53.390564],[-6.267259,53.390576],[-6.267992,53.390666],[-6.268024,53.390667],[-6.268332,53.39068],[-6.268415,53.390714],[-6.268453,53.390757],[-6.268442,53.390842],[-6.268448,53.390917],[-6.268491,53.390955],[-6.268818,53.391066],[-6.270381,53.391549],[-6.270577,53.391616],[-6.270768,53.391658],[-6.271417,53.391714],[-6.271972,53.391736],[-6.272085,53.39175],[-6.272178,53.391777],[-6.2722,53.391827],[-6.272187,53.391874]]}},{"type":"Feature","id":"way/674492989","properties":{"osmId":674492989,"attribution":"© OpenStreetMap contributors, ODbL 1.0","highway":"footway"},"geometry":{"type":"LineString","coordinates":[[-6.257203,53.368933],[-6.257091,53.369124],[-6.256187,53.368937],[-6.256308,53.368744],[-6.256719,53.368058],[-6.256682,53.368018]]}},{"type":"Feature","id":"way/675970137","properties":{"osmId":675970137,"attribution":"© OpenStreetMap contributors, ODbL 1.0","highway":"service"},"geometry":{"type":"LineString","coordinates":[[-6.253901,53.374887],[-6.253983,53.374906],[-6.254068,53.374927]]}},{"type":"Feature","id":"way/676383151","properties":{"osmId":676383151,"attribution":"© OpenStreetMap contributors, ODbL 1.0","highway":"service","access":"permissive"},"geometry":{"type":"LineString","coordinates":[[-6.262262,53.374428],[-6.262271,53.374267]]}},{"type":"Feature","id":"way/676383152","properties":{"osmId":676383152,"attribution":"© OpenStreetMap contributors, ODbL 1.0","highway":"footway","foot":"permissive"},"geometry":{"type":"LineString","coordinates":[[-6.262431,53.374272],[-6.262436,53.374211],[-6.262463,53.374159],[-6.262628,53.373838],[-6.262645,53.373643]]}},{"type":"Feature","id":"way/676383153","properties":{"osmId":676383153,"attribution":"© OpenStreetMap contributors, ODbL 1.0","highway":"footway","foot":"permissive"},"geometry":{"type":"LineString","coordinates":[[-6.262547,53.374582],[-6.262706,53.374578]]}},{"type":"Feature","id":"way/676383154","properties":{"osmId":676383154,"attribution":"© OpenStreetMap contributors, ODbL 1.0","highway":"footway","foot":"permissive"},"geometry":{"type":"LineString","coordinates":[[-6.261784,53.37459],[-6.262003,53.374582]]}},{"type":"Feature","id":"way/676383155","properties":{"osmId":676383155,"attribution":"© OpenStreetMap contributors, ODbL 1.0","highway":"service","access":"permissive"},"geometry":{"type":"LineString","coordinates":[[-6.262256,53.375122],[-6.262255,53.374932],[-6.262056,53.374932],[-6.261981,53.374975],[-6.26196,53.375027],[-6.26195,53.375056]]}},{"type":"Feature","id":"way/676651860","properties":{"osmId":676651860,"attribution":"© OpenStreetMap contributors, ODbL 1.0","highway":"service"},"geometry":{"type":"LineString","coordinates":[[-6.266774,53.390652],[-6.266885,53.390622],[-6.266924,53.390597]]}},{"type":"Feature","id":"way/676835151","properties":{"osmId":676835151,"attribution":"© OpenStreetMap contributors, ODbL 1.0","highway":"footway"},"geometry":{"type":"LineString","coordinates":[[-6.267101,53.378985],[-6.267103,53.378972],[-6.267113,53.378925],[-6.267123,53.378876],[-6.267125,53.378866]]}},{"type":"Feature","id":"way/676835152","properties":{"osmId":676835152,"attribution":"© OpenStreetMap contributors, ODbL 1.0","highway":"footway"},"geometry":{"type":"LineString","coordinates":[[-6.265494,53.378797],[-6.265464,53.378772],[-6.265441,53.378752]]}},{"type":"Feature","id":"way/676835153","properties":{"osmId":676835153,"attribution":"© OpenStreetMap contributors, ODbL 1.0","highway":"footway"},"geometry":{"type":"LineString","coordinates":[[-6.265435,53.378619],[-6.265414,53.378662],[-6.265398,53.3787]]}},{"type":"Feature","id":"way/676835154","properties":{"osmId":676835154,"attribution":"© OpenStreetMap contributors, ODbL 1.0","highway":"footway"},"geometry":{"type":"LineString","coordinates":[[-6.265211,53.378717],[-6.265269,53.378725],[-6.265328,53.378733]]}},{"type":"Feature","id":"way/677045570","properties":{"osmId":677045570,"attribution":"© OpenStreetMap contributors, ODbL 1.0","highway":"cycleway","foot":"designated"},"geometry":{"type":"LineString","coordinates":[[-6.266022,53.372512],[-6.266003,53.372626]]}},{"type":"Feature","id":"way/677045571","properties":{"osmId":677045571,"attribution":"© OpenStreetMap contributors, ODbL 1.0","highway":"footway"},"geometry":{"type":"LineString","coordinates":[[-6.265989,53.372762],[-6.266028,53.372788],[-6.266143,53.372846],[-6.266367,53.372958],[-6.266642,53.37307],[-6.266946,53.373166],[-6.267343,53.373267],[-6.267662,53.373338],[-6.267804,53.373362],[-6.267926,53.373377],[-6.268232,53.373412],[-6.268385,53.373433],[-6.268429,53.373436],[-6.268582,53.373447],[-6.268538,53.373322],[-6.268524,53.373282]]}},{"type":"Feature","id":"way/677045573","properties":{"osmId":677045573,"attribution":"© OpenStreetMap contributors, ODbL 1.0","highway":"footway"},"geometry":{"type":"LineString","coordinates":[[-6.268442,53.373089],[-6.268427,53.373053],[-6.26841,53.372956],[-6.268375,53.372795],[-6.267989,53.372714],[-6.267879,53.372682],[-6.267783,53.372653],[-6.267752,53.372631],[-6.267709,53.372601],[-6.26758,53.37251],[-6.267449,53.372418],[-6.267359,53.372352],[-6.267114,53.372211],[-6.266828,53.372051],[-6.266604,53.371923],[-6.266581,53.371943],[-6.266503,53.372006]]}},{"type":"Feature","id":"way/677045574","properties":{"osmId":677045574,"attribution":"© OpenStreetMap contributors, ODbL 1.0","highway":"footway"},"geometry":{"type":"LineString","coordinates":[[-6.266551,53.371927],[-6.266487,53.371891],[-6.266418,53.371852]]}},{"type":"Feature","id":"way/677045576","properties":{"osmId":677045576,"attribution":"© OpenStreetMap contributors, ODbL 1.0","highway":"footway"},"geometry":{"type":"LineString","coordinates":[[-6.264887,53.372093],[-6.264842,53.372072],[-6.265451,53.371685],[-6.265539,53.371632],[-6.265775,53.371481],[-6.265294,53.371202],[-6.264366,53.371786],[-6.26432,53.371758]]}},{"type":"Feature","id":"way/677045577","properties":{"osmId":677045577,"attribution":"© OpenStreetMap contributors, ODbL 1.0","highway":"footway"},"geometry":{"type":"LineString","coordinates":[[-6.26432,53.371758],[-6.264258,53.371728],[-6.265059,53.371264],[-6.265183,53.371178],[-6.265197,53.371147],[-6.26472,53.370888],[-6.264444,53.371061],[-6.263727,53.371511],[-6.263655,53.37149],[-6.26358,53.371469],[-6.264328,53.370999]]}},{"type":"Feature","id":"way/677045578","properties":{"osmId":677045578,"attribution":"© OpenStreetMap contributors, ODbL 1.0","highway":"footway"},"geometry":{"type":"LineString","coordinates":[[-6.264298,53.370674],[-6.264257,53.370649],[-6.264183,53.370603],[-6.26412,53.370602],[-6.263772,53.370349],[-6.263693,53.370292],[-6.263676,53.37028],[-6.263311,53.370016],[-6.262214,53.369222],[-6.262141,53.369169],[-6.262208,53.369133],[-6.262098,53.369059],[-6.26197,53.368992],[-6.261624,53.368856],[-6.261283,53.368743],[-6.261227,53.368728],[-6.2612,53.368721],[-6.260974,53.368686]]}},{"type":"Feature","id":"way/677045579","properties":{"osmId":677045579,"attribution":"© OpenStreetMap contributors, ODbL 1.0","highway":"footway"},"geometry":{"type":"LineString","coordinates":[[-6.258964,53.368822],[-6.259147,53.368401],[-6.260243,53.368572],[-6.260784,53.368656],[-6.260974,53.368686]]}},{"type":"Feature","id":"way/677045580","properties":{"osmId":677045580,"attribution":"© OpenStreetMap contributors, ODbL 1.0","highway":"footway"},"geometry":{"type":"LineString","coordinates":[[-6.258964,53.368822],[-6.258898,53.368816],[-6.258832,53.368811],[-6.259023,53.368381],[-6.258632,53.368316],[-6.258455,53.368274],[-6.258418,53.368263],[-6.25829,53.368225],[-6.258175,53.368182],[-6.258034,53.368129],[-6.257892,53.368077],[-6.257822,53.368051],[-6.257639,53.367983],[-6.257183,53.367816],[-6.257034,53.367785],[-6.256841,53.367744],[-6.256559,53.367709],[-6.25639,53.367688],[-6.256232,53.367672],[-6.256044,53.367653],[-6.255848,53.367633],[-6.255715,53.36762],[-6.255651,53.367625],[-6.255618,53.367628],[-6.255586,53.367653],[-6.255552,53.367716],[-6.255337,53.368201]]}},{"type":"Feature","id":"way/677070789","properties":{"osmId":677070789,"attribution":"© OpenStreetMap contributors, ODbL 1.0","highway":"service"},"geometry":{"type":"LineString","coordinates":[[-6.26662,53.375991],[-6.26661,53.376019],[-6.266517,53.376059],[-6.266496,53.37607],[-6.266355,53.376128],[-6.266302,53.376152],[-6.266646,53.376449],[-6.266809,53.376608]]}},{"type":"Feature","id":"way/677070792","properties":{"osmId":677070792,"attribution":"© OpenStreetMap contributors, ODbL 1.0","highway":"service"},"geometry":{"type":"LineString","coordinates":[[-6.267108,53.376187],[-6.267101,53.376267],[-6.267097,53.376315],[-6.26708,53.376509],[-6.266919,53.376517],[-6.266854,53.37636],[-6.266517,53.376059]]}},{"type":"Feature","id":"way/677070794","properties":{"osmId":677070794,"attribution":"© OpenStreetMap contributors, ODbL 1.0","highway":"service"},"geometry":{"type":"LineString","coordinates":[[-6.266819,53.37519],[-6.266393,53.375357]]}},{"type":"Feature","id":"way/677070796","properties":{"osmId":677070796,"attribution":"© OpenStreetMap contributors, ODbL 1.0","highway":"service"},"geometry":{"type":"LineString","coordinates":[[-6.266819,53.37519],[-6.266658,53.37504],[-6.266566,53.374951]]}},{"type":"Feature","id":"way/677070798","properties":{"osmId":677070798,"attribution":"© OpenStreetMap contributors, ODbL 1.0","highway":"service"},"geometry":{"type":"LineString","coordinates":[[-6.268026,53.374825],[-6.267755,53.374925],[-6.26753,53.375009],[-6.267246,53.375118],[-6.267081,53.375182]]}},{"type":"Feature","id":"way/677070799","properties":{"osmId":677070799,"attribution":"© OpenStreetMap contributors, ODbL 1.0","highway":"service"},"geometry":{"type":"LineString","coordinates":[[-6.267701,53.374869],[-6.26749,53.374674],[-6.266976,53.374859],[-6.266792,53.374925],[-6.266658,53.37504]]}},{"type":"Feature","id":"way/677717093","properties":{"osmId":677717093,"attribution":"© OpenStreetMap contributors, ODbL 1.0","highway":"footway"},"geometry":{"type":"LineString","coordinates":[[-6.267497,53.376908],[-6.267518,53.376951],[-6.267618,53.376993],[-6.267688,53.377033],[-6.267714,53.377097],[-6.26764,53.377301],[-6.26758,53.377347],[-6.267491,53.377372],[-6.267164,53.377381],[-6.267131,53.377412],[-6.267131,53.377591],[-6.267061,53.377598],[-6.266991,53.377604],[-6.267041,53.377311],[-6.267052,53.377243],[-6.267139,53.377236]]}},{"type":"Feature","id":"way/677717094","properties":{"osmId":677717094,"attribution":"© OpenStreetMap contributors, ODbL 1.0","highway":"footway"},"geometry":{"type":"LineString","coordinates":[[-6.267257,53.377308],[-6.267154,53.377309],[-6.267041,53.377311]]}},{"type":"Feature","id":"way/677717095","properties":{"osmId":677717095,"attribution":"© OpenStreetMap contributors, ODbL 1.0","highway":"service"},"geometry":{"type":"LineString","coordinates":[[-6.265934,53.377027],[-6.265932,53.377061],[-6.265923,53.377244],[-6.265993,53.377317],[-6.266202,53.377324]]}},{"type":"Feature","id":"way/677717096","properties":{"osmId":677717096,"attribution":"© OpenStreetMap contributors, ODbL 1.0","highway":"service"},"geometry":{"type":"LineString","coordinates":[[-6.266295,53.377393],[-6.266277,53.37744],[-6.266226,53.377626],[-6.266006,53.377615],[-6.266029,53.377428],[-6.266277,53.37744]]}},{"type":"Feature","id":"way/677719606","properties":{"osmId":677719606,"attribution":"© OpenStreetMap contributors, ODbL 1.0","highway":"service"},"geometry":{"type":"LineString","coordinates":[[-6.266971,53.388041],[-6.266891,53.388057],[-6.266838,53.388055]]}},{"type":"Feature","id":"way/677719607","properties":{"osmId":677719607,"attribution":"© OpenStreetMap contributors, ODbL 1.0","highway":"service"},"geometry":{"type":"LineString","coordinates":[[-6.266971,53.388041],[-6.266898,53.388004],[-6.26684,53.387959]]}},{"type":"Feature","id":"way/677719608","properties":{"osmId":677719608,"attribution":"© OpenStreetMap contributors, ODbL 1.0","highway":"service"},"geometry":{"type":"LineString","coordinates":[[-6.267512,53.388166],[-6.267521,53.388093],[-6.267524,53.388065]]}},{"type":"Feature","id":"way/677719609","properties":{"osmId":677719609,"attribution":"© OpenStreetMap contributors, ODbL 1.0","highway":"service"},"geometry":{"type":"LineString","coordinates":[[-6.267721,53.388073],[-6.267723,53.388043],[-6.267729,53.387988]]}},{"type":"Feature","id":"way/678437048","properties":{"osmId":678437048,"attribution":"© OpenStreetMap contributors, ODbL 1.0","highway":"footway"},"geometry":{"type":"LineString","coordinates":[[-6.258918,53.374358],[-6.258962,53.374372],[-6.259101,53.374399],[-6.259207,53.37441],[-6.259317,53.37441],[-6.259443,53.3744],[-6.259578,53.374384],[-6.259712,53.374351],[-6.259803,53.374314],[-6.259889,53.374266],[-6.259954,53.374222],[-6.260023,53.374154],[-6.26008,53.374088],[-6.260105,53.374045],[-6.261135,53.374159],[-6.261175,53.375275],[-6.261081,53.37532],[-6.257016,53.374444],[-6.256993,53.374409]]}},{"type":"Feature","id":"way/678437049","properties":{"osmId":678437049,"attribution":"© OpenStreetMap contributors, ODbL 1.0","highway":"footway"},"geometry":{"type":"LineString","coordinates":[[-6.258738,53.372965],[-6.259533,53.373056],[-6.260349,53.373149]]}},{"type":"Feature","id":"way/678437050","properties":{"osmId":678437050,"attribution":"© OpenStreetMap contributors, ODbL 1.0","highway":"footway"},"geometry":{"type":"LineString","coordinates":[[-6.259978,53.374029],[-6.258552,53.373868],[-6.258553,53.373959],[-6.258573,53.37403],[-6.25862,53.3741],[-6.258683,53.37417],[-6.25878,53.374224],[-6.258914,53.374283],[-6.259072,53.374333],[-6.259233,53.374343],[-6.259345,53.374344],[-6.259485,53.37433],[-6.259605,53.374317],[-6.259724,53.374282],[-6.259809,53.374234],[-6.259875,53.374185],[-6.259924,53.374131],[-6.259961,53.374071],[-6.259978,53.374029]]}},{"type":"Feature","id":"way/678437051","properties":{"osmId":678437051,"attribution":"© OpenStreetMap contributors, ODbL 1.0","highway":"footway"},"geometry":{"type":"LineString","coordinates":[[-6.256993,53.374409],[-6.257263,53.373924],[-6.25737,53.37373],[-6.258426,53.373852],[-6.258473,53.374026],[-6.258535,53.374129],[-6.258621,53.374211],[-6.258714,53.374272],[-6.25883,53.37433],[-6.258918,53.374358]]}},{"type":"Feature","id":"way/678437052","properties":{"osmId":678437052,"attribution":"© OpenStreetMap contributors, ODbL 1.0","highway":"footway"},"geometry":{"type":"LineString","coordinates":[[-6.258552,53.373868],[-6.258495,53.373861],[-6.258426,53.373852]]}},{"type":"Feature","id":"way/678437053","properties":{"osmId":678437053,"attribution":"© OpenStreetMap contributors, ODbL 1.0","highway":"footway"},"geometry":{"type":"LineString","coordinates":[[-6.260105,53.374045],[-6.260026,53.374035],[-6.259978,53.374029]]}},{"type":"Feature","id":"way/678437054","properties":{"osmId":678437054,"attribution":"© OpenStreetMap contributors, ODbL 1.0","highway":"footway"},"geometry":{"type":"LineString","coordinates":[[-6.26111,53.373159],[-6.260372,53.373077],[-6.259555,53.372985],[-6.258774,53.372897],[-6.258027,53.372813],[-6.258565,53.372189],[-6.258713,53.372016],[-6.260197,53.372189],[-6.261086,53.372293],[-6.26111,53.373159]]}},{"type":"Feature","id":"way/678437055","properties":{"osmId":678437055,"attribution":"© OpenStreetMap contributors, ODbL 1.0","highway":"footway"},"geometry":{"type":"LineString","coordinates":[[-6.261134,53.374087],[-6.257407,53.37367],[-6.257979,53.372879],[-6.258738,53.372965]]}},{"type":"Feature","id":"way/678437056","properties":{"osmId":678437056,"attribution":"© OpenStreetMap contributors, ODbL 1.0","highway":"footway"},"geometry":{"type":"LineString","coordinates":[[-6.260349,53.373149],[-6.261108,53.373235],[-6.261134,53.374087]]}},{"type":"Feature","id":"way/678437057","properties":{"osmId":678437057,"attribution":"© OpenStreetMap contributors, ODbL 1.0","highway":"footway"},"geometry":{"type":"LineString","coordinates":[[-6.258767,53.371955],[-6.26108,53.372217],[-6.261061,53.371479],[-6.260189,53.371387],[-6.259336,53.371297],[-6.258767,53.371955]]}},{"type":"Feature","id":"way/678437058","properties":{"osmId":678437058,"attribution":"© OpenStreetMap contributors, ODbL 1.0","highway":"footway"},"geometry":{"type":"LineString","coordinates":[[-6.261063,53.371424],[-6.260208,53.371325],[-6.259388,53.37123],[-6.25982,53.370717],[-6.259862,53.370667],[-6.259917,53.370633],[-6.259996,53.370593],[-6.260015,53.370588],[-6.260079,53.370569],[-6.260234,53.370556],[-6.260386,53.370561],[-6.260498,53.370568],[-6.260616,53.370595],[-6.26072,53.370627],[-6.260805,53.370659],[-6.260876,53.370694],[-6.260933,53.370729],[-6.260992,53.370776],[-6.261037,53.37082],[-6.261053,53.370859],[-6.261063,53.371424]]}},{"type":"Feature","id":"way/678437059","properties":{"osmId":678437059,"attribution":"© OpenStreetMap contributors, ODbL 1.0","highway":"footway"},"geometry":{"type":"LineString","coordinates":[[-6.254752,53.373958],[-6.255179,53.374049],[-6.256815,53.374397],[-6.256883,53.374383],[-6.257266,53.37368],[-6.257904,53.3728],[-6.258029,53.372654],[-6.258674,53.371898],[-6.259343,53.371116],[-6.259721,53.370668],[-6.259741,53.37061],[-6.259741,53.370571],[-6.259737,53.370531],[-6.259732,53.370509],[-6.259728,53.370494],[-6.259705,53.370463],[-6.259686,53.370435],[-6.259643,53.3704],[-6.259601,53.370366],[-6.259555,53.370341],[-6.259477,53.370311],[-6.259109,53.370222],[-6.259063,53.370211],[-6.258114,53.369913],[-6.25684,53.369526]]}},{"type":"Feature","id":"way/678503118","properties":{"osmId":678503118,"attribution":"© OpenStreetMap contributors, ODbL 1.0","highway":"footway"},"geometry":{"type":"LineString","coordinates":[[-6.252138,53.373509],[-6.252162,53.373457],[-6.252184,53.373409]]}},{"type":"Feature","id":"way/680087752","properties":{"osmId":680087752,"attribution":"© OpenStreetMap contributors, ODbL 1.0","highway":"footway"},"geometry":{"type":"LineString","coordinates":[[-6.268024,53.371995],[-6.268023,53.372013],[-6.267726,53.372242],[-6.267564,53.372385],[-6.267821,53.372555],[-6.267967,53.372605],[-6.268078,53.372628],[-6.268158,53.372636],[-6.268236,53.372641],[-6.268327,53.372638],[-6.268404,53.37262],[-6.268432,53.372608],[-6.268476,53.372588],[-6.268502,53.372577],[-6.26855,53.372545],[-6.268664,53.372465],[-6.268745,53.372375],[-6.269224,53.371828],[-6.269272,53.371763],[-6.269293,53.371723],[-6.269312,53.371687],[-6.269332,53.371642],[-6.26934,53.371592],[-6.269341,53.371569]]}},{"type":"Feature","id":"way/680087753","properties":{"osmId":680087753,"attribution":"© OpenStreetMap contributors, ODbL 1.0","highway":"footway"},"geometry":{"type":"LineString","coordinates":[[-6.269341,53.371569],[-6.269325,53.371539],[-6.269325,53.371507],[-6.269313,53.371467],[-6.269292,53.371424],[-6.269272,53.371381],[-6.269177,53.371253],[-6.269163,53.371238],[-6.269014,53.371092],[-6.268859,53.370939],[-6.26876,53.370842],[-6.268505,53.370584],[-6.268466,53.370586],[-6.268361,53.370483],[-6.26793,53.370771],[-6.267257,53.371354],[-6.267682,53.371532],[-6.268059,53.371687],[-6.26803,53.371716],[-6.268,53.371744],[-6.267617,53.371586],[-6.267183,53.371406],[-6.266715,53.371821],[-6.266681,53.371852],[-6.267517,53.372343],[-6.267824,53.372106]]}},{"type":"Feature","id":"way/680087755","properties":{"osmId":680087755,"attribution":"© OpenStreetMap contributors, ODbL 1.0","highway":"footway"},"geometry":{"type":"LineString","coordinates":[[-6.26582,53.371364],[-6.266195,53.371582],[-6.266496,53.371757],[-6.266544,53.371718],[-6.268199,53.370343],[-6.268221,53.370325],[-6.268222,53.370292],[-6.268222,53.370257],[-6.268185,53.37024],[-6.268136,53.370232],[-6.267789,53.370171],[-6.267362,53.370108],[-6.267212,53.370362],[-6.266667,53.370765],[-6.266101,53.371165],[-6.26582,53.371364]]}},{"type":"Feature","id":"way/680087756","properties":{"osmId":680087756,"attribution":"© OpenStreetMap contributors, ODbL 1.0","highway":"footway"},"geometry":{"type":"LineString","coordinates":[[-6.26573,53.371312],[-6.265467,53.371166],[-6.265464,53.371165],[-6.265388,53.371122],[-6.26533,53.371092],[-6.265294,53.371073],[-6.264981,53.37091],[-6.26496,53.370899],[-6.264943,53.370891],[-6.264791,53.370818],[-6.264663,53.370756],[-6.264613,53.370732],[-6.264566,53.37071],[-6.264495,53.370667],[-6.264369,53.370592],[-6.26432,53.370563],[-6.264311,53.370556],[-6.264198,53.370469],[-6.264087,53.370384],[-6.26406,53.370364],[-6.26394,53.370267],[-6.263869,53.37021],[-6.26387,53.370206],[-6.263882,53.370178],[-6.263905,53.370149],[-6.263947,53.370122],[-6.264005,53.3701],[-6.264086,53.370079],[-6.264184,53.370063],[-6.26425,53.370051],[-6.264356,53.370049],[-6.264462,53.370064],[-6.264605,53.370089],[-6.26476,53.370111],[-6.264873,53.370151],[-6.264928,53.370182],[-6.264996,53.370228],[-6.265071,53.370273],[-6.265132,53.370311],[-6.265177,53.37032],[-6.265249,53.37032],[-6.26529,53.370303],[-6.265315,53.370275],[-6.265341,53.37024],[-6.265334,53.370219],[-6.26532,53.370185],[-6.265298,53.370145],[-6.265254,53.370117],[-6.265235,53.370107]]}},{"type":"Feature","id":"way/680087758","properties":{"osmId":680087758,"attribution":"© OpenStreetMap contributors, ODbL 1.0","highway":"footway"},"geometry":{"type":"LineString","coordinates":[[-6.26582,53.371364],[-6.265769,53.371335],[-6.26573,53.371312]]}},{"type":"Feature","id":"way/680087760","properties":{"osmId":680087760,"attribution":"© OpenStreetMap contributors, ODbL 1.0","highway":"footway"},"geometry":{"type":"LineString","coordinates":[[-6.265235,53.370107],[-6.265198,53.370087],[-6.265103,53.370063],[-6.26496,53.370039],[-6.264809,53.370025],[-6.264684,53.370004],[-6.264541,53.369978],[-6.264388,53.369946],[-6.264258,53.369914],[-6.26409,53.369899],[-6.26395,53.369913],[-6.263759,53.369988],[-6.263605,53.370018],[-6.263292,53.369806],[-6.263255,53.369776],[-6.262972,53.369585],[-6.2624,53.369143],[-6.262329,53.369099],[-6.262177,53.369004],[-6.262045,53.368938],[-6.261868,53.368869],[-6.261741,53.36882],[-6.261424,53.368708],[-6.261198,53.368648]]}},{"type":"Feature","id":"way/680087761","properties":{"osmId":680087761,"attribution":"© OpenStreetMap contributors, ODbL 1.0","highway":"footway","name":"Botanic Park"},"geometry":{"type":"LineString","coordinates":[[-6.265235,53.370107],[-6.265268,53.370098],[-6.265821,53.369895],[-6.265885,53.369869],[-6.26594,53.369847]]}},{"type":"Feature","id":"way/680087763","properties":{"osmId":680087763,"attribution":"© OpenStreetMap contributors, ODbL 1.0","highway":"footway"},"geometry":{"type":"LineString","coordinates":[[-6.263869,53.37021],[-6.263818,53.370162]]}},{"type":"Feature","id":"way/680087764","properties":{"osmId":680087764,"attribution":"© OpenStreetMap contributors, ODbL 1.0","highway":"footway"},"geometry":{"type":"LineString","coordinates":[[-6.263818,53.370162],[-6.263731,53.370103],[-6.263605,53.370018]]}},{"type":"Feature","id":"way/680087766","properties":{"osmId":680087766,"attribution":"© OpenStreetMap contributors, ODbL 1.0","highway":"footway"},"geometry":{"type":"LineString","coordinates":[[-6.263255,53.368219],[-6.262064,53.368017],[-6.260758,53.367779],[-6.259953,53.367632],[-6.259747,53.368045],[-6.259585,53.368378],[-6.260465,53.368517],[-6.260836,53.368575],[-6.260962,53.368595],[-6.261008,53.368604],[-6.261022,53.368607],[-6.261041,53.36861],[-6.261109,53.368522],[-6.261832,53.368688],[-6.261876,53.368698],[-6.262703,53.368896],[-6.262774,53.368913],[-6.263041,53.368593],[-6.263081,53.368533],[-6.263111,53.368512],[-6.263255,53.368219]]}},{"type":"Feature","id":"way/680087767","properties":{"osmId":680087767,"attribution":"© OpenStreetMap contributors, ODbL 1.0","highway":"footway"},"geometry":{"type":"LineString","coordinates":[[-6.261198,53.368648],[-6.261121,53.36863],[-6.261041,53.36861]]}},{"type":"Feature","id":"way/680087769","properties":{"osmId":680087769,"attribution":"© OpenStreetMap contributors, ODbL 1.0","highway":"footway"},"geometry":{"type":"LineString","coordinates":[[-6.259465,53.368362],[-6.259629,53.368024],[-6.259834,53.367609],[-6.25825,53.367333],[-6.25709,53.367129],[-6.256423,53.367018],[-6.255852,53.366921],[-6.255648,53.366892],[-6.255642,53.366927],[-6.255605,53.367126],[-6.255681,53.367483],[-6.25569,53.367527],[-6.256265,53.367591],[-6.256475,53.367614],[-6.256856,53.36766],[-6.257174,53.367721],[-6.257391,53.367787],[-6.25776,53.367917],[-6.258175,53.36808],[-6.258201,53.36809],[-6.25844,53.368189],[-6.258494,53.368206],[-6.258572,53.368223],[-6.258796,53.368266],[-6.258883,53.368278],[-6.259465,53.368362]]}},{"type":"Feature","id":"way/680087770","properties":{"osmId":680087770,"attribution":"© OpenStreetMap contributors, ODbL 1.0","highway":"footway"},"geometry":{"type":"LineString","coordinates":[[-6.259585,53.368378],[-6.259529,53.36837],[-6.259465,53.368362]]}},{"type":"Feature","id":"way/680087772","properties":{"osmId":680087772,"attribution":"© OpenStreetMap contributors, ODbL 1.0","highway":"footway"},"geometry":{"type":"LineString","coordinates":[[-6.264328,53.370999],[-6.264355,53.370986],[-6.26448,53.370905],[-6.264557,53.370853],[-6.264594,53.370824],[-6.26432,53.370675],[-6.264298,53.370674],[-6.26426,53.37068],[-6.264124,53.370775],[-6.264096,53.370805],[-6.264098,53.370837],[-6.264085,53.370853]]}},{"type":"Feature","id":"way/680087774","properties":{"osmId":680087774,"attribution":"© OpenStreetMap contributors, ODbL 1.0","highway":"service","access":"yes"},"geometry":{"type":"LineString","coordinates":[[-6.264085,53.370853],[-6.264328,53.370999],[-6.264384,53.37103]]}},{"type":"Feature","id":"way/680087782","properties":{"osmId":680087782,"attribution":"© OpenStreetMap contributors, ODbL 1.0","highway":"footway"},"geometry":{"type":"LineString","coordinates":[[-6.266757,53.367551],[-6.266773,53.367519],[-6.266221,53.367474],[-6.266337,53.366921],[-6.266382,53.366404],[-6.266399,53.366182],[-6.266463,53.366182],[-6.266871,53.366185],[-6.267249,53.366192],[-6.267735,53.366216],[-6.268151,53.366273],[-6.268624,53.366362],[-6.268986,53.366433],[-6.269331,53.366501],[-6.270128,53.366677],[-6.270201,53.366689],[-6.270788,53.366814],[-6.270595,53.367134],[-6.27058,53.367158],[-6.270547,53.36722],[-6.270398,53.36749],[-6.270233,53.367761],[-6.270061,53.368042],[-6.269845,53.368381],[-6.269739,53.368548],[-6.269616,53.36872],[-6.269166,53.368647],[-6.269026,53.368628],[-6.268377,53.368543],[-6.266512,53.368315]]}},{"type":"Feature","id":"way/680087784","properties":{"osmId":680087784,"attribution":"© OpenStreetMap contributors, ODbL 1.0","highway":"footway"},"geometry":{"type":"LineString","coordinates":[[-6.266046,53.367466],[-6.264685,53.36748],[-6.265185,53.366109],[-6.26558,53.366153],[-6.265802,53.366171],[-6.266251,53.366179],[-6.266196,53.366772],[-6.266152,53.367034],[-6.266046,53.367466]]}},{"type":"Feature","id":"way/680087786","properties":{"osmId":680087786,"attribution":"© OpenStreetMap contributors, ODbL 1.0","highway":"footway"},"geometry":{"type":"LineString","coordinates":[[-6.266221,53.367474],[-6.266116,53.367465],[-6.266046,53.367466]]}},{"type":"Feature","id":"way/680087788","properties":{"osmId":680087788,"attribution":"© OpenStreetMap contributors, ODbL 1.0","highway":"footway"},"geometry":{"type":"LineString","coordinates":[[-6.266208,53.367575],[-6.26611,53.367573]]}},{"type":"Feature","id":"way/680087789","properties":{"osmId":680087789,"attribution":"© OpenStreetMap contributors, ODbL 1.0","highway":"footway"},"geometry":{"type":"LineString","coordinates":[[-6.264502,53.367478],[-6.264354,53.367483],[-6.263962,53.367503],[-6.262328,53.367229],[-6.262636,53.366705],[-6.262706,53.36658],[-6.262738,53.366519],[-6.262765,53.366473],[-6.262786,53.366435],[-6.263165,53.365757],[-6.263181,53.365728],[-6.263871,53.365868],[-6.264098,53.365918],[-6.264347,53.365969],[-6.26441,53.365983],[-6.265028,53.36609],[-6.26489,53.366462],[-6.264793,53.366722],[-6.264502,53.367478]]}},{"type":"Feature","id":"way/680087791","properties":{"osmId":680087791,"attribution":"© OpenStreetMap contributors, ODbL 1.0","highway":"footway"},"geometry":{"type":"LineString","coordinates":[[-6.263153,53.368041],[-6.262057,53.367864],[-6.262299,53.367306],[-6.263701,53.367546],[-6.263672,53.367619],[-6.263517,53.367685],[-6.263404,53.367744],[-6.263311,53.367818],[-6.263236,53.367945],[-6.263153,53.368041]]}},{"type":"Feature","id":"way/680087792","properties":{"osmId":680087792,"attribution":"© OpenStreetMap contributors, ODbL 1.0","highway":"footway"},"geometry":{"type":"LineString","coordinates":[[-6.262328,53.367229],[-6.262313,53.367267],[-6.262299,53.367306]]}},{"type":"Feature","id":"way/680096170","properties":{"osmId":680096170,"attribution":"© OpenStreetMap contributors, ODbL 1.0","highway":"footway"},"geometry":{"type":"LineString","coordinates":[[-6.26573,53.371312],[-6.26604,53.371091],[-6.266456,53.370793],[-6.26707,53.370347],[-6.267221,53.370079],[-6.266552,53.369985],[-6.265914,53.369895],[-6.265885,53.369869]]}},{"type":"Feature","id":"way/680096171","properties":{"osmId":680096171,"attribution":"© OpenStreetMap contributors, ODbL 1.0","highway":"footway"},"geometry":{"type":"LineString","coordinates":[[-6.265885,53.369869],[-6.265864,53.369831],[-6.265883,53.369781],[-6.26684,53.369925],[-6.267378,53.370007],[-6.268403,53.370171],[-6.268472,53.37016],[-6.268555,53.370124],[-6.268669,53.370022],[-6.268883,53.369824],[-6.268979,53.369689],[-6.269075,53.369526],[-6.268543,53.369432],[-6.268497,53.369428],[-6.26833,53.369413],[-6.268029,53.369369],[-6.267824,53.369339],[-6.267434,53.369288],[-6.266851,53.369211],[-6.2668,53.369204],[-6.266152,53.369113],[-6.266164,53.369085]]}},{"type":"Feature","id":"way/680096172","properties":{"osmId":680096172,"attribution":"© OpenStreetMap contributors, ODbL 1.0","highway":"footway"},"geometry":{"type":"LineString","coordinates":[[-6.266193,53.369012],[-6.266894,53.369099],[-6.267108,53.369129],[-6.267479,53.36918],[-6.268073,53.369262],[-6.268167,53.369275],[-6.268558,53.369338],[-6.269137,53.369431],[-6.26923,53.369301],[-6.269538,53.368844],[-6.269556,53.36881],[-6.269014,53.368713],[-6.268976,53.36871],[-6.268905,53.368705],[-6.267566,53.368541],[-6.266478,53.368401],[-6.266463,53.368399]]}},{"type":"Feature","id":"way/680325809","properties":{"osmId":680325809,"attribution":"© OpenStreetMap contributors, ODbL 1.0","highway":"footway"},"geometry":{"type":"LineString","coordinates":[[-6.250486,53.375943],[-6.250422,53.375987],[-6.250192,53.376241],[-6.250155,53.376268],[-6.250127,53.376289],[-6.249888,53.376461],[-6.249258,53.376863],[-6.248923,53.377121],[-6.248892,53.377145],[-6.248667,53.377323],[-6.248343,53.377686],[-6.248021,53.378039],[-6.247602,53.378523],[-6.247449,53.378704],[-6.247181,53.379004],[-6.247099,53.379095],[-6.247079,53.379117],[-6.247072,53.379125],[-6.246422,53.379898],[-6.246168,53.380195],[-6.24587,53.380534],[-6.245726,53.380704],[-6.245758,53.380736],[-6.245599,53.380995],[-6.245634,53.381045],[-6.246017,53.381131],[-6.246067,53.381154],[-6.246103,53.38117],[-6.246414,53.381239],[-6.246716,53.381305],[-6.246761,53.381308],[-6.24692,53.38128],[-6.247066,53.381255],[-6.247159,53.381219],[-6.247593,53.380955],[-6.247691,53.380917],[-6.247829,53.380871],[-6.247904,53.38085],[-6.247983,53.380841],[-6.248142,53.380837],[-6.248242,53.380841],[-6.24833,53.380856],[-6.248408,53.380876],[-6.248747,53.380999],[-6.249513,53.381296],[-6.250079,53.381516],[-6.250299,53.381634],[-6.250405,53.381727],[-6.250509,53.381835],[-6.250617,53.382016],[-6.250672,53.382184],[-6.250675,53.382298],[-6.250649,53.382438],[-6.250586,53.382585],[-6.250463,53.38273],[-6.250292,53.382877],[-6.250121,53.38299],[-6.250015,53.383035],[-6.249969,53.383067],[-6.249949,53.383108],[-6.249948,53.383157],[-6.249951,53.38318],[-6.25004,53.383319],[-6.250081,53.383388],[-6.250114,53.383492],[-6.250144,53.38363],[-6.250161,53.383768],[-6.250148,53.383962],[-6.250087,53.384147],[-6.250051,53.384215],[-6.25,53.384295],[-6.249959,53.384448]]}},{"type":"Feature","id":"way/680325816","properties":{"osmId":680325816,"attribution":"© OpenStreetMap contributors, ODbL 1.0","highway":"footway"},"geometry":{"type":"LineString","coordinates":[[-6.247099,53.379095],[-6.247166,53.379078]]}},{"type":"Feature","id":"way/680325818","properties":{"osmId":680325818,"attribution":"© OpenStreetMap contributors, ODbL 1.0","highway":"footway"},"geometry":{"type":"LineString","coordinates":[[-6.249818,53.384388],[-6.249872,53.384309],[-6.249977,53.384061],[-6.250003,53.383999],[-6.250023,53.383857],[-6.250029,53.38376],[-6.250022,53.383692],[-6.249997,53.383557],[-6.249915,53.383345],[-6.249849,53.383222],[-6.249804,53.383189],[-6.24976,53.383173],[-6.249695,53.383158],[-6.249635,53.38316],[-6.249379,53.383201],[-6.249127,53.38322],[-6.248835,53.38321],[-6.248609,53.383177],[-6.248452,53.383139],[-6.248161,53.383044],[-6.247754,53.38289],[-6.247675,53.382899],[-6.247554,53.38302],[-6.247382,53.383156],[-6.247128,53.383349],[-6.247149,53.383387]]}},{"type":"Feature","id":"way/680325821","properties":{"osmId":680325821,"attribution":"© OpenStreetMap contributors, ODbL 1.0","highway":"footway"},"geometry":{"type":"LineString","coordinates":[[-6.246951,53.383315],[-6.247014,53.383299],[-6.247167,53.383192],[-6.247555,53.382863],[-6.247552,53.38282],[-6.24704,53.38262],[-6.24686,53.382549],[-6.246769,53.382499],[-6.2467,53.382438],[-6.246627,53.382353],[-6.246565,53.382219],[-6.246555,53.382124],[-6.246564,53.382078],[-6.246601,53.381986],[-6.246728,53.381766],[-6.246801,53.38163],[-6.246811,53.381595],[-6.246811,53.381562],[-6.246801,53.381527],[-6.246775,53.38149],[-6.246739,53.381446],[-6.2467,53.381413],[-6.246653,53.381389],[-6.246574,53.381363],[-6.246475,53.381337],[-6.245944,53.381217],[-6.245812,53.381187],[-6.245575,53.381134],[-6.24551,53.381143],[-6.245487,53.381146],[-6.245454,53.381201],[-6.245447,53.381214],[-6.245454,53.381233],[-6.245388,53.381339],[-6.245321,53.381447],[-6.245261,53.381449],[-6.245057,53.381797],[-6.244856,53.382162]]}},{"type":"Feature","id":"way/680325826","properties":{"osmId":680325826,"attribution":"© OpenStreetMap contributors, ODbL 1.0","highway":"footway"},"geometry":{"type":"LineString","coordinates":[[-6.245223,53.382669],[-6.245142,53.382636],[-6.245072,53.382605]]}},{"type":"Feature","id":"way/680325828","properties":{"osmId":680325828,"attribution":"© OpenStreetMap contributors, ODbL 1.0","highway":"footway"},"geometry":{"type":"LineString","coordinates":[[-6.240584,53.37945],[-6.240554,53.379508],[-6.24034,53.379921],[-6.240377,53.379972],[-6.240314,53.380068],[-6.240269,53.380124],[-6.240137,53.380314],[-6.240018,53.380366],[-6.239876,53.380509],[-6.239729,53.380651],[-6.239668,53.38071],[-6.239669,53.380736],[-6.239644,53.38076],[-6.239594,53.380805],[-6.239467,53.380918],[-6.239671,53.381098],[-6.240355,53.381259],[-6.240408,53.381271],[-6.240671,53.381333],[-6.240739,53.381349],[-6.240991,53.381409],[-6.241031,53.381419],[-6.241633,53.381557],[-6.242964,53.381878],[-6.243379,53.38198],[-6.244171,53.382179],[-6.244257,53.382186],[-6.244302,53.382183],[-6.244327,53.382181],[-6.244379,53.382163],[-6.244428,53.382133],[-6.244466,53.382088],[-6.244576,53.381919],[-6.244718,53.381721],[-6.244795,53.381531],[-6.245108,53.381148],[-6.245131,53.381119],[-6.245209,53.381022],[-6.245234,53.380984],[-6.245474,53.380666],[-6.245701,53.38041],[-6.246042,53.38002],[-6.246282,53.379734],[-6.246419,53.379571],[-6.246855,53.379046],[-6.246935,53.378956],[-6.247045,53.378826],[-6.24743,53.378391],[-6.247556,53.378244],[-6.247653,53.378132],[-6.247713,53.378064],[-6.247798,53.377968],[-6.247991,53.377732],[-6.247982,53.377683],[-6.24795,53.377655],[-6.247917,53.37764],[-6.247848,53.377623],[-6.247314,53.377493],[-6.247254,53.377478],[-6.247151,53.377451],[-6.247123,53.377499],[-6.246855,53.377433]]}},{"type":"Feature","id":"way/680325845","properties":{"osmId":680325845,"attribution":"© OpenStreetMap contributors, ODbL 1.0","highway":"footway"},"geometry":{"type":"LineString","coordinates":[[-6.242391,53.375866],[-6.242638,53.37529],[-6.242925,53.374648],[-6.243244,53.373976],[-6.244386,53.374292],[-6.245459,53.374592],[-6.245561,53.374618],[-6.246918,53.374989],[-6.250063,53.375844],[-6.250089,53.37585],[-6.250067,53.37587],[-6.249941,53.376015],[-6.249652,53.376285],[-6.249407,53.376456],[-6.249321,53.376501],[-6.249091,53.37646],[-6.248725,53.37639],[-6.247639,53.376162],[-6.246649,53.375961],[-6.246448,53.375932],[-6.246225,53.375926],[-6.245933,53.375945],[-6.245857,53.375931],[-6.245807,53.375921],[-6.245761,53.375893],[-6.245733,53.37586],[-6.245711,53.37583],[-6.245662,53.375662],[-6.245641,53.37561],[-6.245628,53.375573],[-6.245595,53.37555],[-6.245565,53.375537],[-6.24551,53.375532],[-6.245453,53.375543],[-6.245397,53.375557],[-6.245383,53.375575],[-6.245374,53.375587],[-6.245366,53.375617],[-6.245366,53.375648],[-6.245375,53.375687],[-6.245441,53.375842],[-6.245536,53.375837],[-6.245607,53.375923],[-6.245628,53.375997],[-6.24566,53.376112],[-6.24568,53.376171],[-6.245642,53.376466],[-6.245577,53.376548],[-6.245564,53.376587],[-6.245592,53.376631],[-6.245633,53.376661],[-6.245695,53.376679],[-6.245745,53.376685],[-6.245823,53.376679],[-6.245916,53.376657],[-6.245939,53.376635],[-6.245968,53.376599],[-6.245968,53.376561],[-6.245945,53.376528],[-6.245913,53.376503],[-6.245861,53.376483],[-6.245806,53.376465],[-6.24584,53.376112],[-6.24589,53.376066],[-6.24596,53.376032],[-6.246051,53.376021],[-6.246189,53.376015],[-6.246334,53.37602],[-6.24644,53.37603],[-6.247113,53.376166],[-6.248351,53.376449],[-6.248914,53.376567],[-6.248941,53.376582],[-6.248961,53.37661],[-6.248967,53.376639],[-6.248962,53.376659],[-6.248961,53.37666],[-6.248956,53.37668],[-6.24894,53.376706],[-6.248913,53.376742],[-6.248862,53.376792],[-6.248546,53.37709],[-6.248346,53.377274],[-6.248086,53.377553],[-6.248029,53.37756],[-6.247966,53.377568],[-6.247602,53.37748],[-6.247663,53.377394],[-6.247765,53.377249],[-6.247941,53.377016],[-6.248319,53.377113]]}},{"type":"Feature","id":"way/680325854","properties":{"osmId":680325854,"attribution":"© OpenStreetMap contributors, ODbL 1.0","highway":"footway"},"geometry":{"type":"LineString","coordinates":[[-6.248962,53.376659],[-6.249102,53.376599],[-6.249144,53.376599]]}},{"type":"Feature","id":"way/680325856","properties":{"osmId":680325856,"attribution":"© OpenStreetMap contributors, ODbL 1.0","highway":"footway"},"geometry":{"type":"LineString","coordinates":[[-6.249144,53.376599],[-6.249198,53.376571],[-6.249321,53.376501]]}},{"type":"Feature","id":"way/680325858","properties":{"osmId":680325858,"attribution":"© OpenStreetMap contributors, ODbL 1.0","highway":"cycleway","name":"Swords Road"},"geometry":{"type":"LineString","coordinates":[[-6.249325,53.376537],[-6.249438,53.376474],[-6.249608,53.376351],[-6.250033,53.375954],[-6.250059,53.375934],[-6.250213,53.375965]]}},{"type":"Feature","id":"way/680325862","properties":{"osmId":680325862,"attribution":"© OpenStreetMap contributors, ODbL 1.0","highway":"footway"},"geometry":{"type":"LineString","coordinates":[[-6.248029,53.37756],[-6.248043,53.377588]]}},{"type":"Feature","id":"way/680325864","properties":{"osmId":680325864,"attribution":"© OpenStreetMap contributors, ODbL 1.0","highway":"footway"},"geometry":{"type":"LineString","coordinates":[[-6.248043,53.377588],[-6.248011,53.377639],[-6.247982,53.377683]]}},{"type":"Feature","id":"way/680325867","properties":{"osmId":680325867,"attribution":"© OpenStreetMap contributors, ODbL 1.0","highway":"footway"},"geometry":{"type":"LineString","coordinates":[[-6.244989,53.376822],[-6.245028,53.37686],[-6.245096,53.376877],[-6.245565,53.376998],[-6.247466,53.377444],[-6.24756,53.377312],[-6.24779,53.37699],[-6.247067,53.376808]]}},{"type":"Feature","id":"way/680325870","properties":{"osmId":680325870,"attribution":"© OpenStreetMap contributors, ODbL 1.0","highway":"footway"},"geometry":{"type":"LineString","coordinates":[[-6.247067,53.376808],[-6.246978,53.376785],[-6.246879,53.376759]]}},{"type":"Feature","id":"way/680325873","properties":{"osmId":680325873,"attribution":"© OpenStreetMap contributors, ODbL 1.0","highway":"footway"},"geometry":{"type":"LineString","coordinates":[[-6.24551,53.381143],[-6.245546,53.381083],[-6.245599,53.380995]]}},{"type":"Feature","id":"way/680331588","properties":{"osmId":680331588,"attribution":"© OpenStreetMap contributors, ODbL 1.0","highway":"footway"},"geometry":{"type":"LineString","coordinates":[[-6.258021,53.377457],[-6.257855,53.377812],[-6.257636,53.378036],[-6.25753,53.37812],[-6.257248,53.378188],[-6.257059,53.378194],[-6.256932,53.378188],[-6.256593,53.378135],[-6.25539,53.377924],[-6.254266,53.377732],[-6.254021,53.37769],[-6.253363,53.377578],[-6.253225,53.377592],[-6.253116,53.37762],[-6.253038,53.377656],[-6.252992,53.377721],[-6.252973,53.37778],[-6.252892,53.378162],[-6.252876,53.378243],[-6.252851,53.378644],[-6.252841,53.378952],[-6.252832,53.379023],[-6.25274,53.379071],[-6.252002,53.378936],[-6.250929,53.378732],[-6.250758,53.378647],[-6.250581,53.378609],[-6.250543,53.378679],[-6.250511,53.378737],[-6.250727,53.378785],[-6.250804,53.378807],[-6.250859,53.378829],[-6.250879,53.378856],[-6.250899,53.378897],[-6.25075,53.379081],[-6.250553,53.379317],[-6.250496,53.37935],[-6.250454,53.379386],[-6.250425,53.379431],[-6.250417,53.379469],[-6.250428,53.379503],[-6.250457,53.379524],[-6.250512,53.37954],[-6.25059,53.379548],[-6.250667,53.379548],[-6.250722,53.37956],[-6.251284,53.379736],[-6.252369,53.380062],[-6.252242,53.380327],[-6.252314,53.380346],[-6.252389,53.380365],[-6.252504,53.380128],[-6.252544,53.380049],[-6.252689,53.379759],[-6.252957,53.379176],[-6.252999,53.378898],[-6.253007,53.378668],[-6.25302,53.378313],[-6.253059,53.378076],[-6.253128,53.377803],[-6.253137,53.377759],[-6.253173,53.377729],[-6.253211,53.377702],[-6.253258,53.377683],[-6.253311,53.377674],[-6.253347,53.377669],[-6.253384,53.377669],[-6.253427,53.377669],[-6.254189,53.377816],[-6.253996,53.378722],[-6.253982,53.378784],[-6.253583,53.380209],[-6.253518,53.380239],[-6.253471,53.380251],[-6.253381,53.380241],[-6.253332,53.380226],[-6.253273,53.380202],[-6.25322,53.380173],[-6.253146,53.380154],[-6.253008,53.380131],[-6.253001,53.380151],[-6.252976,53.380192],[-6.252941,53.380251],[-6.253191,53.380306],[-6.25326,53.380311],[-6.253736,53.380404],[-6.253826,53.380417],[-6.253833,53.380366],[-6.25389,53.379918],[-6.253915,53.379787],[-6.253988,53.379411],[-6.254033,53.37923],[-6.25407,53.379078],[-6.254208,53.378564],[-6.254233,53.378541],[-6.254278,53.378527],[-6.254348,53.378516],[-6.254434,53.378525],[-6.256448,53.378874],[-6.256486,53.378879],[-6.256545,53.378879],[-6.256594,53.378871],[-6.256648,53.378857],[-6.25669,53.378834],[-6.256723,53.37879],[-6.256763,53.378709],[-6.256942,53.378278],[-6.257216,53.378264],[-6.257324,53.378252],[-6.257417,53.378236],[-6.257515,53.378215],[-6.257596,53.378198],[-6.257661,53.37816],[-6.257693,53.378137],[-6.257967,53.377915],[-6.258045,53.377794],[-6.258231,53.377499]]}},{"type":"Feature","id":"way/680331596","properties":{"osmId":680331596,"attribution":"© OpenStreetMap contributors, ODbL 1.0","highway":"footway"},"geometry":{"type":"LineString","coordinates":[[-6.254021,53.37769],[-6.25428,53.37741],[-6.254288,53.377459],[-6.254266,53.377732]]}},{"type":"Feature","id":"way/680331597","properties":{"osmId":680331597,"attribution":"© OpenStreetMap contributors, ODbL 1.0","highway":"footway"},"geometry":{"type":"LineString","coordinates":[[-6.253996,53.378722],[-6.253007,53.378668]]}},{"type":"Feature","id":"way/680331598","properties":{"osmId":680331598,"attribution":"© OpenStreetMap contributors, ODbL 1.0","highway":"footway"},"geometry":{"type":"LineString","coordinates":[[-6.252544,53.380049],[-6.253008,53.380131]]}},{"type":"Feature","id":"way/680331599","properties":{"osmId":680331599,"attribution":"© OpenStreetMap contributors, ODbL 1.0","highway":"footway"},"geometry":{"type":"LineString","coordinates":[[-6.254033,53.37923],[-6.254152,53.37925],[-6.254131,53.37931],[-6.254791,53.379436],[-6.254852,53.379294],[-6.254179,53.379181],[-6.254152,53.37925]]}},{"type":"Feature","id":"way/680331600","properties":{"osmId":680331600,"attribution":"© OpenStreetMap contributors, ODbL 1.0","highway":"footway"},"geometry":{"type":"LineString","coordinates":[[-6.258045,53.377794],[-6.258136,53.377729],[-6.258206,53.377691],[-6.258283,53.377657],[-6.258347,53.377629],[-6.258423,53.377597],[-6.258495,53.377582],[-6.258568,53.377577],[-6.25865,53.377572]]}},{"type":"Feature","id":"way/680331601","properties":{"osmId":680331601,"attribution":"© OpenStreetMap contributors, ODbL 1.0","highway":"footway"},"geometry":{"type":"LineString","coordinates":[[-6.256387,53.378777],[-6.254223,53.378392],[-6.254354,53.377844],[-6.256795,53.37826],[-6.256588,53.378737],[-6.256523,53.378766],[-6.256449,53.378777],[-6.256387,53.378777]]}},{"type":"Feature","id":"way/680331603","properties":{"osmId":680331603,"attribution":"© OpenStreetMap contributors, ODbL 1.0","highway":"footway"},"geometry":{"type":"LineString","coordinates":[[-6.265526,53.381685],[-6.265447,53.381704],[-6.265326,53.381693],[-6.264962,53.3816],[-6.263728,53.381194],[-6.263642,53.381178],[-6.2635,53.381157],[-6.263274,53.381152],[-6.263114,53.381152],[-6.262851,53.381194],[-6.262419,53.381267],[-6.26212,53.381327]]}},{"type":"Feature","id":"way/680331604","properties":{"osmId":680331604,"attribution":"© OpenStreetMap contributors, ODbL 1.0","highway":"footway"},"geometry":{"type":"LineString","coordinates":[[-6.26548,53.381855],[-6.26541,53.381824],[-6.265214,53.381763],[-6.264986,53.381704],[-6.26448,53.381533],[-6.264099,53.381389],[-6.263675,53.381255],[-6.263569,53.381233],[-6.263408,53.38123],[-6.263136,53.381237],[-6.262916,53.38126],[-6.262683,53.381295],[-6.262347,53.381356],[-6.262237,53.381396],[-6.262081,53.381465],[-6.262012,53.381515],[-6.261782,53.381701]]}},{"type":"Feature","id":"way/680331605","properties":{"osmId":680331605,"attribution":"© OpenStreetMap contributors, ODbL 1.0","highway":"footway"},"geometry":{"type":"LineString","coordinates":[[-6.270227,53.386121],[-6.268046,53.386023],[-6.267009,53.385987],[-6.266964,53.385975],[-6.266941,53.385953],[-6.267107,53.384873],[-6.267175,53.384474],[-6.267198,53.384336],[-6.267223,53.384313],[-6.267264,53.384302],[-6.267292,53.384302],[-6.267339,53.384296],[-6.267366,53.384288],[-6.267385,53.384279],[-6.267405,53.384262],[-6.267416,53.384242],[-6.267428,53.384225],[-6.267448,53.384214],[-6.267534,53.384217],[-6.267798,53.384271],[-6.269029,53.384486],[-6.269052,53.384506],[-6.269052,53.384526],[-6.268924,53.38476],[-6.26873,53.385137],[-6.268702,53.385159],[-6.268674,53.385166],[-6.268582,53.385169],[-6.268126,53.385179],[-6.268049,53.385194],[-6.268024,53.385214],[-6.268003,53.385238],[-6.268003,53.385277],[-6.268021,53.385317],[-6.268049,53.385339],[-6.268094,53.385362],[-6.268141,53.385373],[-6.268539,53.385428],[-6.269132,53.385512],[-6.269186,53.385518],[-6.269241,53.385515],[-6.269277,53.385507],[-6.269311,53.385486],[-6.269329,53.38547],[-6.26934,53.385438],[-6.269335,53.385409],[-6.269329,53.385389],[-6.269318,53.385366],[-6.269285,53.385349],[-6.269249,53.385333],[-6.268835,53.385192],[-6.268815,53.385172],[-6.268818,53.385134],[-6.269135,53.384531],[-6.269163,53.384518],[-6.269206,53.384516],[-6.269466,53.384562],[-6.269901,53.38464],[-6.269935,53.38467],[-6.269974,53.384732],[-6.270405,53.385323],[-6.270445,53.385381],[-6.270394,53.385658],[-6.270328,53.386011],[-6.270313,53.386098],[-6.270294,53.386113],[-6.270268,53.386118],[-6.270227,53.386121]]}},{"type":"Feature","id":"way/680331607","properties":{"osmId":680331607,"attribution":"© OpenStreetMap contributors, ODbL 1.0","highway":"footway"},"geometry":{"type":"LineString","coordinates":[[-6.266837,53.385946],[-6.266898,53.385951],[-6.266941,53.385953]]}},{"type":"Feature","id":"way/680336898","properties":{"osmId":680336898,"attribution":"© OpenStreetMap contributors, ODbL 1.0","highway":"footway"},"geometry":{"type":"LineString","coordinates":[[-6.254189,53.377816],[-6.254253,53.377827],[-6.254354,53.377844]]}},{"type":"Feature","id":"way/680336900","properties":{"osmId":680336900,"attribution":"© OpenStreetMap contributors, ODbL 1.0","highway":"footway"},"geometry":{"type":"LineString","coordinates":[[-6.266681,53.371852],[-6.266635,53.371894],[-6.266604,53.371923]]}},{"type":"Feature","id":"way/680336901","properties":{"osmId":680336901,"attribution":"© OpenStreetMap contributors, ODbL 1.0","highway":"footway"},"geometry":{"type":"LineString","coordinates":[[-6.266496,53.371757],[-6.266456,53.371794],[-6.266419,53.371828]]}},{"type":"Feature","id":"way/680336902","properties":{"osmId":680336902,"attribution":"© OpenStreetMap contributors, ODbL 1.0","highway":"footway"},"geometry":{"type":"LineString","coordinates":[[-6.266544,53.371718],[-6.266629,53.371769],[-6.266678,53.371799]]}},{"type":"Feature","id":"way/680336903","properties":{"osmId":680336903,"attribution":"© OpenStreetMap contributors, ODbL 1.0","highway":"footway"},"geometry":{"type":"LineString","coordinates":[[-6.265897,53.371525],[-6.26585,53.3715],[-6.265775,53.371481]]}},{"type":"Feature","id":"way/680336904","properties":{"osmId":680336904,"attribution":"© OpenStreetMap contributors, ODbL 1.0","highway":"footway"},"geometry":{"type":"LineString","coordinates":[[-6.265294,53.371202],[-6.265246,53.371174],[-6.265197,53.371147]]}},{"type":"Feature","id":"way/680336905","properties":{"osmId":680336905,"attribution":"© OpenStreetMap contributors, ODbL 1.0","highway":"footway"},"geometry":{"type":"LineString","coordinates":[[-6.26472,53.370888],[-6.264658,53.370857],[-6.264594,53.370824]]}},{"type":"Feature","id":"way/680336906","properties":{"osmId":680336906,"attribution":"© OpenStreetMap contributors, ODbL 1.0","highway":"footway"},"geometry":{"type":"LineString","coordinates":[[-6.262329,53.369099],[-6.262355,53.369086]]}},{"type":"Feature","id":"way/680336907","properties":{"osmId":680336907,"attribution":"© OpenStreetMap contributors, ODbL 1.0","highway":"footway"},"geometry":{"type":"LineString","coordinates":[[-6.264685,53.36748],[-6.264605,53.367479],[-6.264502,53.367478]]}},{"type":"Feature","id":"way/680336908","properties":{"osmId":680336908,"attribution":"© OpenStreetMap contributors, ODbL 1.0","highway":"footway"},"geometry":{"type":"LineString","coordinates":[[-6.254752,53.373958],[-6.254938,53.373637],[-6.25513,53.37331],[-6.255947,53.373492],[-6.255985,53.373529],[-6.256192,53.373578],[-6.256241,53.373576],[-6.256258,53.373569],[-6.256269,53.373565],[-6.256277,53.373562],[-6.256293,53.373543],[-6.256299,53.373527],[-6.256304,53.37351],[-6.256299,53.37349],[-6.256282,53.373473],[-6.256259,53.373465],[-6.256228,53.373455],[-6.256015,53.373402],[-6.255966,53.37342],[-6.255233,53.373242],[-6.255184,53.373215],[-6.255122,53.37319],[-6.255081,53.373179],[-6.255016,53.373174],[-6.254939,53.373169],[-6.254374,53.373038],[-6.254346,53.373018],[-6.254329,53.373005],[-6.254269,53.372983],[-6.254198,53.372969],[-6.254126,53.372965],[-6.254089,53.372982],[-6.254057,53.372999],[-6.254049,53.37303],[-6.254055,53.373054],[-6.254086,53.373077],[-6.254131,53.373086],[-6.254308,53.373128],[-6.254341,53.373117],[-6.254963,53.373268],[-6.254777,53.373602],[-6.254589,53.373923]]}},{"type":"Feature","id":"way/680336909","properties":{"osmId":680336909,"attribution":"© OpenStreetMap contributors, ODbL 1.0","highway":"footway"},"geometry":{"type":"LineString","coordinates":[[-6.254145,53.370389],[-6.254112,53.370441],[-6.25391,53.370786],[-6.253846,53.370894],[-6.253301,53.371782],[-6.253274,53.371817],[-6.253145,53.371959],[-6.253083,53.372006],[-6.253041,53.372072],[-6.252918,53.372259],[-6.252826,53.372399],[-6.252793,53.37245],[-6.252649,53.37267],[-6.252621,53.372712],[-6.252184,53.373409],[-6.252634,53.373508],[-6.253064,53.373599],[-6.253895,53.373776],[-6.254241,53.373849],[-6.254589,53.373923]]}},{"type":"Feature","id":"way/680336910","properties":{"osmId":680336910,"attribution":"© OpenStreetMap contributors, ODbL 1.0","highway":"footway"},"geometry":{"type":"LineString","coordinates":[[-6.254589,53.373923],[-6.254654,53.373937],[-6.254752,53.373958]]}},{"type":"Feature","id":"way/680345183","properties":{"osmId":680345183,"attribution":"© OpenStreetMap contributors, ODbL 1.0","highway":"footway"},"geometry":{"type":"LineString","coordinates":[[-6.268177,53.389807],[-6.268069,53.390271],[-6.268028,53.390373],[-6.267998,53.390562]]}},{"type":"Feature","id":"way/680345192","properties":{"osmId":680345192,"attribution":"© OpenStreetMap contributors, ODbL 1.0","highway":"footway"},"geometry":{"type":"LineString","coordinates":[[-6.265264,53.38825],[-6.265342,53.388258],[-6.265424,53.388268]]}},{"type":"Feature","id":"way/680345193","properties":{"osmId":680345193,"attribution":"© OpenStreetMap contributors, ODbL 1.0","highway":"footway"},"geometry":{"type":"LineString","coordinates":[[-6.265188,53.388309],[-6.265214,53.388312],[-6.265216,53.388308],[-6.265235,53.388248],[-6.265264,53.38825]]}},{"type":"Feature","id":"way/680345795","properties":{"osmId":680345795,"attribution":"© OpenStreetMap contributors, ODbL 1.0","highway":"secondary","name":"Ballymun Road"},"geometry":{"type":"LineString","coordinates":[[-6.266556,53.379289],[-6.266453,53.37941],[-6.266291,53.379599]]}},{"type":"Feature","id":"way/680355420","properties":{"osmId":680355420,"attribution":"© OpenStreetMap contributors, ODbL 1.0","highway":"footway"},"geometry":{"type":"LineString","coordinates":[[-6.265329,53.38586],[-6.265394,53.385794]]}},{"type":"Feature","id":"way/680355421","properties":{"osmId":680355421,"attribution":"© OpenStreetMap contributors, ODbL 1.0","highway":"cycleway","foot":"designated"},"geometry":{"type":"LineString","coordinates":[[-6.265908,53.373019],[-6.265843,53.373018],[-6.265763,53.373015]]}},{"type":"Feature","id":"way/680355422","properties":{"osmId":680355422,"attribution":"© OpenStreetMap contributors, ODbL 1.0","highway":"cycleway"},"geometry":{"type":"LineString","coordinates":[[-6.265987,53.372775],[-6.265981,53.372799],[-6.265964,53.372873]]}},{"type":"Feature","id":"way/680368807","properties":{"osmId":680368807,"attribution":"© OpenStreetMap contributors, ODbL 1.0","highway":"footway"},"geometry":{"type":"LineString","coordinates":[[-6.257227,53.366358],[-6.257447,53.365861],[-6.257131,53.36578],[-6.256387,53.365588],[-6.256004,53.366148],[-6.257227,53.366358]]}},{"type":"Feature","id":"way/680368808","properties":{"osmId":680368808,"attribution":"© OpenStreetMap contributors, ODbL 1.0","highway":"footway"},"geometry":{"type":"LineString","coordinates":[[-6.256384,53.366874],[-6.256929,53.366974],[-6.257191,53.366426],[-6.256736,53.366344],[-6.255959,53.3662],[-6.255873,53.366329],[-6.255871,53.366334],[-6.255667,53.366751],[-6.256384,53.366874]]}},{"type":"Feature","id":"way/680368809","properties":{"osmId":680368809,"attribution":"© OpenStreetMap contributors, ODbL 1.0","highway":"footway"},"geometry":{"type":"LineString","coordinates":[[-6.256004,53.366148],[-6.255983,53.366172],[-6.255959,53.3662]]}},{"type":"Feature","id":"way/680368810","properties":{"osmId":680368810,"attribution":"© OpenStreetMap contributors, ODbL 1.0","highway":"footway"},"geometry":{"type":"LineString","coordinates":[[-6.257568,53.365909],[-6.257342,53.366377],[-6.259991,53.366868],[-6.260971,53.367037],[-6.261016,53.366931],[-6.26107,53.366818],[-6.261108,53.366721],[-6.259843,53.366441],[-6.258617,53.366153],[-6.25854,53.366135],[-6.258106,53.366034],[-6.257568,53.365909]]}},{"type":"Feature","id":"way/680368811","properties":{"osmId":680368811,"attribution":"© OpenStreetMap contributors, ODbL 1.0","highway":"footway"},"geometry":{"type":"LineString","coordinates":[[-6.2573,53.366445],[-6.257065,53.36698],[-6.257652,53.367083],[-6.258784,53.367283],[-6.259914,53.367491],[-6.260707,53.367636],[-6.260846,53.367323],[-6.260937,53.367119],[-6.25829,53.366634],[-6.257849,53.36655],[-6.2573,53.366445]]}},{"type":"Feature","id":"way/680368812","properties":{"osmId":680368812,"attribution":"© OpenStreetMap contributors, ODbL 1.0","highway":"service"},"geometry":{"type":"LineString","coordinates":[[-6.257849,53.36655],[-6.257762,53.366751],[-6.2578,53.36677]]}},{"type":"Feature","id":"way/680368813","properties":{"osmId":680368813,"attribution":"© OpenStreetMap contributors, ODbL 1.0","highway":"footway"},"geometry":{"type":"LineString","coordinates":[[-6.270832,53.366719],[-6.271291,53.365964],[-6.270653,53.365823],[-6.27013,53.365708],[-6.269063,53.365492],[-6.268833,53.365465],[-6.268124,53.36541],[-6.267561,53.365407],[-6.266462,53.365385],[-6.26643,53.365694],[-6.266407,53.366092],[-6.26725,53.366097],[-6.267832,53.36613],[-6.268347,53.366204],[-6.268842,53.366302],[-6.269482,53.366432],[-6.270832,53.366719]]}},{"type":"Feature","id":"way/680368815","properties":{"osmId":680368815,"attribution":"© OpenStreetMap contributors, ODbL 1.0","highway":"footway"},"geometry":{"type":"LineString","coordinates":[[-6.266261,53.366089],[-6.26633,53.365383],[-6.265834,53.365348],[-6.265526,53.365308],[-6.264909,53.365203],[-6.264753,53.36551],[-6.264501,53.365898],[-6.264886,53.365969],[-6.265399,53.366039],[-6.265645,53.366065],[-6.266261,53.366089]]}},{"type":"Feature","id":"way/680368816","properties":{"osmId":680368816,"attribution":"© OpenStreetMap contributors, ODbL 1.0","highway":"footway"},"geometry":{"type":"LineString","coordinates":[[-6.266407,53.366092],[-6.266323,53.36609],[-6.266261,53.366089]]}},{"type":"Feature","id":"way/680368817","properties":{"osmId":680368817,"attribution":"© OpenStreetMap contributors, ODbL 1.0","highway":"footway"},"geometry":{"type":"LineString","coordinates":[[-6.266399,53.366182],[-6.266311,53.36618],[-6.266251,53.366179]]}},{"type":"Feature","id":"way/680368818","properties":{"osmId":680368818,"attribution":"© OpenStreetMap contributors, ODbL 1.0","highway":"footway"},"geometry":{"type":"LineString","coordinates":[[-6.266399,53.366182],[-6.266403,53.366131],[-6.266407,53.366092]]}},{"type":"Feature","id":"way/680368819","properties":{"osmId":680368819,"attribution":"© OpenStreetMap contributors, ODbL 1.0","highway":"footway"},"geometry":{"type":"LineString","coordinates":[[-6.266261,53.366089],[-6.266256,53.36613],[-6.266251,53.366179]]}},{"type":"Feature","id":"way/680368821","properties":{"osmId":680368821,"attribution":"© OpenStreetMap contributors, ODbL 1.0","highway":"footway"},"geometry":{"type":"LineString","coordinates":[[-6.265185,53.366109],[-6.265111,53.3661],[-6.265028,53.36609]]}},{"type":"Feature","id":"way/680377031","properties":{"osmId":680377031,"attribution":"© OpenStreetMap contributors, ODbL 1.0","highway":"footway"},"geometry":{"type":"LineString","coordinates":[[-6.25887,53.364686],[-6.258903,53.364697],[-6.259606,53.364876],[-6.260176,53.365017],[-6.260361,53.365063],[-6.261138,53.365257],[-6.261566,53.365366],[-6.261763,53.365417],[-6.262467,53.365581],[-6.262865,53.365666],[-6.262978,53.365693],[-6.262999,53.365732],[-6.26298,53.36578],[-6.262918,53.365897],[-6.262565,53.366482],[-6.262301,53.366966],[-6.261929,53.367843],[-6.260809,53.367655],[-6.260921,53.367427],[-6.261283,53.366687]]}},{"type":"Feature","id":"way/680377034","properties":{"osmId":680377034,"attribution":"© OpenStreetMap contributors, ODbL 1.0","highway":"footway"},"geometry":{"type":"LineString","coordinates":[[-6.25887,53.364686],[-6.25881,53.364723],[-6.258619,53.364939],[-6.258379,53.365215],[-6.258041,53.365627],[-6.25782,53.365902],[-6.258794,53.366116],[-6.259682,53.366312],[-6.260763,53.366564],[-6.261283,53.366687]]}},{"type":"Feature","id":"way/680377035","properties":{"osmId":680377035,"attribution":"© OpenStreetMap contributors, ODbL 1.0","highway":"footway"},"geometry":{"type":"LineString","coordinates":[[-6.260971,53.367037],[-6.260956,53.367072],[-6.260937,53.367119]]}},{"type":"Feature","id":"way/680377036","properties":{"osmId":680377036,"attribution":"© OpenStreetMap contributors, ODbL 1.0","highway":"footway"},"geometry":{"type":"LineString","coordinates":[[-6.260809,53.367655],[-6.260783,53.367649],[-6.260707,53.367636]]}},{"type":"Feature","id":"way/680377037","properties":{"osmId":680377037,"attribution":"© OpenStreetMap contributors, ODbL 1.0","highway":"footway"},"geometry":{"type":"LineString","coordinates":[[-6.259953,53.367632],[-6.259898,53.367621],[-6.259834,53.367609]]}},{"type":"Feature","id":"way/680377038","properties":{"osmId":680377038,"attribution":"© OpenStreetMap contributors, ODbL 1.0","highway":"footway"},"geometry":{"type":"LineString","coordinates":[[-6.262057,53.367864],[-6.261993,53.367853],[-6.261929,53.367843]]}},{"type":"Feature","id":"way/680400916","properties":{"osmId":680400916,"attribution":"© OpenStreetMap contributors, ODbL 1.0","highway":"footway"},"geometry":{"type":"LineString","coordinates":[[-6.259348,53.369992],[-6.259169,53.369943],[-6.259137,53.369933],[-6.259098,53.369962],[-6.259085,53.369958],[-6.259031,53.370022],[-6.259012,53.370017],[-6.259093,53.369922],[-6.259057,53.369919]]}},{"type":"Feature","id":"way/680631107","properties":{"osmId":680631107,"attribution":"© OpenStreetMap contributors, ODbL 1.0","highway":"footway"},"geometry":{"type":"LineString","coordinates":[[-6.266478,53.368401],[-6.266492,53.368363],[-6.266512,53.368315]]}},{"type":"Feature","id":"way/680631108","properties":{"osmId":680631108,"attribution":"© OpenStreetMap contributors, ODbL 1.0","highway":"footway"},"geometry":{"type":"LineString","coordinates":[[-6.266512,53.368315],[-6.266482,53.368302],[-6.266476,53.368282],[-6.266483,53.368263],[-6.266621,53.367948],[-6.266137,53.367905],[-6.26614,53.367889],[-6.266065,53.367885]]}},{"type":"Feature","id":"way/680631109","properties":{"osmId":680631109,"attribution":"© OpenStreetMap contributors, ODbL 1.0","highway":"footway"},"geometry":{"type":"LineString","coordinates":[[-6.26614,53.367889],[-6.266208,53.367575],[-6.266747,53.367602]]}},{"type":"Feature","id":"way/680631110","properties":{"osmId":680631110,"attribution":"© OpenStreetMap contributors, ODbL 1.0","highway":"service"},"geometry":{"type":"LineString","coordinates":[[-6.266741,53.367646],[-6.266747,53.367602],[-6.266757,53.367551]]}},{"type":"Feature","id":"way/680932398","properties":{"osmId":680932398,"attribution":"© OpenStreetMap contributors, ODbL 1.0","highway":"footway"},"geometry":{"type":"LineString","coordinates":[[-6.257016,53.374444],[-6.256993,53.374481],[-6.256957,53.374539]]}},{"type":"Feature","id":"way/680932399","properties":{"osmId":680932399,"attribution":"© OpenStreetMap contributors, ODbL 1.0","highway":"footway"},"geometry":{"type":"LineString","coordinates":[[-6.256993,53.374409],[-6.256937,53.374395],[-6.256883,53.374383]]}},{"type":"Feature","id":"way/680932400","properties":{"osmId":680932400,"attribution":"© OpenStreetMap contributors, ODbL 1.0","highway":"footway"},"geometry":{"type":"LineString","coordinates":[[-6.260132,53.375222],[-6.260068,53.37521],[-6.260012,53.3752]]}},{"type":"Feature","id":"way/680932401","properties":{"osmId":680932401,"attribution":"© OpenStreetMap contributors, ODbL 1.0","highway":"footway"},"geometry":{"type":"LineString","coordinates":[[-6.261306,53.37536],[-6.261214,53.375344],[-6.261081,53.37532]]}},{"type":"Feature","id":"way/680932402","properties":{"osmId":680932402,"attribution":"© OpenStreetMap contributors, ODbL 1.0","highway":"footway"},"geometry":{"type":"LineString","coordinates":[[-6.262323,53.375693],[-6.262268,53.375681],[-6.262221,53.375671]]}},{"type":"Feature","id":"way/680932403","properties":{"osmId":680932403,"attribution":"© OpenStreetMap contributors, ODbL 1.0","highway":"footway"},"geometry":{"type":"LineString","coordinates":[[-6.263944,53.376053],[-6.263879,53.376036],[-6.263831,53.376024]]}},{"type":"Feature","id":"way/680932404","properties":{"osmId":680932404,"attribution":"© OpenStreetMap contributors, ODbL 1.0","highway":"footway"},"geometry":{"type":"LineString","coordinates":[[-6.25169,53.374417],[-6.2514,53.374789],[-6.250596,53.375789],[-6.250719,53.375797],[-6.253061,53.376344],[-6.253083,53.376349]]}},{"type":"Feature","id":"way/680932405","properties":{"osmId":680932405,"attribution":"© OpenStreetMap contributors, ODbL 1.0","highway":"footway"},"geometry":{"type":"LineString","coordinates":[[-6.251721,53.374351],[-6.251708,53.374378],[-6.25169,53.374417]]}},{"type":"Feature","id":"way/680932406","properties":{"osmId":680932406,"attribution":"© OpenStreetMap contributors, ODbL 1.0","highway":"footway"},"geometry":{"type":"LineString","coordinates":[[-6.253475,53.373794],[-6.25355,53.373811],[-6.253618,53.373826]]}},{"type":"Feature","id":"way/680932407","properties":{"osmId":680932407,"attribution":"© OpenStreetMap contributors, ODbL 1.0","highway":"footway"},"geometry":{"type":"LineString","coordinates":[[-6.254512,53.374019],[-6.254594,53.374038],[-6.254675,53.374057]]}},{"type":"Feature","id":"way/680932408","properties":{"osmId":680932408,"attribution":"© OpenStreetMap contributors, ODbL 1.0","highway":"footway"},"geometry":{"type":"LineString","coordinates":[[-6.25561,53.374263],[-6.255699,53.374278],[-6.255766,53.37429]]}},{"type":"Feature","id":"way/680932409","properties":{"osmId":680932409,"attribution":"© OpenStreetMap contributors, ODbL 1.0","highway":"footway"},"geometry":{"type":"LineString","coordinates":[[-6.258081,53.374786],[-6.258031,53.374777],[-6.257994,53.374769]]}},{"type":"Feature","id":"way/680932410","properties":{"osmId":680932410,"attribution":"© OpenStreetMap contributors, ODbL 1.0","highway":"footway"},"geometry":{"type":"LineString","coordinates":[[-6.25737,53.37373],[-6.257398,53.373685],[-6.257407,53.37367]]}},{"type":"Feature","id":"way/680932411","properties":{"osmId":680932411,"attribution":"© OpenStreetMap contributors, ODbL 1.0","highway":"footway"},"geometry":{"type":"LineString","coordinates":[[-6.261135,53.374159],[-6.261135,53.374117],[-6.261134,53.374087]]}},{"type":"Feature","id":"way/680932412","properties":{"osmId":680932412,"attribution":"© OpenStreetMap contributors, ODbL 1.0","highway":"footway"},"geometry":{"type":"LineString","coordinates":[[-6.261108,53.373235],[-6.261109,53.373181],[-6.26111,53.373159]]}},{"type":"Feature","id":"way/680932413","properties":{"osmId":680932413,"attribution":"© OpenStreetMap contributors, ODbL 1.0","highway":"footway"},"geometry":{"type":"LineString","coordinates":[[-6.257979,53.372879],[-6.258003,53.372846],[-6.258027,53.372813]]}},{"type":"Feature","id":"way/680932414","properties":{"osmId":680932414,"attribution":"© OpenStreetMap contributors, ODbL 1.0","highway":"footway"},"geometry":{"type":"LineString","coordinates":[[-6.258713,53.372016],[-6.25874,53.371986],[-6.258767,53.371955]]}},{"type":"Feature","id":"way/680932415","properties":{"osmId":680932415,"attribution":"© OpenStreetMap contributors, ODbL 1.0","highway":"footway"},"geometry":{"type":"LineString","coordinates":[[-6.261086,53.372293],[-6.261083,53.372259],[-6.26108,53.372217]]}},{"type":"Feature","id":"way/680932416","properties":{"osmId":680932416,"attribution":"© OpenStreetMap contributors, ODbL 1.0","highway":"footway"},"geometry":{"type":"LineString","coordinates":[[-6.261061,53.371479],[-6.261062,53.371452],[-6.261063,53.371424]]}},{"type":"Feature","id":"way/680932417","properties":{"osmId":680932417,"attribution":"© OpenStreetMap contributors, ODbL 1.0","highway":"footway"},"geometry":{"type":"LineString","coordinates":[[-6.259336,53.371297],[-6.259361,53.371266],[-6.259388,53.37123]]}},{"type":"Feature","id":"way/680932418","properties":{"osmId":680932418,"attribution":"© OpenStreetMap contributors, ODbL 1.0","highway":"footway"},"geometry":{"type":"LineString","coordinates":[[-6.25814,53.369352],[-6.258083,53.369337],[-6.258012,53.369324]]}},{"type":"Feature","id":"way/680932419","properties":{"osmId":680932419,"attribution":"© OpenStreetMap contributors, ODbL 1.0","highway":"footway"},"geometry":{"type":"LineString","coordinates":[[-6.257237,53.36916],[-6.257172,53.369145],[-6.257091,53.369124]]}},{"type":"Feature","id":"way/680932420","properties":{"osmId":680932420,"attribution":"© OpenStreetMap contributors, ODbL 1.0","highway":"footway"},"geometry":{"type":"LineString","coordinates":[[-6.256555,53.368207],[-6.256492,53.368192],[-6.256166,53.368718],[-6.256047,53.368908],[-6.255717,53.36884],[-6.255365,53.368767],[-6.255605,53.368364],[-6.255584,53.368345]]}},{"type":"Feature","id":"way/680932421","properties":{"osmId":680932421,"attribution":"© OpenStreetMap contributors, ODbL 1.0","highway":"footway"},"geometry":{"type":"LineString","coordinates":[[-6.256187,53.368937],[-6.256109,53.368921],[-6.256047,53.368908]]}},{"type":"Feature","id":"way/680932422","properties":{"osmId":680932422,"attribution":"© OpenStreetMap contributors, ODbL 1.0","highway":"footway"},"geometry":{"type":"LineString","coordinates":[[-6.255337,53.368201],[-6.255266,53.368405]]}},{"type":"Feature","id":"way/680932423","properties":{"osmId":680932423,"attribution":"© OpenStreetMap contributors, ODbL 1.0","highway":"footway"},"geometry":{"type":"LineString","coordinates":[[-6.255266,53.368405],[-6.255145,53.368716]]}},{"type":"Feature","id":"way/680932424","properties":{"osmId":680932424,"attribution":"© OpenStreetMap contributors, ODbL 1.0","highway":"footway"},"geometry":{"type":"LineString","coordinates":[[-6.255145,53.368716],[-6.255124,53.368774],[-6.255127,53.368789]]}},{"type":"Feature","id":"way/680932425","properties":{"osmId":680932425,"attribution":"© OpenStreetMap contributors, ODbL 1.0","highway":"footway"},"geometry":{"type":"LineString","coordinates":[[-6.255036,53.368953],[-6.255045,53.368936],[-6.255056,53.368917]]}},{"type":"Feature","id":"way/680935217","properties":{"osmId":680935217,"attribution":"© OpenStreetMap contributors, ODbL 1.0","highway":"footway"},"geometry":{"type":"LineString","coordinates":[[-6.255648,53.366892],[-6.25566,53.366805],[-6.255667,53.366751]]}},{"type":"Feature","id":"way/680935218","properties":{"osmId":680935218,"attribution":"© OpenStreetMap contributors, ODbL 1.0","highway":"footway"},"geometry":{"type":"LineString","coordinates":[[-6.257065,53.36698],[-6.257004,53.366977],[-6.256929,53.366974]]}},{"type":"Feature","id":"way/680935220","properties":{"osmId":680935220,"attribution":"© OpenStreetMap contributors, ODbL 1.0","highway":"footway"},"geometry":{"type":"LineString","coordinates":[[-6.263962,53.367503],[-6.263845,53.367562],[-6.263672,53.367619]]}},{"type":"Feature","id":"way/680935221","properties":{"osmId":680935221,"attribution":"© OpenStreetMap contributors, ODbL 1.0","highway":"footway"},"geometry":{"type":"LineString","coordinates":[[-6.2573,53.366445],[-6.257249,53.366436],[-6.257191,53.366426]]}},{"type":"Feature","id":"way/680935222","properties":{"osmId":680935222,"attribution":"© OpenStreetMap contributors, ODbL 1.0","highway":"footway"},"geometry":{"type":"LineString","coordinates":[[-6.257342,53.366377],[-6.257277,53.366366],[-6.257227,53.366358]]}},{"type":"Feature","id":"way/680935224","properties":{"osmId":680935224,"attribution":"© OpenStreetMap contributors, ODbL 1.0","highway":"footway"},"geometry":{"type":"LineString","coordinates":[[-6.242609,53.361828],[-6.24265,53.361769],[-6.242828,53.361496],[-6.242859,53.361448],[-6.242891,53.361433],[-6.242937,53.361429],[-6.243405,53.36147],[-6.244947,53.361668],[-6.245221,53.36171],[-6.246039,53.361819],[-6.246418,53.361872],[-6.247008,53.361953],[-6.24868,53.362192],[-6.250277,53.36241],[-6.25048,53.362432],[-6.250667,53.362462],[-6.250921,53.362493],[-6.251377,53.362554],[-6.252122,53.362654],[-6.252262,53.362673],[-6.252946,53.362765],[-6.253155,53.362793],[-6.253341,53.362818],[-6.253671,53.362862],[-6.253723,53.362869],[-6.253905,53.362894],[-6.254022,53.362909],[-6.254138,53.362923],[-6.254278,53.362941],[-6.254386,53.362956],[-6.254684,53.362999],[-6.254929,53.363032],[-6.255242,53.363075],[-6.25546,53.363104],[-6.255666,53.363133],[-6.256307,53.363222],[-6.256424,53.363238],[-6.2567,53.363277],[-6.257656,53.36341],[-6.257572,53.363502],[-6.25705,53.364076],[-6.256892,53.364255],[-6.256877,53.364271],[-6.25629,53.364989],[-6.25628,53.365006],[-6.256062,53.365358],[-6.255574,53.366074],[-6.255381,53.366515],[-6.255254,53.366578],[-6.25525,53.366768],[-6.255265,53.367039],[-6.255273,53.367189],[-6.255282,53.367342],[-6.255306,53.367493],[-6.255302,53.367571],[-6.255295,53.36766],[-6.255286,53.367691],[-6.255275,53.367726],[-6.25512,53.36819]]}},{"type":"Feature","id":"way/680935225","properties":{"osmId":680935225,"attribution":"© OpenStreetMap contributors, ODbL 1.0","highway":"footway"},"geometry":{"type":"LineString","coordinates":[[-6.25512,53.36819],[-6.255039,53.368386]]}},{"type":"Feature","id":"way/680935226","properties":{"osmId":680935226,"attribution":"© OpenStreetMap contributors, ODbL 1.0","highway":"footway"},"geometry":{"type":"LineString","coordinates":[[-6.255039,53.368386],[-6.254896,53.368668],[-6.254864,53.368669],[-6.254814,53.368671],[-6.254785,53.368666],[-6.25302,53.368401],[-6.252472,53.368304],[-6.252125,53.368203],[-6.252061,53.368177],[-6.25201,53.368156],[-6.250904,53.367576],[-6.250817,53.367533],[-6.250681,53.367462],[-6.250641,53.367438],[-6.250059,53.367093],[-6.249824,53.366947],[-6.249636,53.36683],[-6.249312,53.366614],[-6.24914,53.366498],[-6.249068,53.36645],[-6.249043,53.366432],[-6.248633,53.366137],[-6.24842,53.366025],[-6.248299,53.365969],[-6.248192,53.365919],[-6.248044,53.365866],[-6.247623,53.365756],[-6.247324,53.365653],[-6.247014,53.365547],[-6.246493,53.365332],[-6.246318,53.365218],[-6.246212,53.365124],[-6.246206,53.365119],[-6.246124,53.365035],[-6.245986,53.364893],[-6.245803,53.364711],[-6.245697,53.364612],[-6.245691,53.364606],[-6.24545,53.364424],[-6.245291,53.364304],[-6.245111,53.364162],[-6.244941,53.364042],[-6.244597,53.363765],[-6.244579,53.363752],[-6.24454,53.363721],[-6.243982,53.363276],[-6.243498,53.362916],[-6.243345,53.362834],[-6.243282,53.3628],[-6.242809,53.362629],[-6.242512,53.362536],[-6.242414,53.362505]]}},{"type":"Feature","id":"way/680935227","properties":{"osmId":680935227,"attribution":"© OpenStreetMap contributors, ODbL 1.0","highway":"footway"},"geometry":{"type":"LineString","coordinates":[[-6.251325,53.36895],[-6.25159,53.369031],[-6.25209,53.369154],[-6.252704,53.369291],[-6.253408,53.369451],[-6.253456,53.369458],[-6.253606,53.369479],[-6.253698,53.369491],[-6.254268,53.369616],[-6.254703,53.368839],[-6.254724,53.368794],[-6.253673,53.368585],[-6.253572,53.368568],[-6.252672,53.368418],[-6.252322,53.36835],[-6.25202,53.368251],[-6.251708,53.368095],[-6.250821,53.367627],[-6.250696,53.367561],[-6.250603,53.367553],[-6.250526,53.36757],[-6.250449,53.367641],[-6.24992,53.368172],[-6.24954,53.368553],[-6.249505,53.368583],[-6.249492,53.368593],[-6.249389,53.36868],[-6.248818,53.369161],[-6.24943,53.36933],[-6.249534,53.369369],[-6.250267,53.36964],[-6.250802,53.369804],[-6.251224,53.36991],[-6.252016,53.370064],[-6.253157,53.370412],[-6.253183,53.370421],[-6.253716,53.370533],[-6.25422,53.369705],[-6.253659,53.369582],[-6.2536,53.369569],[-6.252775,53.369386],[-6.252045,53.36923],[-6.251299,53.369036],[-6.251171,53.369004],[-6.250571,53.368755]]}},{"type":"Feature","id":"way/681117515","properties":{"osmId":681117515,"attribution":"© OpenStreetMap contributors, ODbL 1.0","highway":"service"},"geometry":{"type":"LineString","coordinates":[[-6.247902,53.377496],[-6.247739,53.377458],[-6.247706,53.377408],[-6.247663,53.377394],[-6.247607,53.377377]]}},{"type":"Feature","id":"way/681117516","properties":{"osmId":681117516,"attribution":"© OpenStreetMap contributors, ODbL 1.0","highway":"footway"},"geometry":{"type":"LineString","coordinates":[[-6.247602,53.37748],[-6.247546,53.377465],[-6.247466,53.377444]]}},{"type":"Feature","id":"way/681117517","properties":{"osmId":681117517,"attribution":"© OpenStreetMap contributors, ODbL 1.0","highway":"service"},"geometry":{"type":"LineString","coordinates":[[-6.247462,53.377288],[-6.24756,53.377312],[-6.247638,53.377331]]}},{"type":"Feature","id":"way/681117518","properties":{"osmId":681117518,"attribution":"© OpenStreetMap contributors, ODbL 1.0","highway":"footway"},"geometry":{"type":"LineString","coordinates":[[-6.247941,53.377016],[-6.247859,53.377002],[-6.24779,53.37699]]}},{"type":"Feature","id":"way/681117572","properties":{"osmId":681117572,"attribution":"© OpenStreetMap contributors, ODbL 1.0","highway":"footway"},"geometry":{"type":"LineString","coordinates":[[-6.248319,53.377113],[-6.248344,53.377081],[-6.248373,53.377046]]}},{"type":"Feature","id":"way/681177734","properties":{"osmId":681177734,"attribution":"© OpenStreetMap contributors, ODbL 1.0","highway":"footway"},"geometry":{"type":"LineString","coordinates":[[-6.253398,53.371052],[-6.2536,53.370728],[-6.253664,53.370622],[-6.253132,53.370501],[-6.253042,53.370475],[-6.252552,53.370335],[-6.252022,53.370183],[-6.251241,53.370035],[-6.250997,53.369979],[-6.250639,53.369874],[-6.250557,53.36991],[-6.250619,53.370397],[-6.250605,53.370555],[-6.251987,53.371027],[-6.252354,53.371094],[-6.25263,53.371094],[-6.253097,53.37107],[-6.253398,53.371052]]}},{"type":"Feature","id":"way/681177735","properties":{"osmId":681177735,"attribution":"© OpenStreetMap contributors, ODbL 1.0","highway":"footway"},"geometry":{"type":"LineString","coordinates":[[-6.253716,53.370533],[-6.253691,53.370576],[-6.253664,53.370622]]}},{"type":"Feature","id":"way/681177737","properties":{"osmId":681177737,"attribution":"© OpenStreetMap contributors, ODbL 1.0","highway":"service","name":"All Hallows Lane"},"geometry":{"type":"LineString","coordinates":[[-6.252052,53.371082],[-6.252031,53.371125],[-6.251991,53.37122]]}},{"type":"Feature","id":"way/681177738","properties":{"osmId":681177738,"attribution":"© OpenStreetMap contributors, ODbL 1.0","highway":"footway"},"geometry":{"type":"LineString","coordinates":[[-6.250588,53.370646],[-6.250598,53.370594],[-6.250605,53.370555]]}},{"type":"Feature","id":"way/681177739","properties":{"osmId":681177739,"attribution":"© OpenStreetMap contributors, ODbL 1.0","highway":"footway"},"geometry":{"type":"LineString","coordinates":[[-6.25039,53.370682],[-6.250474,53.370577],[-6.250489,53.370559],[-6.250512,53.370521],[-6.250519,53.370392],[-6.250519,53.370286],[-6.250471,53.370047],[-6.250409,53.369899],[-6.250367,53.369849],[-6.249997,53.369629],[-6.249473,53.369412],[-6.248862,53.369237],[-6.248774,53.369213],[-6.248468,53.36952],[-6.248166,53.369855],[-6.248084,53.369946],[-6.247914,53.370139],[-6.247638,53.370477],[-6.247375,53.370799],[-6.247164,53.370972],[-6.246971,53.371088],[-6.246784,53.371173],[-6.246518,53.371275],[-6.246119,53.371408],[-6.246049,53.371434],[-6.245806,53.371496],[-6.245597,53.371543],[-6.24523,53.371619],[-6.245046,53.371672],[-6.24469,53.371783],[-6.244429,53.371901],[-6.244218,53.372012],[-6.24421,53.372028],[-6.244217,53.372053]]}},{"type":"Feature","id":"way/681177740","properties":{"osmId":681177740,"attribution":"© OpenStreetMap contributors, ODbL 1.0","highway":"footway"},"geometry":{"type":"LineString","coordinates":[[-6.248818,53.369161],[-6.248799,53.369184],[-6.248774,53.369213]]}},{"type":"Feature","id":"way/681177741","properties":{"osmId":681177741,"attribution":"© OpenStreetMap contributors, ODbL 1.0","highway":"footway"},"geometry":{"type":"LineString","coordinates":[[-6.245857,53.374258],[-6.245692,53.374449]]}},{"type":"Feature","id":"way/681177742","properties":{"osmId":681177742,"attribution":"© OpenStreetMap contributors, ODbL 1.0","highway":"footway"},"geometry":{"type":"LineString","coordinates":[[-6.245857,53.374258],[-6.245902,53.374221],[-6.245933,53.374197]]}},{"type":"Feature","id":"way/681177743","properties":{"osmId":681177743,"attribution":"© OpenStreetMap contributors, ODbL 1.0","highway":"footway"},"geometry":{"type":"LineString","coordinates":[[-6.248972,53.373181],[-6.249013,53.373193],[-6.249115,53.373037],[-6.249147,53.372957],[-6.24918,53.372878],[-6.249213,53.372825],[-6.249236,53.372784],[-6.249255,53.37276],[-6.249284,53.372748],[-6.249377,53.372732],[-6.249543,53.372717],[-6.249625,53.372711],[-6.249723,53.372708],[-6.249821,53.372708],[-6.249892,53.372712],[-6.250161,53.372744],[-6.250495,53.372798],[-6.250554,53.372803],[-6.250613,53.372803],[-6.25066,53.372795],[-6.250698,53.372781],[-6.250721,53.372767],[-6.250738,53.372749],[-6.250761,53.372724],[-6.251009,53.372365],[-6.251087,53.372284],[-6.25114,53.372237],[-6.251212,53.372257],[-6.251304,53.3721],[-6.251521,53.372087],[-6.251569,53.371852],[-6.25163,53.371578],[-6.251637,53.37155]]}},{"type":"Feature","id":"way/681177744","properties":{"osmId":681177744,"attribution":"© OpenStreetMap contributors, ODbL 1.0","highway":"footway"},"geometry":{"type":"LineString","coordinates":[[-6.247878,53.37292],[-6.247818,53.372971],[-6.247753,53.373038],[-6.247681,53.373154]]}},{"type":"Feature","id":"way/681177745","properties":{"osmId":681177745,"attribution":"© OpenStreetMap contributors, ODbL 1.0","highway":"footway"},"geometry":{"type":"LineString","coordinates":[[-6.247681,53.373154],[-6.247654,53.373199],[-6.247636,53.373229]]}},{"type":"Feature","id":"way/681177746","properties":{"osmId":681177746,"attribution":"© OpenStreetMap contributors, ODbL 1.0","highway":"footway"},"geometry":{"type":"LineString","coordinates":[[-6.246612,53.372901],[-6.246504,53.372877],[-6.24648,53.372915],[-6.246448,53.372965],[-6.246683,53.373023],[-6.24671,53.373006],[-6.247012,53.373066],[-6.247211,53.373132],[-6.247636,53.373229],[-6.24757,53.373347],[-6.247411,53.373605],[-6.247357,53.373688],[-6.247306,53.373712],[-6.247217,53.373723],[-6.24714,53.373718],[-6.247045,53.373701],[-6.246602,53.373591],[-6.246513,53.373583],[-6.246381,53.373593],[-6.246333,53.373599],[-6.246274,53.37356],[-6.246086,53.373429],[-6.246029,53.373403],[-6.246017,53.373375],[-6.246025,53.373359],[-6.245778,53.373303],[-6.24575,53.373354],[-6.245727,53.373394],[-6.245902,53.373433],[-6.245996,53.373472],[-6.246111,53.373548],[-6.246222,53.373641],[-6.246063,53.373857],[-6.245911,53.374056],[-6.245777,53.37413],[-6.245572,53.37421],[-6.245482,53.374247],[-6.245372,53.37436]]}},{"type":"Feature","id":"way/681177747","properties":{"osmId":681177747,"attribution":"© OpenStreetMap contributors, ODbL 1.0","highway":"footway"},"geometry":{"type":"LineString","coordinates":[[-6.249115,53.373037],[-6.249071,53.373027],[-6.248987,53.373008],[-6.248958,53.372999],[-6.248922,53.372991],[-6.24885,53.372984],[-6.248792,53.372973],[-6.248736,53.372956],[-6.248702,53.372933],[-6.248672,53.372914],[-6.248606,53.372866],[-6.248568,53.372846],[-6.24851,53.37283],[-6.248464,53.372822],[-6.248405,53.372817],[-6.248356,53.372818],[-6.248305,53.372824],[-6.248239,53.372835],[-6.248189,53.372846],[-6.248137,53.372861],[-6.248093,53.372883],[-6.248051,53.37291],[-6.248028,53.372929],[-6.247991,53.372979],[-6.247905,53.373056],[-6.247834,53.373158],[-6.247692,53.373408],[-6.247499,53.37374],[-6.247306,53.373816],[-6.247291,53.373966],[-6.247177,53.374161],[-6.247107,53.374145],[-6.247032,53.374128],[-6.247179,53.373861],[-6.247124,53.373821],[-6.246649,53.373703],[-6.24652,53.373678],[-6.246436,53.373683],[-6.246365,53.373702],[-6.246315,53.37374],[-6.246064,53.374084],[-6.245933,53.374197],[-6.245995,53.374245],[-6.246157,53.374321],[-6.246349,53.374377],[-6.246704,53.37445],[-6.247085,53.374513],[-6.247056,53.374568]]}},{"type":"Feature","id":"way/681177749","properties":{"osmId":681177749,"attribution":"© OpenStreetMap contributors, ODbL 1.0","highway":"footway"},"geometry":{"type":"LineString","coordinates":[[-6.245372,53.37436],[-6.245507,53.374397],[-6.245589,53.37442],[-6.245623,53.374429],[-6.245692,53.374449]]}},{"type":"Feature","id":"way/681177751","properties":{"osmId":681177751,"attribution":"© OpenStreetMap contributors, ODbL 1.0","highway":"secondary_link","name":"Griffith Avenue"},"geometry":{"type":"LineString","coordinates":[[-6.245574,53.374323],[-6.245623,53.374429],[-6.245638,53.374463],[-6.245729,53.374557]]}},{"type":"Feature","id":"way/681177752","properties":{"osmId":681177752,"attribution":"© OpenStreetMap contributors, ODbL 1.0","highway":"footway"},"geometry":{"type":"LineString","coordinates":[[-6.245589,53.37442],[-6.245529,53.374501],[-6.245459,53.374592]]}},{"type":"Feature","id":"way/681177753","properties":{"osmId":681177753,"attribution":"© OpenStreetMap contributors, ODbL 1.0","highway":"secondary","name":"Griffith Avenue"},"geometry":{"type":"LineString","coordinates":[[-6.245729,53.374557],[-6.245529,53.374501],[-6.245444,53.374477]]}},{"type":"Feature","id":"way/681177756","properties":{"osmId":681177756,"attribution":"© OpenStreetMap contributors, ODbL 1.0","highway":"residential","name":"Beresford Avenue"},"geometry":{"type":"LineString","coordinates":[[-6.245574,53.374323],[-6.245821,53.374176],[-6.245981,53.374077],[-6.246302,53.37366],[-6.246052,53.373448],[-6.245939,53.373401],[-6.24575,53.373354]]}},{"type":"Feature","id":"way/681189519","properties":{"osmId":681189519,"attribution":"© OpenStreetMap contributors, ODbL 1.0","highway":"footway"},"geometry":{"type":"LineString","coordinates":[[-6.24454,53.382631],[-6.244431,53.382605]]}},{"type":"Feature","id":"way/681189521","properties":{"osmId":681189521,"attribution":"© OpenStreetMap contributors, ODbL 1.0","highway":"footway"},"geometry":{"type":"LineString","coordinates":[[-6.243345,53.384107],[-6.243458,53.38388],[-6.243711,53.383384],[-6.244087,53.382747],[-6.244179,53.382592],[-6.244196,53.382549],[-6.244196,53.382519],[-6.244186,53.382494],[-6.244171,53.38247],[-6.244148,53.382442],[-6.244072,53.382414],[-6.243997,53.382385],[-6.243901,53.382353],[-6.243801,53.382353],[-6.243612,53.382288],[-6.243567,53.382264],[-6.243551,53.382256],[-6.243553,53.382236],[-6.243555,53.382211],[-6.243221,53.382094],[-6.243141,53.382092],[-6.243086,53.382118],[-6.243014,53.382267],[-6.243004,53.382285],[-6.242897,53.38249],[-6.24267,53.382966],[-6.242442,53.383416],[-6.242194,53.383895],[-6.242081,53.383877],[-6.241809,53.383834],[-6.241627,53.383804],[-6.240032,53.383556],[-6.239784,53.383789],[-6.239238,53.384322],[-6.239205,53.384355],[-6.238711,53.38484],[-6.238757,53.384953],[-6.238797,53.385048],[-6.238776,53.385088],[-6.238764,53.385111],[-6.238634,53.385123],[-6.238327,53.385144],[-6.238321,53.385147],[-6.238201,53.385201],[-6.238089,53.385273],[-6.238009,53.385404],[-6.238006,53.385515],[-6.238052,53.385589],[-6.238183,53.385691],[-6.238335,53.385726],[-6.238414,53.385766],[-6.238442,53.385836],[-6.238435,53.385877],[-6.238423,53.385948],[-6.238523,53.386033],[-6.238766,53.386256],[-6.238984,53.386456],[-6.23924,53.386762],[-6.239366,53.387026],[-6.239386,53.387144],[-6.239379,53.387273]]}},{"type":"Feature","id":"way/681189528","properties":{"osmId":681189528,"attribution":"© OpenStreetMap contributors, ODbL 1.0","highway":"footway"},"geometry":{"type":"LineString","coordinates":[[-6.244822,53.382733],[-6.24483,53.382693],[-6.244675,53.382641],[-6.244634,53.382631],[-6.244579,53.382632],[-6.244566,53.382637],[-6.244508,53.382734]]}},{"type":"Feature","id":"way/681189530","properties":{"osmId":681189530,"attribution":"© OpenStreetMap contributors, ODbL 1.0","highway":"footway"},"geometry":{"type":"LineString","coordinates":[[-6.244508,53.382734],[-6.244497,53.382771],[-6.244492,53.382793]]}},{"type":"Feature","id":"way/681189532","properties":{"osmId":681189532,"attribution":"© OpenStreetMap contributors, ODbL 1.0","highway":"footway"},"geometry":{"type":"LineString","coordinates":[[-6.244492,53.382793],[-6.24449,53.382801],[-6.24447,53.382878],[-6.244415,53.382939],[-6.244386,53.382971],[-6.244316,53.382987],[-6.244218,53.383138],[-6.244037,53.383426],[-6.243971,53.383538],[-6.24388,53.383707],[-6.243704,53.384081],[-6.243646,53.384238],[-6.243636,53.384265]]}},{"type":"Feature","id":"way/681189534","properties":{"osmId":681189534,"attribution":"© OpenStreetMap contributors, ODbL 1.0","highway":"footway"},"geometry":{"type":"LineString","coordinates":[[-6.245107,53.382803],[-6.244816,53.382781]]}},{"type":"Feature","id":"way/681189535","properties":{"osmId":681189535,"attribution":"© OpenStreetMap contributors, ODbL 1.0","highway":"footway"},"geometry":{"type":"LineString","coordinates":[[-6.244816,53.382781],[-6.244819,53.382754],[-6.244822,53.382733]]}},{"type":"Feature","id":"way/681189536","properties":{"osmId":681189536,"attribution":"© OpenStreetMap contributors, ODbL 1.0","highway":"footway"},"geometry":{"type":"LineString","coordinates":[[-6.245107,53.382803],[-6.245209,53.382815],[-6.245321,53.382843]]}},{"type":"Feature","id":"way/681189537","properties":{"osmId":681189537,"attribution":"© OpenStreetMap contributors, ODbL 1.0","highway":"footway"},"geometry":{"type":"LineString","coordinates":[[-6.246112,53.383867],[-6.246087,53.383881],[-6.246022,53.383917]]}},{"type":"Feature","id":"way/681189543","properties":{"osmId":681189543,"attribution":"© OpenStreetMap contributors, ODbL 1.0","highway":"footway"},"geometry":{"type":"LineString","coordinates":[[-6.249711,53.383066],[-6.249184,53.382456],[-6.248932,53.382463],[-6.248338,53.383018],[-6.248568,53.383089],[-6.24872,53.383117],[-6.248913,53.383136],[-6.249103,53.383143],[-6.249269,53.383141],[-6.249456,53.383119],[-6.249582,53.383098],[-6.249711,53.383066]]}},{"type":"Feature","id":"way/681189544","properties":{"osmId":681189544,"attribution":"© OpenStreetMap contributors, ODbL 1.0","highway":"footway"},"geometry":{"type":"LineString","coordinates":[[-6.247071,53.382543],[-6.246933,53.382492],[-6.246848,53.382439],[-6.246783,53.38238],[-6.246728,53.382292],[-6.246694,53.382215],[-6.246673,53.38214],[-6.246685,53.382063],[-6.246765,53.381909],[-6.24696,53.381572],[-6.247028,53.381564],[-6.247069,53.381559],[-6.247965,53.381897],[-6.248704,53.38218],[-6.248823,53.382422],[-6.248496,53.382737],[-6.248239,53.382978],[-6.247975,53.382885],[-6.247197,53.38259]]}},{"type":"Feature","id":"way/681189545","properties":{"osmId":681189545,"attribution":"© OpenStreetMap contributors, ODbL 1.0","highway":"footway"},"geometry":{"type":"LineString","coordinates":[[-6.248338,53.383018],[-6.248295,53.383001],[-6.248239,53.382978]]}},{"type":"Feature","id":"way/681189546","properties":{"osmId":681189546,"attribution":"© OpenStreetMap contributors, ODbL 1.0","highway":"footway"},"geometry":{"type":"LineString","coordinates":[[-6.247071,53.382543],[-6.247159,53.382576],[-6.247197,53.38259]]}},{"type":"Feature","id":"way/681189547","properties":{"osmId":681189547,"attribution":"© OpenStreetMap contributors, ODbL 1.0","highway":"footway"},"geometry":{"type":"LineString","coordinates":[[-6.248692,53.381071],[-6.248339,53.380936],[-6.248239,53.380918],[-6.248113,53.38091],[-6.247969,53.380915],[-6.247837,53.380936],[-6.247731,53.380979],[-6.247131,53.381339],[-6.247101,53.38137],[-6.247101,53.381443],[-6.247146,53.381487],[-6.247961,53.381789]]}},{"type":"Feature","id":"way/681189548","properties":{"osmId":681189548,"attribution":"© OpenStreetMap contributors, ODbL 1.0","highway":"footway"},"geometry":{"type":"LineString","coordinates":[[-6.247146,53.381487],[-6.247102,53.381518],[-6.247028,53.381564]]}},{"type":"Feature","id":"way/681189549","properties":{"osmId":681189549,"attribution":"© OpenStreetMap contributors, ODbL 1.0","highway":"footway"},"geometry":{"type":"LineString","coordinates":[[-6.247101,53.38137],[-6.247032,53.381336],[-6.24692,53.38128]]}},{"type":"Feature","id":"way/681189550","properties":{"osmId":681189550,"attribution":"© OpenStreetMap contributors, ODbL 1.0","highway":"footway"},"geometry":{"type":"LineString","coordinates":[[-6.249436,53.382229],[-6.249314,53.382106],[-6.249909,53.381538],[-6.250146,53.381648],[-6.250271,53.381739],[-6.250399,53.381858],[-6.250496,53.382001],[-6.25054,53.382132],[-6.250562,53.382255],[-6.249436,53.382229]]}},{"type":"Feature","id":"way/681189551","properties":{"osmId":681189551,"attribution":"© OpenStreetMap contributors, ODbL 1.0","highway":"footway"},"geometry":{"type":"LineString","coordinates":[[-6.249909,53.381538],[-6.249856,53.381516],[-6.249807,53.381495]]}},{"type":"Feature","id":"way/681189552","properties":{"osmId":681189552,"attribution":"© OpenStreetMap contributors, ODbL 1.0","highway":"footway"},"geometry":{"type":"LineString","coordinates":[[-6.250558,53.382329],[-6.24941,53.382299],[-6.24939,53.382337],[-6.249349,53.382386],[-6.249291,53.382418],[-6.249503,53.382672],[-6.24982,53.383025],[-6.249953,53.382973],[-6.250078,53.382911],[-6.250216,53.382826],[-6.250291,53.382761],[-6.25037,53.382691],[-6.250413,53.382636],[-6.250471,53.382549],[-6.250507,53.382481],[-6.250539,53.382398],[-6.250558,53.382329]]}},{"type":"Feature","id":"way/681189553","properties":{"osmId":681189553,"attribution":"© OpenStreetMap contributors, ODbL 1.0","highway":"footway"},"geometry":{"type":"LineString","coordinates":[[-6.250562,53.382255],[-6.250559,53.382299],[-6.250558,53.382329]]}},{"type":"Feature","id":"way/681189554","properties":{"osmId":681189554,"attribution":"© OpenStreetMap contributors, ODbL 1.0","highway":"footway"},"geometry":{"type":"LineString","coordinates":[[-6.249436,53.382229],[-6.249421,53.38227],[-6.24941,53.382299]]}},{"type":"Feature","id":"way/681189555","properties":{"osmId":681189555,"attribution":"© OpenStreetMap contributors, ODbL 1.0","highway":"footway"},"geometry":{"type":"LineString","coordinates":[[-6.249291,53.382418],[-6.249243,53.382435],[-6.249184,53.382456]]}},{"type":"Feature","id":"way/681189556","properties":{"osmId":681189556,"attribution":"© OpenStreetMap contributors, ODbL 1.0","highway":"footway"},"geometry":{"type":"LineString","coordinates":[[-6.249314,53.382106],[-6.249258,53.382085],[-6.249193,53.382061]]}},{"type":"Feature","id":"way/681189557","properties":{"osmId":681189557,"attribution":"© OpenStreetMap contributors, ODbL 1.0","highway":"footway"},"geometry":{"type":"LineString","coordinates":[[-6.248704,53.38218],[-6.248751,53.382142],[-6.248808,53.382095]]}},{"type":"Feature","id":"way/681189558","properties":{"osmId":681189558,"attribution":"© OpenStreetMap contributors, ODbL 1.0","highway":"footway"},"geometry":{"type":"LineString","coordinates":[[-6.248932,53.382463],[-6.248887,53.382446],[-6.248823,53.382422]]}},{"type":"Feature","id":"way/681189559","properties":{"osmId":681189559,"attribution":"© OpenStreetMap contributors, ODbL 1.0","highway":"footway"},"geometry":{"type":"LineString","coordinates":[[-6.24982,53.383025],[-6.249769,53.383044],[-6.249711,53.383066]]}},{"type":"Feature","id":"way/681189560","properties":{"osmId":681189560,"attribution":"© OpenStreetMap contributors, ODbL 1.0","highway":"footway"},"geometry":{"type":"LineString","coordinates":[[-6.247961,53.381789],[-6.248774,53.382094],[-6.248808,53.382095],[-6.248839,53.382095],[-6.248932,53.382071],[-6.249026,53.382059],[-6.249121,53.382057],[-6.249193,53.382061],[-6.249807,53.381495],[-6.248814,53.381119],[-6.248777,53.381104]]}},{"type":"Feature","id":"way/681189561","properties":{"osmId":681189561,"attribution":"© OpenStreetMap contributors, ODbL 1.0","highway":"footway"},"geometry":{"type":"LineString","coordinates":[[-6.248777,53.381104],[-6.248729,53.381086],[-6.248692,53.381071]]}},{"type":"Feature","id":"way/681189562","properties":{"osmId":681189562,"attribution":"© OpenStreetMap contributors, ODbL 1.0","highway":"footway"},"geometry":{"type":"LineString","coordinates":[[-6.24696,53.381572],[-6.246879,53.381549],[-6.246801,53.381527]]}},{"type":"Feature","id":"way/681189563","properties":{"osmId":681189563,"attribution":"© OpenStreetMap contributors, ODbL 1.0","highway":"footway"},"geometry":{"type":"LineString","coordinates":[[-6.246761,53.381308],[-6.246734,53.381355],[-6.2467,53.381413]]}},{"type":"Feature","id":"way/681193114","properties":{"osmId":681193114,"attribution":"© OpenStreetMap contributors, ODbL 1.0","highway":"footway"},"geometry":{"type":"LineString","coordinates":[[-6.249389,53.368548],[-6.249728,53.36822],[-6.249812,53.368138],[-6.249841,53.368112],[-6.24994,53.368012],[-6.250142,53.367813],[-6.250413,53.367511],[-6.250426,53.367469],[-6.250423,53.367424],[-6.250395,53.367398],[-6.250319,53.367339],[-6.249874,53.367072]]}},{"type":"Feature","id":"way/681193115","properties":{"osmId":681193115,"attribution":"© OpenStreetMap contributors, ODbL 1.0","highway":"footway"},"geometry":{"type":"LineString","coordinates":[[-6.249389,53.368548],[-6.249335,53.368602],[-6.249286,53.368652]]}},{"type":"Feature","id":"way/681193116","properties":{"osmId":681193116,"attribution":"© OpenStreetMap contributors, ODbL 1.0","highway":"footway"},"geometry":{"type":"LineString","coordinates":[[-6.249874,53.367072],[-6.249845,53.367054],[-6.249788,53.367017]]}},{"type":"Feature","id":"way/681193117","properties":{"osmId":681193117,"attribution":"© OpenStreetMap contributors, ODbL 1.0","highway":"footway"},"geometry":{"type":"LineString","coordinates":[[-6.249788,53.367017],[-6.249386,53.366765],[-6.249181,53.366636],[-6.24883,53.366392],[-6.248811,53.366379],[-6.248438,53.366117],[-6.248347,53.366064],[-6.248254,53.366018],[-6.248174,53.365987],[-6.248034,53.365945]]}},{"type":"Feature","id":"way/681193149","properties":{"osmId":681193149,"attribution":"© OpenStreetMap contributors, ODbL 1.0","highway":"footway"},"geometry":{"type":"LineString","coordinates":[[-6.241837,53.372417],[-6.242184,53.372466],[-6.242492,53.372509],[-6.243557,53.372634],[-6.243631,53.372636],[-6.243659,53.37261],[-6.243803,53.372272],[-6.243903,53.372099],[-6.243952,53.372038],[-6.244043,53.371964],[-6.244257,53.371845],[-6.24448,53.371747],[-6.244797,53.371636],[-6.244904,53.371599],[-6.244984,53.371579],[-6.245693,53.371405],[-6.246074,53.371312],[-6.246418,53.371211],[-6.246703,53.371094],[-6.246746,53.371074],[-6.24686,53.371019],[-6.247051,53.370908],[-6.247196,53.370792],[-6.247584,53.370337],[-6.247624,53.370281],[-6.247654,53.370241],[-6.247839,53.370011],[-6.247979,53.369853],[-6.248019,53.369808],[-6.248191,53.369628],[-6.248244,53.369574],[-6.248631,53.369172],[-6.24868,53.369137],[-6.24872,53.369108],[-6.248998,53.368911],[-6.249033,53.368882],[-6.249286,53.368652]]}},{"type":"Feature","id":"way/681222249","properties":{"osmId":681222249,"attribution":"© OpenStreetMap contributors, ODbL 1.0","highway":"secondary","name":"Griffith Avenue"},"geometry":{"type":"LineString","coordinates":[[-6.245444,53.374477],[-6.244192,53.374146],[-6.243275,53.373894],[-6.243213,53.373877]]}},{"type":"Feature","id":"way/681430694","properties":{"osmId":681430694,"attribution":"© OpenStreetMap contributors, ODbL 1.0","highway":"footway"},"geometry":{"type":"LineString","coordinates":[[-6.267257,53.371354],[-6.267213,53.371385],[-6.267183,53.371406]]}},{"type":"Feature","id":"way/696949106","properties":{"osmId":696949106,"attribution":"© OpenStreetMap contributors, ODbL 1.0","highway":"service"},"geometry":{"type":"LineString","coordinates":[[-6.263619,53.366249],[-6.263819,53.365955],[-6.264044,53.366006],[-6.264296,53.366058],[-6.264116,53.366359]]}},{"type":"Feature","id":"way/696949107","properties":{"osmId":696949107,"attribution":"© OpenStreetMap contributors, ODbL 1.0","highway":"service"},"geometry":{"type":"LineString","coordinates":[[-6.264094,53.365928],[-6.264044,53.366006]]}},{"type":"Feature","id":"way/699516978","properties":{"osmId":699516978,"attribution":"© OpenStreetMap contributors, ODbL 1.0","highway":"footway"},"geometry":{"type":"LineString","coordinates":[[-6.253378,53.371136],[-6.253382,53.371091],[-6.253398,53.371052]]}},{"type":"Feature","id":"way/707505855","properties":{"osmId":707505855,"attribution":"© OpenStreetMap contributors, ODbL 1.0","highway":"service"},"geometry":{"type":"LineString","coordinates":[[-6.26421,53.379966],[-6.26425,53.379938],[-6.264275,53.379919],[-6.264357,53.379904]]}},{"type":"Feature","id":"way/707505856","properties":{"osmId":707505856,"attribution":"© OpenStreetMap contributors, ODbL 1.0","highway":"service"},"geometry":{"type":"LineString","coordinates":[[-6.264709,53.385147],[-6.264699,53.385084],[-6.264647,53.385024]]}},{"type":"Feature","id":"way/707513757","properties":{"osmId":707513757,"attribution":"© OpenStreetMap contributors, ODbL 1.0","highway":"service"},"geometry":{"type":"LineString","coordinates":[[-6.264476,53.368218],[-6.264399,53.368187],[-6.26426,53.368173]]}},{"type":"Feature","id":"way/707513758","properties":{"osmId":707513758,"attribution":"© OpenStreetMap contributors, ODbL 1.0","highway":"service"},"geometry":{"type":"LineString","coordinates":[[-6.265111,53.369568],[-6.265252,53.369409]]}},{"type":"Feature","id":"way/707513759","properties":{"osmId":707513759,"attribution":"© OpenStreetMap contributors, ODbL 1.0","highway":"service"},"geometry":{"type":"LineString","coordinates":[[-6.265103,53.370457],[-6.265177,53.37032],[-6.265207,53.370281]]}},{"type":"Feature","id":"way/707967303","properties":{"osmId":707967303,"attribution":"© OpenStreetMap contributors, ODbL 1.0","highway":"service"},"geometry":{"type":"LineString","coordinates":[[-6.256417,53.37368],[-6.256258,53.373569],[-6.256158,53.373506]]}},{"type":"Feature","id":"way/707967468","properties":{"osmId":707967468,"attribution":"© OpenStreetMap contributors, ODbL 1.0","highway":"residential","name":"Walnut Avenue"},"geometry":{"type":"LineString","coordinates":[[-6.253833,53.380366],[-6.253631,53.380325],[-6.253127,53.380223],[-6.252976,53.380192]]}},{"type":"Feature","id":"way/707967469","properties":{"osmId":707967469,"attribution":"© OpenStreetMap contributors, ODbL 1.0","highway":"footway"},"geometry":{"type":"LineString","coordinates":[[-6.252544,53.380049],[-6.252457,53.38005],[-6.252369,53.380062]]}},{"type":"Feature","id":"way/707967470","properties":{"osmId":707967470,"attribution":"© OpenStreetMap contributors, ODbL 1.0","highway":"footway"},"geometry":{"type":"LineString","coordinates":[[-6.254189,53.377816],[-6.25423,53.377771],[-6.254266,53.377732]]}},{"type":"Feature","id":"way/707967632","properties":{"osmId":707967632,"attribution":"© OpenStreetMap contributors, ODbL 1.0","highway":"service"},"geometry":{"type":"LineString","coordinates":[[-6.246524,53.377157],[-6.246615,53.377191],[-6.246711,53.377193]]}},{"type":"Feature","id":"way/707967633","properties":{"osmId":707967633,"attribution":"© OpenStreetMap contributors, ODbL 1.0","highway":"service"},"geometry":{"type":"LineString","coordinates":[[-6.245654,53.376759],[-6.245695,53.376679],[-6.245729,53.376586]]}},{"type":"Feature","id":"way/707967634","properties":{"osmId":707967634,"attribution":"© OpenStreetMap contributors, ODbL 1.0","highway":"service"},"geometry":{"type":"LineString","coordinates":[[-6.246993,53.37455],[-6.247056,53.374568],[-6.247325,53.37456]]}},{"type":"Feature","id":"way/707967635","properties":{"osmId":707967635,"attribution":"© OpenStreetMap contributors, ODbL 1.0","highway":"service"},"geometry":{"type":"LineString","coordinates":[[-6.246598,53.372943],[-6.246612,53.372901],[-6.246636,53.372828]]}},{"type":"Feature","id":"way/707967636","properties":{"osmId":707967636,"attribution":"© OpenStreetMap contributors, ODbL 1.0","highway":"service"},"geometry":{"type":"LineString","coordinates":[[-6.246538,53.372929],[-6.24648,53.372915],[-6.246369,53.372888]]}},{"type":"Feature","id":"way/707967637","properties":{"osmId":707967637,"attribution":"© OpenStreetMap contributors, ODbL 1.0","highway":"service"},"geometry":{"type":"LineString","coordinates":[[-6.249029,53.373308],[-6.248958,53.373208],[-6.248972,53.373181]]}},{"type":"Feature","id":"way/707968721","properties":{"osmId":707968721,"attribution":"© OpenStreetMap contributors, ODbL 1.0","highway":"service"},"geometry":{"type":"LineString","coordinates":[[-6.244922,53.382227],[-6.244968,53.382207],[-6.245029,53.382183]]}},{"type":"Feature","id":"way/707986906","properties":{"osmId":707986906,"attribution":"© OpenStreetMap contributors, ODbL 1.0","highway":"service"},"geometry":{"type":"LineString","coordinates":[[-6.266982,53.383927],[-6.267035,53.383888],[-6.267074,53.383827]]}},{"type":"Feature","id":"way/707986907","properties":{"osmId":707986907,"attribution":"© OpenStreetMap contributors, ODbL 1.0","highway":"service"},"geometry":{"type":"LineString","coordinates":[[-6.26691,53.384238],[-6.2671,53.384224],[-6.26716,53.38422]]}},{"type":"Feature","id":"way/707986908","properties":{"osmId":707986908,"attribution":"© OpenStreetMap contributors, ODbL 1.0","highway":"service"},"geometry":{"type":"LineString","coordinates":[[-6.267412,53.384182],[-6.26745,53.384144],[-6.26756,53.384042]]}},{"type":"Feature","id":"way/707986909","properties":{"osmId":707986909,"attribution":"© OpenStreetMap contributors, ODbL 1.0","highway":"service"},"geometry":{"type":"LineString","coordinates":[[-6.267119,53.384472],[-6.267175,53.384474],[-6.26728,53.384478]]}},{"type":"Feature","id":"way/739695224","properties":{"osmId":739695224,"attribution":"© OpenStreetMap contributors, ODbL 1.0","highway":"secondary","name":"Griffith Avenue"},"geometry":{"type":"LineString","coordinates":[[-6.265818,53.378741],[-6.266356,53.378824],[-6.266387,53.378829]]}},{"type":"Feature","id":"way/740756424","properties":{"osmId":740756424,"attribution":"© OpenStreetMap contributors, ODbL 1.0","highway":"footway"},"geometry":{"type":"LineString","coordinates":[[-6.264857,53.375555],[-6.264934,53.375569],[-6.265009,53.375581]]}},{"type":"Feature","id":"way/740756425","properties":{"osmId":740756425,"attribution":"© OpenStreetMap contributors, ODbL 1.0","highway":"footway"},"geometry":{"type":"LineString","coordinates":[[-6.264569,53.376182],[-6.264586,53.376134]]}},{"type":"Feature","id":"way/740756426","properties":{"osmId":740756426,"attribution":"© OpenStreetMap contributors, ODbL 1.0","highway":"footway"},"geometry":{"type":"LineString","coordinates":[[-6.264771,53.377105],[-6.264778,53.377132],[-6.264788,53.377166]]}},{"type":"Feature","id":"way/740756427","properties":{"osmId":740756427,"attribution":"© OpenStreetMap contributors, ODbL 1.0","highway":"footway"},"geometry":{"type":"LineString","coordinates":[[-6.264979,53.377144],[-6.264974,53.377114],[-6.26497,53.377086]]}},{"type":"Feature","id":"way/740756428","properties":{"osmId":740756428,"attribution":"© OpenStreetMap contributors, ODbL 1.0","highway":"footway"},"geometry":{"type":"LineString","coordinates":[[-6.250195,53.375679],[-6.250134,53.375754],[-6.250063,53.375844]]}},{"type":"Feature","id":"way/740756429","properties":{"osmId":740756429,"attribution":"© OpenStreetMap contributors, ODbL 1.0","highway":"footway"},"geometry":{"type":"LineString","coordinates":[[-6.250067,53.37587],[-6.250248,53.37593],[-6.250422,53.375987]]}},{"type":"Feature","id":"way/740756430","properties":{"osmId":740756430,"attribution":"© OpenStreetMap contributors, ODbL 1.0","highway":"footway"},"geometry":{"type":"LineString","coordinates":[[-6.250596,53.375789],[-6.250548,53.375856],[-6.250486,53.375943]]}},{"type":"Feature","id":"way/740756431","properties":{"osmId":740756431,"attribution":"© OpenStreetMap contributors, ODbL 1.0","highway":"footway"},"geometry":{"type":"LineString","coordinates":[[-6.251804,53.373491],[-6.251968,53.373522],[-6.25205,53.373538],[-6.252087,53.373545]]}},{"type":"Feature","id":"way/740756432","properties":{"osmId":740756432,"attribution":"© OpenStreetMap contributors, ODbL 1.0","highway":"footway"},"geometry":{"type":"LineString","coordinates":[[-6.254268,53.369616],[-6.254236,53.369675],[-6.25422,53.369705]]}},{"type":"Feature","id":"way/740756433","properties":{"osmId":740756433,"attribution":"© OpenStreetMap contributors, ODbL 1.0","highway":"footway"},"geometry":{"type":"LineString","coordinates":[[-6.254703,53.368839],[-6.254919,53.368874],[-6.255065,53.368901]]}},{"type":"Feature","id":"way/740756434","properties":{"osmId":740756434,"attribution":"© OpenStreetMap contributors, ODbL 1.0","highway":"footway"},"geometry":{"type":"LineString","coordinates":[[-6.254724,53.368794],[-6.254754,53.368721],[-6.254785,53.368666]]}},{"type":"Feature","id":"way/740756435","properties":{"osmId":740756435,"attribution":"© OpenStreetMap contributors, ODbL 1.0","highway":"footway"},"geometry":{"type":"LineString","coordinates":[[-6.255681,53.367483],[-6.255466,53.367489],[-6.255306,53.367493]]}},{"type":"Feature","id":"way/740756436","properties":{"osmId":740756436,"attribution":"© OpenStreetMap contributors, ODbL 1.0","highway":"footway"},"geometry":{"type":"LineString","coordinates":[[-6.25569,53.367527],[-6.255672,53.367573],[-6.255651,53.367625]]}},{"type":"Feature","id":"way/740756437","properties":{"osmId":740756437,"attribution":"© OpenStreetMap contributors, ODbL 1.0","highway":"footway"},"geometry":{"type":"LineString","coordinates":[[-6.259023,53.368381],[-6.259092,53.368392],[-6.259147,53.368401]]}},{"type":"Feature","id":"way/740758745","properties":{"osmId":740758745,"attribution":"© OpenStreetMap contributors, ODbL 1.0","highway":"footway"},"geometry":{"type":"LineString","coordinates":[[-6.2536,53.370728],[-6.253749,53.370757],[-6.25391,53.370786]]}},{"type":"Feature","id":"way/741029477","properties":{"osmId":741029477,"attribution":"© OpenStreetMap contributors, ODbL 1.0","highway":"footway"},"geometry":{"type":"LineString","coordinates":[[-6.265316,53.385893],[-6.265313,53.385938],[-6.265313,53.385997]]}},{"type":"Feature","id":"way/744940752","properties":{"osmId":744940752,"attribution":"© OpenStreetMap contributors, ODbL 1.0","highway":"footway"},"geometry":{"type":"LineString","coordinates":[[-6.255365,53.368767],[-6.255285,53.368748],[-6.255228,53.368735]]}},{"type":"Feature","id":"way/744940753","properties":{"osmId":744940753,"attribution":"© OpenStreetMap contributors, ODbL 1.0","highway":"footway"},"geometry":{"type":"LineString","coordinates":[[-6.255228,53.368735],[-6.255145,53.368716]]}},{"type":"Feature","id":"way/744958543","properties":{"osmId":744958543,"attribution":"© OpenStreetMap contributors, ODbL 1.0","highway":"footway"},"geometry":{"type":"LineString","coordinates":[[-6.267517,53.372343],[-6.267551,53.372375],[-6.267564,53.372385]]}},{"type":"Feature","id":"way/744958545","properties":{"osmId":744958545,"attribution":"© OpenStreetMap contributors, ODbL 1.0","highway":"footway"},"geometry":{"type":"LineString","coordinates":[[-6.267051,53.378802],[-6.266944,53.378793],[-6.266849,53.378784]]}},{"type":"Feature","id":"way/744974165","properties":{"osmId":744974165,"attribution":"© OpenStreetMap contributors, ODbL 1.0","highway":"footway"},"geometry":{"type":"LineString","coordinates":[[-6.265394,53.385794],[-6.265487,53.385733],[-6.26559,53.385667]]}},{"type":"Feature","id":"way/744974166","properties":{"osmId":744974166,"attribution":"© OpenStreetMap contributors, ODbL 1.0","highway":"footway"},"geometry":{"type":"LineString","coordinates":[[-6.26512,53.384877],[-6.265039,53.384873],[-6.264957,53.384869]]}},{"type":"Feature","id":"way/744974167","properties":{"osmId":744974167,"attribution":"© OpenStreetMap contributors, ODbL 1.0","highway":"footway"},"geometry":{"type":"LineString","coordinates":[[-6.265181,53.384824],[-6.26516,53.384823],[-6.26515,53.384879],[-6.26512,53.384877]]}},{"type":"Feature","id":"way/744974169","properties":{"osmId":744974169,"attribution":"© OpenStreetMap contributors, ODbL 1.0","highway":"footway"},"geometry":{"type":"LineString","coordinates":[[-6.265749,53.381343],[-6.265689,53.381341],[-6.265598,53.381338]]}},{"type":"Feature","id":"way/744974170","properties":{"osmId":744974170,"attribution":"© OpenStreetMap contributors, ODbL 1.0","highway":"footway"},"geometry":{"type":"LineString","coordinates":[[-6.265822,53.381288],[-6.265791,53.381286],[-6.265786,53.381345],[-6.265749,53.381343]]}},{"type":"Feature","id":"way/744974174","properties":{"osmId":744974174,"attribution":"© OpenStreetMap contributors, ODbL 1.0","highway":"footway"},"geometry":{"type":"LineString","coordinates":[[-6.265827,53.379846],[-6.265828,53.379818],[-6.26583,53.379782]]}},{"type":"Feature","id":"way/754244823","properties":{"osmId":754244823,"attribution":"© OpenStreetMap contributors, ODbL 1.0","highway":"service","access":"private"},"geometry":{"type":"LineString","coordinates":[[-6.25214,53.389315],[-6.252356,53.389626]]}},{"type":"Feature","id":"way/754244824","properties":{"osmId":754244824,"attribution":"© OpenStreetMap contributors, ODbL 1.0","highway":"service","access":"private"},"geometry":{"type":"LineString","coordinates":[[-6.252062,53.389145],[-6.25214,53.389315]]}},{"type":"Feature","id":"way/754244825","properties":{"osmId":754244825,"attribution":"© OpenStreetMap contributors, ODbL 1.0","highway":"service","access":"private"},"geometry":{"type":"LineString","coordinates":[[-6.252356,53.389626],[-6.252387,53.389687],[-6.252536,53.38995],[-6.252665,53.390159],[-6.252798,53.390385],[-6.252796,53.390428],[-6.252792,53.390519],[-6.252786,53.390652]]}},{"type":"Feature","id":"way/754250684","properties":{"osmId":754250684,"attribution":"© OpenStreetMap contributors, ODbL 1.0","highway":"service"},"geometry":{"type":"LineString","coordinates":[[-6.262472,53.386889],[-6.262363,53.386876],[-6.262255,53.386862]]}},{"type":"Feature","id":"way/754250685","properties":{"osmId":754250685,"attribution":"© OpenStreetMap contributors, ODbL 1.0","highway":"service"},"geometry":{"type":"LineString","coordinates":[[-6.262925,53.387262],[-6.262923,53.387199],[-6.262919,53.387139]]}},{"type":"Feature","id":"way/754250686","properties":{"osmId":754250686,"attribution":"© OpenStreetMap contributors, ODbL 1.0","highway":"service"},"geometry":{"type":"LineString","coordinates":[[-6.263274,53.386794],[-6.263345,53.386795],[-6.263452,53.386798]]}},{"type":"Feature","id":"way/754250687","properties":{"osmId":754250687,"attribution":"© OpenStreetMap contributors, ODbL 1.0","highway":"service"},"geometry":{"type":"LineString","coordinates":[[-6.26331,53.386352],[-6.263373,53.386357],[-6.263479,53.386363]]}},{"type":"Feature","id":"way/754250688","properties":{"osmId":754250688,"attribution":"© OpenStreetMap contributors, ODbL 1.0","highway":"service"},"geometry":{"type":"LineString","coordinates":[[-6.262705,53.386316],[-6.262637,53.386327],[-6.26255,53.386354],[-6.26253,53.386352],[-6.262423,53.386341]]}},{"type":"Feature","id":"way/761609165","properties":{"osmId":761609165,"attribution":"© OpenStreetMap contributors, ODbL 1.0","highway":"residential","name":"The Rise"},"geometry":{"type":"LineString","coordinates":[[-6.265516,53.380663],[-6.265581,53.380663],[-6.265595,53.380664],[-6.26561,53.380664],[-6.265741,53.380664]]}},{"type":"Feature","id":"way/796266235","properties":{"osmId":796266235,"attribution":"© OpenStreetMap contributors, ODbL 1.0","highway":"service"},"geometry":{"type":"LineString","coordinates":[[-6.25353,53.372982],[-6.253729,53.372886],[-6.253887,53.372746],[-6.254013,53.372566]]}},{"type":"Feature","id":"way/796269143","properties":{"osmId":796269143,"attribution":"© OpenStreetMap contributors, ODbL 1.0","highway":"footway"},"geometry":{"type":"LineString","coordinates":[[-6.258774,53.372897],[-6.258866,53.372586]]}},{"type":"Feature","id":"way/796269144","properties":{"osmId":796269144,"attribution":"© OpenStreetMap contributors, ODbL 1.0","highway":"footway"},"geometry":{"type":"LineString","coordinates":[[-6.258934,53.372433],[-6.258981,53.372301],[-6.258565,53.372189]]}},{"type":"Feature","id":"way/796269145","properties":{"osmId":796269145,"attribution":"© OpenStreetMap contributors, ODbL 1.0","highway":"footway"},"geometry":{"type":"LineString","coordinates":[[-6.260065,53.372575],[-6.260127,53.372394],[-6.260197,53.372189]]}},{"type":"Feature","id":"way/796269146","properties":{"osmId":796269146,"attribution":"© OpenStreetMap contributors, ODbL 1.0","highway":"footway"},"geometry":{"type":"LineString","coordinates":[[-6.25971,53.372343],[-6.260127,53.372394]]}},{"type":"Feature","id":"way/796269147","properties":{"osmId":796269147,"attribution":"© OpenStreetMap contributors, ODbL 1.0","highway":"service","foot":"yes","access":"no"},"geometry":{"type":"LineString","coordinates":[[-6.260372,53.373077],[-6.260456,53.372826],[-6.260589,53.372681]]}},{"type":"Feature","id":"way/796269148","properties":{"osmId":796269148,"attribution":"© OpenStreetMap contributors, ODbL 1.0","highway":"service"},"geometry":{"type":"LineString","coordinates":[[-6.255828,53.368649],[-6.255717,53.36884],[-6.25569,53.368892]]}},{"type":"Feature","id":"way/796269149","properties":{"osmId":796269149,"attribution":"© OpenStreetMap contributors, ODbL 1.0","highway":"footway"},"geometry":{"type":"LineString","coordinates":[[-6.25513,53.37331],[-6.255047,53.373289],[-6.254963,53.373268]]}},{"type":"Feature","id":"way/796278636","properties":{"osmId":796278636,"attribution":"© OpenStreetMap contributors, ODbL 1.0","highway":"service"},"geometry":{"type":"LineString","coordinates":[[-6.254187,53.377368],[-6.254275,53.377382]]}},{"type":"Feature","id":"way/796278637","properties":{"osmId":796278637,"attribution":"© OpenStreetMap contributors, ODbL 1.0","highway":"footway"},"geometry":{"type":"LineString","coordinates":[[-6.256942,53.378278],[-6.256863,53.378268],[-6.256795,53.37826]]}},{"type":"Feature","id":"way/796278638","properties":{"osmId":796278638,"attribution":"© OpenStreetMap contributors, ODbL 1.0","highway":"service"},"geometry":{"type":"LineString","coordinates":[[-6.263104,53.380254],[-6.263132,53.380291],[-6.263117,53.380484],[-6.262969,53.380699]]}},{"type":"Feature","id":"way/796278639","properties":{"osmId":796278639,"attribution":"© OpenStreetMap contributors, ODbL 1.0","highway":"service"},"geometry":{"type":"LineString","coordinates":[[-6.262397,53.380763],[-6.262875,53.380706],[-6.262969,53.380699],[-6.263138,53.380732],[-6.263422,53.380743],[-6.263613,53.380767],[-6.263817,53.380823]]}},{"type":"Feature","id":"way/796278640","properties":{"osmId":796278640,"attribution":"© OpenStreetMap contributors, ODbL 1.0","highway":"service"},"geometry":{"type":"LineString","coordinates":[[-6.251372,53.382303],[-6.251436,53.382476],[-6.251501,53.382517],[-6.251997,53.382588],[-6.252144,53.382631],[-6.25319,53.383074],[-6.253456,53.383288],[-6.253604,53.383461]]}},{"type":"Feature","id":"way/796283732","properties":{"osmId":796283732,"attribution":"© OpenStreetMap contributors, ODbL 1.0","highway":"footway"},"geometry":{"type":"LineString","coordinates":[[-6.263391,53.387568],[-6.262896,53.387556],[-6.262522,53.387437],[-6.262373,53.38743],[-6.262353,53.38783]]}},{"type":"Feature","id":"way/796283733","properties":{"osmId":796283733,"attribution":"© OpenStreetMap contributors, ODbL 1.0","highway":"footway"},"geometry":{"type":"LineString","coordinates":[[-6.26255,53.387832],[-6.26257,53.387688],[-6.26289,53.387694]]}},{"type":"Feature","id":"way/796283734","properties":{"osmId":796283734,"attribution":"© OpenStreetMap contributors, ODbL 1.0","highway":"service"},"geometry":{"type":"LineString","coordinates":[[-6.261935,53.387895],[-6.261957,53.387868],[-6.262017,53.387801]]}},{"type":"Feature","id":"way/796286841","properties":{"osmId":796286841,"attribution":"© OpenStreetMap contributors, ODbL 1.0","highway":"service"},"geometry":{"type":"LineString","coordinates":[[-6.261436,53.382214],[-6.261507,53.382081],[-6.261624,53.381865]]}},{"type":"Feature","id":"way/796324133","properties":{"osmId":796324133,"attribution":"© OpenStreetMap contributors, ODbL 1.0","highway":"service"},"geometry":{"type":"LineString","coordinates":[[-6.254544,53.389773],[-6.254805,53.389653],[-6.254934,53.389599]]}},{"type":"Feature","id":"way/796398457","properties":{"osmId":796398457,"attribution":"© OpenStreetMap contributors, ODbL 1.0","highway":"service"},"geometry":{"type":"LineString","coordinates":[[-6.258629,53.367894],[-6.258444,53.367836],[-6.2577,53.367597],[-6.25759,53.36757],[-6.25748,53.367588],[-6.256902,53.367468],[-6.25629,53.367365]]}},{"type":"Feature","id":"way/796398462","properties":{"osmId":796398462,"attribution":"© OpenStreetMap contributors, ODbL 1.0","highway":"residential","name":"Daneswell Place"},"geometry":{"type":"LineString","coordinates":[[-6.267776,53.36693],[-6.267991,53.366942],[-6.268306,53.367016],[-6.268416,53.36704],[-6.26873,53.367058],[-6.268832,53.367069],[-6.269238,53.367176],[-6.26938,53.367202],[-6.269792,53.367308],[-6.269831,53.367319],[-6.269928,53.367336]]}},{"type":"Feature","id":"way/796418581","properties":{"osmId":796418581,"attribution":"© OpenStreetMap contributors, ODbL 1.0","highway":"service"},"geometry":{"type":"LineString","coordinates":[[-6.26594,53.369847],[-6.265864,53.369831],[-6.265821,53.369825],[-6.265593,53.369828],[-6.265568,53.369784],[-6.265534,53.369713]]}},{"type":"Feature","id":"way/796418582","properties":{"osmId":796418582,"attribution":"© OpenStreetMap contributors, ODbL 1.0","highway":"residential","name":"Chapelgate","access":"private"},"geometry":{"type":"LineString","coordinates":[[-6.259733,53.365973],[-6.259659,53.366075]]}},{"type":"Feature","id":"way/796418583","properties":{"osmId":796418583,"attribution":"© OpenStreetMap contributors, ODbL 1.0","highway":"residential","name":"Chapelgate","access":"private"},"geometry":{"type":"LineString","coordinates":[[-6.259652,53.366276],[-6.259727,53.366165],[-6.259613,53.366138],[-6.259494,53.366109],[-6.259419,53.36622]]}},{"type":"Feature","id":"way/796418584","properties":{"osmId":796418584,"attribution":"© OpenStreetMap contributors, ODbL 1.0","highway":"residential","name":"Chapelgate","access":"private"},"geometry":{"type":"LineString","coordinates":[[-6.258541,53.366034],[-6.258615,53.365927],[-6.2585,53.365899],[-6.258384,53.36587],[-6.25831,53.365977]]}},{"type":"Feature","id":"way/796418588","properties":{"osmId":796418588,"attribution":"© OpenStreetMap contributors, ODbL 1.0","highway":"pedestrian"},"geometry":{"type":"LineString","coordinates":[[-6.258989,53.366099],[-6.259248,53.365741]]}},{"type":"Feature","id":"way/796591862","properties":{"osmId":796591862,"attribution":"© OpenStreetMap contributors, ODbL 1.0","highway":"footway"},"geometry":{"type":"LineString","coordinates":[[-6.266762,53.3761],[-6.266782,53.376077]]}},{"type":"Feature","id":"way/796591863","properties":{"osmId":796591863,"attribution":"© OpenStreetMap contributors, ODbL 1.0","highway":"service","access":"private"},"geometry":{"type":"LineString","coordinates":[[-6.267349,53.376261],[-6.267501,53.376336],[-6.268185,53.376511],[-6.268322,53.376594]]}},{"type":"Feature","id":"way/796650727","properties":{"osmId":796650727,"attribution":"© OpenStreetMap contributors, ODbL 1.0","highway":"service","access":"private"},"geometry":{"type":"LineString","coordinates":[[-6.266387,53.378217],[-6.266518,53.378194]]}},{"type":"Feature","id":"way/800927770","properties":{"osmId":800927770,"attribution":"© OpenStreetMap contributors, ODbL 1.0","highway":"residential","name":"Hampton"},"geometry":{"type":"LineString","coordinates":[[-6.244056,53.372038],[-6.244162,53.372088],[-6.244194,53.372103],[-6.244218,53.372114],[-6.244381,53.37219],[-6.244593,53.372243],[-6.24474,53.372268],[-6.244876,53.372281],[-6.245012,53.372285],[-6.245036,53.372286],[-6.245162,53.372293],[-6.24528,53.37232],[-6.245368,53.37228],[-6.245444,53.372258],[-6.24554,53.372243],[-6.246392,53.372191],[-6.246471,53.372189],[-6.246597,53.372215]]}},{"type":"Feature","id":"way/800927771","properties":{"osmId":800927771,"attribution":"© OpenStreetMap contributors, ODbL 1.0","highway":"residential","name":"Hampton"},"geometry":{"type":"LineString","coordinates":[[-6.24528,53.37232],[-6.24533,53.372379],[-6.245345,53.372444],[-6.245336,53.372509],[-6.245306,53.372537],[-6.245356,53.372581],[-6.245393,53.372616],[-6.245424,53.372647],[-6.245452,53.372683],[-6.24546,53.372706],[-6.245471,53.37274],[-6.245477,53.372811],[-6.24549,53.373007],[-6.245494,53.373065],[-6.245485,53.37312],[-6.245459,53.373183],[-6.245414,53.373241],[-6.245346,53.3733],[-6.245316,53.373327],[-6.245148,53.373398],[-6.245046,53.373443]]}},{"type":"Feature","id":"way/804293327","properties":{"osmId":804293327,"attribution":"© OpenStreetMap contributors, ODbL 1.0","highway":"service"},"geometry":{"type":"LineString","coordinates":[[-6.252581,53.370291],[-6.252552,53.370335],[-6.252479,53.37042],[-6.252388,53.370483],[-6.252289,53.370507],[-6.252141,53.370505],[-6.252096,53.370477],[-6.252081,53.370448],[-6.252061,53.370409],[-6.252026,53.37032],[-6.251964,53.370286],[-6.251846,53.370249],[-6.251709,53.370228],[-6.251567,53.370228],[-6.251487,53.370254],[-6.251431,53.370312]]}},{"type":"Feature","id":"way/804293328","properties":{"osmId":804293328,"attribution":"© OpenStreetMap contributors, ODbL 1.0","highway":"service"},"geometry":{"type":"LineString","coordinates":[[-6.251879,53.370625],[-6.251951,53.370486],[-6.252018,53.370452],[-6.252081,53.370448]]}},{"type":"Feature","id":"way/809284046","properties":{"osmId":809284046,"attribution":"© OpenStreetMap contributors, ODbL 1.0","highway":"footway"},"geometry":{"type":"LineString","coordinates":[[-6.266221,53.367474],[-6.266216,53.367511],[-6.266208,53.367575]]}},{"type":"Feature","id":"way/809284047","properties":{"osmId":809284047,"attribution":"© OpenStreetMap contributors, ODbL 1.0","highway":"footway"},"geometry":{"type":"LineString","coordinates":[[-6.266046,53.367466],[-6.26604,53.367511]]}},{"type":"Feature","id":"way/809287278","properties":{"osmId":809287278,"attribution":"© OpenStreetMap contributors, ODbL 1.0","highway":"footway"},"geometry":{"type":"LineString","coordinates":[[-6.254512,53.374019],[-6.25455,53.373972],[-6.254589,53.373923]]}},{"type":"Feature","id":"way/809287279","properties":{"osmId":809287279,"attribution":"© OpenStreetMap contributors, ODbL 1.0","highway":"footway"},"geometry":{"type":"LineString","coordinates":[[-6.254675,53.374057],[-6.254714,53.374007],[-6.254752,53.373958]]}},{"type":"Feature","id":"way/839428166","properties":{"osmId":839428166,"attribution":"© OpenStreetMap contributors, ODbL 1.0","highway":"residential","name":"Hampton"},"geometry":{"type":"LineString","coordinates":[[-6.24482,53.373996],[-6.24502,53.373645],[-6.245039,53.373608],[-6.245063,53.373573],[-6.245069,53.3735],[-6.245046,53.373443]]}},{"type":"Feature","id":"way/857553289","properties":{"osmId":857553289,"attribution":"© OpenStreetMap contributors, ODbL 1.0","highway":"tertiary","name":"Home Farm Road"},"geometry":{"type":"LineString","coordinates":[[-6.2601,53.375153],[-6.258067,53.374718],[-6.257569,53.374608],[-6.257405,53.374573],[-6.257173,53.374521],[-6.257042,53.374492],[-6.256993,53.374481],[-6.256901,53.37446],[-6.256791,53.37444],[-6.256636,53.37441],[-6.256192,53.374318],[-6.25617,53.374313],[-6.25573,53.374226],[-6.255177,53.374107],[-6.254714,53.374007],[-6.254624,53.373987],[-6.25455,53.373972],[-6.254355,53.37393],[-6.253923,53.373836],[-6.253578,53.373762],[-6.253304,53.373703],[-6.25303,53.373644],[-6.252727,53.373579],[-6.252373,53.373502]]}},{"type":"Feature","id":"way/857903809","properties":{"osmId":857903809,"attribution":"© OpenStreetMap contributors, ODbL 1.0","highway":"service"},"geometry":{"type":"LineString","coordinates":[[-6.263694,53.372636],[-6.263664,53.37288],[-6.262929,53.372832]]}},{"type":"Feature","id":"way/857903810","properties":{"osmId":857903810,"attribution":"© OpenStreetMap contributors, ODbL 1.0","highway":"service"},"geometry":{"type":"LineString","coordinates":[[-6.263664,53.37288],[-6.26398,53.372888],[-6.264356,53.372787],[-6.26449,53.372762]]}},{"type":"Feature","id":"way/859796363","properties":{"osmId":859796363,"attribution":"© OpenStreetMap contributors, ODbL 1.0","highway":"service"},"geometry":{"type":"LineString","coordinates":[[-6.253811,53.38517],[-6.253791,53.385163]]}},{"type":"Feature","id":"way/859805994","properties":{"osmId":859805994,"attribution":"© OpenStreetMap contributors, ODbL 1.0","highway":"service"},"geometry":{"type":"LineString","coordinates":[[-6.258912,53.386868],[-6.258898,53.386908],[-6.258866,53.386987],[-6.258827,53.387031],[-6.258723,53.387095],[-6.258698,53.387116],[-6.258663,53.387154],[-6.258509,53.387315],[-6.258195,53.3872]]}},{"type":"Feature","id":"way/859805995","properties":{"osmId":859805995,"attribution":"© OpenStreetMap contributors, ODbL 1.0","highway":"footway"},"geometry":{"type":"LineString","coordinates":[[-6.258251,53.386685],[-6.258241,53.386695],[-6.25821,53.386723]]}},{"type":"Feature","id":"way/865406654","properties":{"osmId":865406654,"attribution":"© OpenStreetMap contributors, ODbL 1.0","highway":"service"},"geometry":{"type":"LineString","coordinates":[[-6.24411,53.370487],[-6.245097,53.37067],[-6.245199,53.370689],[-6.246201,53.37092],[-6.246249,53.370928],[-6.246325,53.370928],[-6.246376,53.370935],[-6.246672,53.371008],[-6.246687,53.371021],[-6.24674,53.371069],[-6.246746,53.371074],[-6.246785,53.371113]]}},{"type":"Feature","id":"way/865406655","properties":{"osmId":865406655,"attribution":"© OpenStreetMap contributors, ODbL 1.0","highway":"residential","name":"Grace Park Way"},"geometry":{"type":"LineString","coordinates":[[-6.24826,53.369653],[-6.248211,53.369636],[-6.248191,53.369628],[-6.248145,53.369613],[-6.247897,53.369531],[-6.247579,53.369426],[-6.247438,53.36938],[-6.247373,53.369362],[-6.247326,53.369358],[-6.247112,53.369398],[-6.246896,53.369439],[-6.246623,53.369487],[-6.24621,53.369566],[-6.246059,53.369595],[-6.245829,53.369638],[-6.245762,53.369647],[-6.245681,53.369639],[-6.245281,53.369562]]}},{"type":"Feature","id":"way/865406656","properties":{"osmId":865406656,"attribution":"© OpenStreetMap contributors, ODbL 1.0","highway":"residential","name":"Grace Park View"},"geometry":{"type":"LineString","coordinates":[[-6.247171,53.368765],[-6.247156,53.368794],[-6.246919,53.369249],[-6.246884,53.369316],[-6.246865,53.369364],[-6.246879,53.3694],[-6.246883,53.369409],[-6.246896,53.369439]]}},{"type":"Feature","id":"way/865406657","properties":{"osmId":865406657,"attribution":"© OpenStreetMap contributors, ODbL 1.0","highway":"residential","name":"Grace Park Grove"},"geometry":{"type":"LineString","coordinates":[[-6.246461,53.368579],[-6.246446,53.368607],[-6.246047,53.369356],[-6.245999,53.369468],[-6.246018,53.369518],[-6.246042,53.369564],[-6.246051,53.369579],[-6.246059,53.369595]]}},{"type":"Feature","id":"way/865406658","properties":{"osmId":865406658,"attribution":"© OpenStreetMap contributors, ODbL 1.0","highway":"residential","name":"Grace Park Grove"},"geometry":{"type":"LineString","coordinates":[[-6.245732,53.368497],[-6.245188,53.369451],[-6.24517,53.369482],[-6.24514,53.369535]]}},{"type":"Feature","id":"way/865406659","properties":{"osmId":865406659,"attribution":"© OpenStreetMap contributors, ODbL 1.0","highway":"residential","name":"Grace Park Close"},"geometry":{"type":"LineString","coordinates":[[-6.244937,53.368432],[-6.244838,53.368616],[-6.24446,53.369314],[-6.244417,53.369393],[-6.244355,53.369512],[-6.244285,53.369646],[-6.24402,53.370102],[-6.243831,53.37046]]}},{"type":"Feature","id":"way/865406660","properties":{"osmId":865406660,"attribution":"© OpenStreetMap contributors, ODbL 1.0","highway":"residential","name":"Grace Park Row"},"geometry":{"type":"LineString","coordinates":[[-6.244855,53.370592],[-6.244805,53.370497],[-6.244399,53.369694],[-6.244353,53.36966],[-6.244285,53.369646]]}},{"type":"Feature","id":"way/865679467","properties":{"osmId":865679467,"attribution":"© OpenStreetMap contributors, ODbL 1.0","highway":"secondary","name":"Swords Road"},"geometry":{"type":"LineString","coordinates":[[-6.245519,53.388325],[-6.245362,53.388228],[-6.244936,53.387999]]}},{"type":"Feature","id":"way/914680032","properties":{"osmId":914680032,"attribution":"© OpenStreetMap contributors, ODbL 1.0","highway":"footway"},"geometry":{"type":"LineString","coordinates":[[-6.258231,53.377499],[-6.258139,53.377481],[-6.258021,53.377457]]}},{"type":"Feature","id":"way/914680033","properties":{"osmId":914680033,"attribution":"© OpenStreetMap contributors, ODbL 1.0","highway":"footway","foot":"yes"},"geometry":{"type":"LineString","coordinates":[[-6.258274,53.377507],[-6.258324,53.377399],[-6.258363,53.377315]]}},{"type":"Feature","id":"way/922912374","properties":{"osmId":922912374,"attribution":"© OpenStreetMap contributors, ODbL 1.0","highway":"secondary","name":"Saint Mobhi Road"},"geometry":{"type":"LineString","coordinates":[[-6.265887,53.372715],[-6.265898,53.372658],[-6.265902,53.372622]]}},{"type":"Feature","id":"way/927793494","properties":{"osmId":927793494,"attribution":"© OpenStreetMap contributors, ODbL 1.0","highway":"secondary","name":"Drumcondra Road Lower"},"geometry":{"type":"LineString","coordinates":[[-6.255468,53.367552],[-6.255462,53.367621],[-6.255435,53.367693],[-6.255238,53.368198]]}},{"type":"Feature","id":"way/927793495","properties":{"osmId":927793495,"attribution":"© OpenStreetMap contributors, ODbL 1.0","highway":"secondary","name":"Drumcondra Road Lower"},"geometry":{"type":"LineString","coordinates":[[-6.255474,53.366933],[-6.255462,53.367053],[-6.255457,53.367145],[-6.255459,53.367195],[-6.255461,53.36727],[-6.255466,53.367465],[-6.255466,53.367489],[-6.255468,53.367552]]}},{"type":"Feature","id":"way/927793496","properties":{"osmId":927793496,"attribution":"© OpenStreetMap contributors, ODbL 1.0","highway":"secondary","name":"Drumcondra Road Upper"},"geometry":{"type":"LineString","coordinates":[[-6.254901,53.368905],[-6.254854,53.368978],[-6.254516,53.369505],[-6.254386,53.369708],[-6.254243,53.369956],[-6.254174,53.370068],[-6.253989,53.370361],[-6.253836,53.370609],[-6.253749,53.370757],[-6.253711,53.37082]]}},{"type":"Feature","id":"way/927793497","properties":{"osmId":927793497,"attribution":"© OpenStreetMap contributors, ODbL 1.0","highway":"secondary","name":"Drumcondra Road Upper"},"geometry":{"type":"LineString","coordinates":[[-6.253711,53.37082],[-6.253542,53.371123]]}},{"type":"Feature","id":"way/927793498","properties":{"osmId":927793498,"attribution":"© OpenStreetMap contributors, ODbL 1.0","highway":"secondary","name":"Drumcondra Road Upper"},"geometry":{"type":"LineString","coordinates":[[-6.252672,53.372413],[-6.252509,53.372638],[-6.252464,53.372709],[-6.252255,53.373039],[-6.252072,53.373338],[-6.252019,53.373426]]}},{"type":"Feature","id":"way/927793499","properties":{"osmId":927793499,"attribution":"© OpenStreetMap contributors, ODbL 1.0","highway":"secondary","name":"Drumcondra Road Upper"},"geometry":{"type":"LineString","coordinates":[[-6.253542,53.371123],[-6.253402,53.371375]]}},{"type":"Feature","id":"way/941487150","properties":{"osmId":941487150,"attribution":"© OpenStreetMap contributors, ODbL 1.0","highway":"footway"},"geometry":{"type":"LineString","coordinates":[[-6.255015,53.386246],[-6.255069,53.386266],[-6.255192,53.38631],[-6.255251,53.386332]]}},{"type":"Feature","id":"way/957845667","properties":{"osmId":957845667,"attribution":"© OpenStreetMap contributors, ODbL 1.0","highway":"residential","name":"Dargle Road"},"geometry":{"type":"LineString","coordinates":[[-6.261193,53.366734],[-6.261173,53.366699],[-6.260155,53.366463],[-6.259781,53.366376]]}},{"type":"Feature","id":"way/958201575","properties":{"osmId":958201575,"attribution":"© OpenStreetMap contributors, ODbL 1.0","highway":"residential","name":"Iona Avenue"},"geometry":{"type":"LineString","coordinates":[[-6.261193,53.366734],[-6.261144,53.366827],[-6.261022,53.367084]]}},{"type":"Feature","id":"way/958201576","properties":{"osmId":958201576,"attribution":"© OpenStreetMap contributors, ODbL 1.0","highway":"secondary","name":"Saint Mobhi Road"},"geometry":{"type":"LineString","coordinates":[[-6.265001,53.377629],[-6.264875,53.377123]]}},{"type":"Feature","id":"way/975107775","properties":{"osmId":975107775,"attribution":"© OpenStreetMap contributors, ODbL 1.0","highway":"footway"},"geometry":{"type":"LineString","coordinates":[[-6.25043,53.370754],[-6.250868,53.370842],[-6.250885,53.370863],[-6.250885,53.370887]]}},{"type":"Feature","id":"way/975116856","properties":{"osmId":975116856,"attribution":"© OpenStreetMap contributors, ODbL 1.0","highway":"service"},"geometry":{"type":"LineString","coordinates":[[-6.261802,53.366895],[-6.261587,53.3673],[-6.261475,53.367519],[-6.261174,53.367474],[-6.260921,53.367427],[-6.260882,53.36742]]}},{"type":"Feature","id":"way/991592114","properties":{"osmId":991592114,"attribution":"© OpenStreetMap contributors, ODbL 1.0","highway":"service"},"geometry":{"type":"LineString","coordinates":[[-6.24411,53.370487],[-6.244067,53.370577],[-6.243367,53.370459]]}},{"type":"Feature","id":"way/991592115","properties":{"osmId":991592115,"attribution":"© OpenStreetMap contributors, ODbL 1.0","highway":"residential","name":"Grace Park Row"},"geometry":{"type":"LineString","coordinates":[[-6.24463,53.370553],[-6.244805,53.370497]]}},{"type":"Feature","id":"way/996653605","properties":{"osmId":996653605,"attribution":"© OpenStreetMap contributors, ODbL 1.0","highway":"footway","foot":"private"},"geometry":{"type":"LineString","coordinates":[[-6.260174,53.366385],[-6.26029,53.366221],[-6.260338,53.366213],[-6.260812,53.366249],[-6.26089,53.366244],[-6.260961,53.366224],[-6.261065,53.366174],[-6.26113,53.366129],[-6.261148,53.366055]]}},{"type":"Feature","id":"way/997445201","properties":{"osmId":997445201,"attribution":"© OpenStreetMap contributors, ODbL 1.0","highway":"service","access":"private"},"geometry":{"type":"LineString","coordinates":[[-6.25876,53.369992],[-6.258778,53.369967],[-6.258738,53.369957],[-6.258863,53.36978],[-6.258967,53.369704],[-6.259014,53.369667]]}},{"type":"Feature","id":"way/1008996128","properties":{"osmId":1008996128,"attribution":"© OpenStreetMap contributors, ODbL 1.0","highway":"secondary","name":"Swords Road"},"geometry":{"type":"LineString","coordinates":[[-6.245143,53.381356],[-6.245054,53.381486],[-6.245007,53.381554],[-6.244722,53.382027]]}},{"type":"Feature","id":"way/1018264295","properties":{"osmId":1018264295,"attribution":"© OpenStreetMap contributors, ODbL 1.0","highway":"footway"},"geometry":{"type":"LineString","coordinates":[[-6.263061,53.370575],[-6.263274,53.370504],[-6.263346,53.370433]]}},{"type":"Feature","id":"way/1019981572","properties":{"osmId":1019981572,"attribution":"© OpenStreetMap contributors, ODbL 1.0","highway":"secondary","name":"Collins Avenue Extension"},"geometry":{"type":"LineString","coordinates":[[-6.255047,53.38638],[-6.254894,53.386323],[-6.253117,53.385656],[-6.251379,53.385006],[-6.25126,53.384961],[-6.250538,53.384705]]}},{"type":"Feature","id":"way/1019981574","properties":{"osmId":1019981574,"attribution":"© OpenStreetMap contributors, ODbL 1.0","highway":"residential","name":"Shanard Road"},"geometry":{"type":"LineString","coordinates":[[-6.257065,53.390659],[-6.257321,53.390694],[-6.257349,53.390698],[-6.25741,53.390706],[-6.259232,53.390952],[-6.260296,53.391072],[-6.261655,53.391162],[-6.262113,53.391179]]}},{"type":"Feature","id":"way/1033612859","properties":{"osmId":1033612859,"attribution":"© OpenStreetMap contributors, ODbL 1.0","highway":"service"},"geometry":{"type":"LineString","coordinates":[[-6.244643,53.388119],[-6.244814,53.388003],[-6.244869,53.387962]]}},{"type":"Feature","id":"way/1036678398","properties":{"osmId":1036678398,"attribution":"© OpenStreetMap contributors, ODbL 1.0","highway":"service","access":"private"},"geometry":{"type":"LineString","coordinates":[[-6.260734,53.365867],[-6.260712,53.365935],[-6.260571,53.365943],[-6.260482,53.366008],[-6.260436,53.366137],[-6.260854,53.366167],[-6.261047,53.366048],[-6.261148,53.366055],[-6.261362,53.36607],[-6.261376,53.36607]]}},{"type":"Feature","id":"way/1036678399","properties":{"osmId":1036678399,"attribution":"© OpenStreetMap contributors, ODbL 1.0","highway":"footway","foot":"private"},"geometry":{"type":"LineString","coordinates":[[-6.260338,53.366213],[-6.260372,53.366168],[-6.260436,53.366137]]}},{"type":"Feature","id":"way/1036678401","properties":{"osmId":1036678401,"attribution":"© OpenStreetMap contributors, ODbL 1.0","highway":"residential","name":"Chapelgate","access":"private"},"geometry":{"type":"LineString","coordinates":[[-6.260243,53.366095],[-6.260253,53.366017]]}},{"type":"Feature","id":"way/1038018136","properties":{"osmId":1038018136,"attribution":"© OpenStreetMap contributors, ODbL 1.0","highway":"service"},"geometry":{"type":"LineString","coordinates":[[-6.263274,53.368247],[-6.263362,53.36828],[-6.263376,53.368347],[-6.263316,53.368456]]}},{"type":"Feature","id":"way/1043252152","properties":{"osmId":1043252152,"attribution":"© OpenStreetMap contributors, ODbL 1.0","highway":"residential","name":"Chapelgate","access":"private"},"geometry":{"type":"LineString","coordinates":[[-6.259659,53.366075],[-6.259613,53.366138]]}},{"type":"Feature","id":"way/1061080327","properties":{"osmId":1061080327,"attribution":"© OpenStreetMap contributors, ODbL 1.0","highway":"service"},"geometry":{"type":"LineString","coordinates":[[-6.252867,53.372409],[-6.252826,53.372399],[-6.252702,53.372369]]}},{"type":"Feature","id":"way/1061080328","properties":{"osmId":1061080328,"attribution":"© OpenStreetMap contributors, ODbL 1.0","highway":"service"},"geometry":{"type":"LineString","coordinates":[[-6.253059,53.372077],[-6.253041,53.372072],[-6.252949,53.372046]]}},{"type":"Feature","id":"way/1062964031","properties":{"osmId":1062964031,"attribution":"© OpenStreetMap contributors, ODbL 1.0","highway":"footway"},"geometry":{"type":"LineString","coordinates":[[-6.259732,53.370509],[-6.259878,53.37055],[-6.260015,53.370588]]}},{"type":"Feature","id":"way/1062983947","properties":{"osmId":1062983947,"attribution":"© OpenStreetMap contributors, ODbL 1.0","highway":"secondary","name":"Swords Road"},"geometry":{"type":"LineString","coordinates":[[-6.244722,53.382027],[-6.244566,53.38228],[-6.244545,53.382315]]}},{"type":"Feature","id":"way/1062983948","properties":{"osmId":1062983948,"attribution":"© OpenStreetMap contributors, ODbL 1.0","highway":"secondary","name":"Swords Road"},"geometry":{"type":"LineString","coordinates":[[-6.244192,53.382883],[-6.244128,53.382996]]}},{"type":"Feature","id":"way/1062983949","properties":{"osmId":1062983949,"attribution":"© OpenStreetMap contributors, ODbL 1.0","highway":"secondary","name":"Swords Road"},"geometry":{"type":"LineString","coordinates":[[-6.244128,53.382996],[-6.244058,53.383126],[-6.243784,53.383611],[-6.243623,53.383955],[-6.243511,53.384195]]}},{"type":"Feature","id":"way/1066763603","properties":{"osmId":1066763603,"attribution":"© OpenStreetMap contributors, ODbL 1.0","highway":"footway"},"geometry":{"type":"LineString","coordinates":[[-6.250569,53.368682],[-6.250529,53.368664],[-6.24956,53.368542]]}},{"type":"Feature","id":"way/1084439736","properties":{"osmId":1084439736,"attribution":"© OpenStreetMap contributors, ODbL 1.0","highway":"footway","access":"private"},"geometry":{"type":"LineString","coordinates":[[-6.261065,53.366174],[-6.261155,53.366216],[-6.261286,53.366281],[-6.261367,53.366364],[-6.261392,53.366394],[-6.261406,53.366409],[-6.261383,53.366419],[-6.261381,53.366441],[-6.261406,53.366451],[-6.26144,53.366451],[-6.261458,53.366433],[-6.26145,53.366409],[-6.261406,53.366409]]}},{"type":"Feature","id":"way/1084439737","properties":{"osmId":1084439737,"attribution":"© OpenStreetMap contributors, ODbL 1.0","highway":"footway","access":"private"},"geometry":{"type":"LineString","coordinates":[[-6.261392,53.366394],[-6.261415,53.366376],[-6.261471,53.366376],[-6.261558,53.36638],[-6.261635,53.366397],[-6.261688,53.366429],[-6.261737,53.366443],[-6.261788,53.366443]]}},{"type":"Feature","id":"way/1086007949","properties":{"osmId":1086007949,"attribution":"© OpenStreetMap contributors, ODbL 1.0","highway":"residential","name":"Shanrath Road"},"geometry":{"type":"LineString","coordinates":[[-6.24402,53.387887],[-6.244007,53.387818],[-6.243994,53.387779],[-6.243979,53.387733],[-6.243896,53.387628]]}},{"type":"Feature","id":"way/1086329569","properties":{"osmId":1086329569,"attribution":"© OpenStreetMap contributors, ODbL 1.0","highway":"secondary","name":"Collins Avenue Extension","foot":"no"},"geometry":{"type":"LineString","coordinates":[[-6.264182,53.389038],[-6.26411,53.389024]]}},{"type":"Feature","id":"way/1086329570","properties":{"osmId":1086329570,"attribution":"© OpenStreetMap contributors, ODbL 1.0","highway":"secondary","name":"Collins Avenue Extension"},"geometry":{"type":"LineString","coordinates":[[-6.258442,53.387651],[-6.258326,53.387608],[-6.257595,53.387327],[-6.257557,53.387312],[-6.257494,53.387287],[-6.257455,53.387273],[-6.257405,53.387255],[-6.256555,53.386939]]}},{"type":"Feature","id":"way/1086479840","properties":{"osmId":1086479840,"attribution":"© OpenStreetMap contributors, ODbL 1.0","highway":"service"},"geometry":{"type":"LineString","coordinates":[[-6.245225,53.375467],[-6.245383,53.375575],[-6.245497,53.375642]]}},{"type":"Feature","id":"way/1086479841","properties":{"osmId":1086479841,"attribution":"© OpenStreetMap contributors, ODbL 1.0","highway":"footway"},"geometry":{"type":"LineString","coordinates":[[-6.24589,53.376066],[-6.24587,53.375984],[-6.245857,53.375931]]}},{"type":"Feature","id":"way/1086984420","properties":{"osmId":1086984420,"attribution":"© OpenStreetMap contributors, ODbL 1.0","highway":"secondary","name":"Collins Avenue Extension"},"geometry":{"type":"LineString","coordinates":[[-6.261012,53.388382],[-6.260984,53.388376],[-6.260415,53.388257]]}},{"type":"Feature","id":"way/1089412268","properties":{"osmId":1089412268,"attribution":"© OpenStreetMap contributors, ODbL 1.0","highway":"service"},"geometry":{"type":"LineString","coordinates":[[-6.252078,53.371717],[-6.252101,53.371674],[-6.252459,53.371751],[-6.252496,53.371761]]}},{"type":"Feature","id":"way/1089414814","properties":{"osmId":1089414814,"attribution":"© OpenStreetMap contributors, ODbL 1.0","highway":"service"},"geometry":{"type":"LineString","coordinates":[[-6.250306,53.369025],[-6.250879,53.369235]]}},{"type":"Feature","id":"way/1095426225","properties":{"osmId":1095426225,"attribution":"© OpenStreetMap contributors, ODbL 1.0","highway":"cycleway","foot":"designated"},"geometry":{"type":"LineString","coordinates":[[-6.26461,53.376074],[-6.264686,53.375943],[-6.264717,53.375868],[-6.264797,53.375673],[-6.264818,53.375644],[-6.264857,53.375555],[-6.265055,53.375103],[-6.265348,53.374447],[-6.265455,53.374214],[-6.26548,53.37415],[-6.26552,53.37405],[-6.265555,53.37399],[-6.265702,53.373388],[-6.265745,53.373015]]}},{"type":"Feature","id":"way/1095426226","properties":{"osmId":1095426226,"attribution":"© OpenStreetMap contributors, ODbL 1.0","highway":"footway"},"geometry":{"type":"LineString","coordinates":[[-6.265745,53.373015],[-6.265773,53.372772],[-6.26578,53.372724],[-6.265787,53.372636],[-6.2658,53.372593]]}},{"type":"Feature","id":"way/1095426227","properties":{"osmId":1095426227,"attribution":"© OpenStreetMap contributors, ODbL 1.0","highway":"footway"},"geometry":{"type":"LineString","coordinates":[[-6.265961,53.372886],[-6.265996,53.372884],[-6.266422,53.373058],[-6.266666,53.373158],[-6.266678,53.373162],[-6.266928,53.37323],[-6.266985,53.373246],[-6.267082,53.373272],[-6.267402,53.37336],[-6.26743,53.373367],[-6.267482,53.373376],[-6.267696,53.373411],[-6.267784,53.373425],[-6.267998,53.373461],[-6.26809,53.373476],[-6.268199,53.373489],[-6.268623,53.373542],[-6.268614,53.373874],[-6.268568,53.374159],[-6.268543,53.374374],[-6.268501,53.374527],[-6.268381,53.374712],[-6.268356,53.374764],[-6.268344,53.374779],[-6.268321,53.374806],[-6.268236,53.374851],[-6.267654,53.375072],[-6.26761,53.375088],[-6.2671,53.375273],[-6.267052,53.37532],[-6.266996,53.375375],[-6.26676,53.375654],[-6.266728,53.375657],[-6.266701,53.375671],[-6.266691,53.375699],[-6.266715,53.375727],[-6.266623,53.375844],[-6.266608,53.375909],[-6.266601,53.375938],[-6.266631,53.375976],[-6.266688,53.376048],[-6.266762,53.3761],[-6.266843,53.376139],[-6.266949,53.376163],[-6.267016,53.376182],[-6.267044,53.376205],[-6.267059,53.376292],[-6.267058,53.376315],[-6.267097,53.376315]]}},{"type":"Feature","id":"way/1095426228","properties":{"osmId":1095426228,"attribution":"© OpenStreetMap contributors, ODbL 1.0","highway":"cycleway","foot":"designated"},"geometry":{"type":"LineString","coordinates":[[-6.265964,53.372873],[-6.265961,53.372886],[-6.265939,53.372903],[-6.265929,53.37302]]}},{"type":"Feature","id":"way/1095426229","properties":{"osmId":1095426229,"attribution":"© OpenStreetMap contributors, ODbL 1.0","highway":"cycleway","foot":"designated"},"geometry":{"type":"LineString","coordinates":[[-6.266003,53.372626],[-6.265983,53.372736],[-6.265989,53.372762],[-6.265987,53.372775]]}},{"type":"Feature","id":"way/1095426230","properties":{"osmId":1095426230,"attribution":"© OpenStreetMap contributors, ODbL 1.0","highway":"cycleway","foot":"designated"},"geometry":{"type":"LineString","coordinates":[[-6.266503,53.372006],[-6.266357,53.372133],[-6.266091,53.37236],[-6.266058,53.372392],[-6.266038,53.372412],[-6.266032,53.372451],[-6.266022,53.372512]]}},{"type":"Feature","id":"way/1096927393","properties":{"osmId":1096927393,"attribution":"© OpenStreetMap contributors, ODbL 1.0","highway":"secondary","name":"Shantalla Road"},"geometry":{"type":"LineString","coordinates":[[-6.244323,53.387691],[-6.244076,53.387623],[-6.243896,53.387628]]}},{"type":"Feature","id":"way/1096927394","properties":{"osmId":1096927394,"attribution":"© OpenStreetMap contributors, ODbL 1.0","highway":"secondary","name":"Swords Road"},"geometry":{"type":"LineString","coordinates":[[-6.243787,53.38733],[-6.243877,53.387382],[-6.243893,53.38739],[-6.244025,53.38746],[-6.244135,53.387517],[-6.244186,53.38756],[-6.244323,53.387691]]}},{"type":"Feature","id":"way/1104607990","properties":{"osmId":1104607990,"attribution":"© OpenStreetMap contributors, ODbL 1.0","highway":"secondary","name":"Drumcondra Road Upper"},"geometry":{"type":"LineString","coordinates":[[-6.251775,53.373883],[-6.251579,53.374249],[-6.251557,53.374284]]}},{"type":"Feature","id":"way/1104607991","properties":{"osmId":1104607991,"attribution":"© OpenStreetMap contributors, ODbL 1.0","highway":"tertiary","name":"Home Farm Road"},"geometry":{"type":"LineString","coordinates":[[-6.252373,53.373502],[-6.252162,53.373457],[-6.252019,53.373426]]}},{"type":"Feature","id":"way/1107071781","properties":{"osmId":1107071781,"attribution":"© OpenStreetMap contributors, ODbL 1.0","highway":"tertiary","name":"Botanic Avenue"},"geometry":{"type":"LineString","coordinates":[[-6.265899,53.371471],[-6.265725,53.371367]]}},{"type":"Feature","id":"way/1107074837","properties":{"osmId":1107074837,"attribution":"© OpenStreetMap contributors, ODbL 1.0","highway":"service"},"geometry":{"type":"LineString","coordinates":[[-6.253326,53.370118],[-6.253157,53.370412],[-6.25314,53.370451]]}},{"type":"Feature","id":"way/1121093642","properties":{"osmId":1121093642,"attribution":"© OpenStreetMap contributors, ODbL 1.0","highway":"residential","name":"Shanrath Road"},"geometry":{"type":"LineString","coordinates":[[-6.244323,53.387691],[-6.244123,53.387835],[-6.24402,53.387887]]}},{"type":"Feature","id":"way/1121093643","properties":{"osmId":1121093643,"attribution":"© OpenStreetMap contributors, ODbL 1.0","highway":"secondary","name":"Swords Road"},"geometry":{"type":"LineString","coordinates":[[-6.244576,53.387803],[-6.244565,53.387797],[-6.244323,53.387691]]}},{"type":"Feature","id":"way/1121093644","properties":{"osmId":1121093644,"attribution":"© OpenStreetMap contributors, ODbL 1.0","highway":"residential","name":"Larkhill Road"},"geometry":{"type":"LineString","coordinates":[[-6.244415,53.387628],[-6.244323,53.387691]]}},{"type":"Feature","id":"way/1126109437","properties":{"osmId":1126109437,"attribution":"© OpenStreetMap contributors, ODbL 1.0","highway":"service"},"geometry":{"type":"LineString","coordinates":[[-6.245306,53.372537],[-6.245228,53.372541],[-6.244755,53.372562],[-6.244711,53.372593],[-6.244656,53.372637],[-6.244637,53.372657],[-6.244595,53.372682],[-6.244503,53.372684],[-6.244465,53.37268],[-6.244443,53.372658],[-6.244435,53.372544],[-6.244642,53.372536],[-6.244696,53.372542],[-6.244755,53.372562]]}},{"type":"Feature","id":"way/1126109438","properties":{"osmId":1126109438,"attribution":"© OpenStreetMap contributors, ODbL 1.0","highway":"residential","name":"Hampton"},"geometry":{"type":"LineString","coordinates":[[-6.245703,53.373306],[-6.245462,53.373261],[-6.245414,53.373241]]}},{"type":"Feature","id":"way/1126111760","properties":{"osmId":1126111760,"attribution":"© OpenStreetMap contributors, ODbL 1.0","highway":"service","access":"permissive"},"geometry":{"type":"LineString","coordinates":[[-6.246917,53.372137],[-6.246952,53.372042],[-6.247016,53.371983],[-6.247212,53.371849],[-6.247302,53.371745],[-6.247307,53.371671],[-6.247305,53.371633],[-6.247263,53.371531],[-6.247269,53.371482],[-6.247312,53.371421],[-6.24739,53.371328],[-6.247608,53.371055],[-6.247669,53.371029],[-6.247628,53.370699],[-6.247781,53.370517],[-6.247864,53.370432],[-6.247936,53.370396],[-6.248014,53.370376],[-6.248156,53.370357]]}},{"type":"Feature","id":"way/1126111761","properties":{"osmId":1126111761,"attribution":"© OpenStreetMap contributors, ODbL 1.0","highway":"service"},"geometry":{"type":"LineString","coordinates":[[-6.246917,53.372137],[-6.247002,53.372171],[-6.247156,53.372184],[-6.24806,53.372245]]}},{"type":"Feature","id":"way/1126111762","properties":{"osmId":1126111762,"attribution":"© OpenStreetMap contributors, ODbL 1.0","highway":"service"},"geometry":{"type":"LineString","coordinates":[[-6.246743,53.372367],[-6.246719,53.372402],[-6.246684,53.372463],[-6.246676,53.372495],[-6.246687,53.372519],[-6.246708,53.372529],[-6.24699,53.372589],[-6.247478,53.372622],[-6.247684,53.372586],[-6.247919,53.372647],[-6.248167,53.372665]]}},{"type":"Feature","id":"way/1126111763","properties":{"osmId":1126111763,"attribution":"© OpenStreetMap contributors, ODbL 1.0","highway":"service","access":"permissive"},"geometry":{"type":"LineString","coordinates":[[-6.246917,53.372137],[-6.246946,53.372173],[-6.246914,53.372349],[-6.246882,53.372383],[-6.246818,53.372385],[-6.246743,53.372367],[-6.246858,53.372172],[-6.246917,53.372137]]}},{"type":"Feature","id":"way/1126111764","properties":{"osmId":1126111764,"attribution":"© OpenStreetMap contributors, ODbL 1.0","highway":"service","access":"permissive"},"geometry":{"type":"LineString","coordinates":[[-6.247307,53.371671],[-6.247421,53.371669]]}},{"type":"Feature","id":"way/1126111765","properties":{"osmId":1126111765,"attribution":"© OpenStreetMap contributors, ODbL 1.0","highway":"service"},"geometry":{"type":"LineString","coordinates":[[-6.247781,53.370517],[-6.24769,53.370492],[-6.247649,53.370481],[-6.247638,53.370477],[-6.247576,53.370461]]}},{"type":"Feature","id":"way/1126111766","properties":{"osmId":1126111766,"attribution":"© OpenStreetMap contributors, ODbL 1.0","highway":"footway"},"geometry":{"type":"LineString","coordinates":[[-6.248166,53.369855],[-6.248092,53.369831],[-6.248019,53.369808]]}},{"type":"Feature","id":"way/1126111767","properties":{"osmId":1126111767,"attribution":"© OpenStreetMap contributors, ODbL 1.0","highway":"service","access":"permissive"},"geometry":{"type":"LineString","coordinates":[[-6.248494,53.370696],[-6.248455,53.370719],[-6.248392,53.370788],[-6.248363,53.370887],[-6.248414,53.370973],[-6.248441,53.371068],[-6.248441,53.371138],[-6.248431,53.371164],[-6.248422,53.371188],[-6.248401,53.371213],[-6.248312,53.371319],[-6.248253,53.371445],[-6.248221,53.37161],[-6.248218,53.371639],[-6.248216,53.371666],[-6.248208,53.371746]]}},{"type":"Feature","id":"way/1126111768","properties":{"osmId":1126111768,"attribution":"© OpenStreetMap contributors, ODbL 1.0","highway":"footway"},"geometry":{"type":"LineString","coordinates":[[-6.250409,53.369899],[-6.250494,53.369906],[-6.250557,53.36991]]}},{"type":"Feature","id":"way/1154754697","properties":{"osmId":1154754697,"attribution":"© OpenStreetMap contributors, ODbL 1.0","highway":"service"},"geometry":{"type":"LineString","coordinates":[[-6.245711,53.379512],[-6.245855,53.379554],[-6.246008,53.379575],[-6.246139,53.37957],[-6.246223,53.379536],[-6.246263,53.379508],[-6.24645,53.379316],[-6.24654,53.379217],[-6.246609,53.379144],[-6.246633,53.379063],[-6.246585,53.378965],[-6.246543,53.378876]]}},{"type":"Feature","id":"way/1157144623","properties":{"osmId":1157144623,"attribution":"© OpenStreetMap contributors, ODbL 1.0","highway":"footway"},"geometry":{"type":"LineString","coordinates":[[-6.251555,53.384628],[-6.251378,53.384592]]}},{"type":"Feature","id":"way/1157144624","properties":{"osmId":1157144624,"attribution":"© OpenStreetMap contributors, ODbL 1.0","highway":"footway"},"geometry":{"type":"LineString","coordinates":[[-6.253487,53.385097],[-6.253624,53.385002]]}},{"type":"Feature","id":"way/1162009360","properties":{"osmId":1162009360,"attribution":"© OpenStreetMap contributors, ODbL 1.0","highway":"footway"},"geometry":{"type":"LineString","coordinates":[[-6.257191,53.366426],[-6.257211,53.366395],[-6.257227,53.366358]]}},{"type":"Feature","id":"way/1162009361","properties":{"osmId":1162009361,"attribution":"© OpenStreetMap contributors, ODbL 1.0","highway":"footway"},"geometry":{"type":"LineString","coordinates":[[-6.257342,53.366377],[-6.25732,53.366414],[-6.2573,53.366445]]}},{"type":"Feature","id":"way/1164681976","properties":{"osmId":1164681976,"attribution":"© OpenStreetMap contributors, ODbL 1.0","highway":"footway","access":"private"},"geometry":{"type":"LineString","coordinates":[[-6.261731,53.365687],[-6.261722,53.365752],[-6.261715,53.365806],[-6.26174,53.365899],[-6.261709,53.365989],[-6.26168,53.366088],[-6.261362,53.36607]]}},{"type":"Feature","id":"way/1164750178","properties":{"osmId":1164750178,"attribution":"© OpenStreetMap contributors, ODbL 1.0","highway":"footway"},"geometry":{"type":"LineString","coordinates":[[-6.24746,53.389616],[-6.247548,53.389613],[-6.24761,53.389611]]}},{"type":"Feature","id":"way/1168473080","properties":{"osmId":1168473080,"attribution":"© OpenStreetMap contributors, ODbL 1.0","highway":"residential","name":"Saint Mobhi Drive"},"geometry":{"type":"LineString","coordinates":[[-6.265959,53.372792],[-6.265878,53.372765]]}},{"type":"Feature","id":"way/1172467857","properties":{"osmId":1172467857,"attribution":"© OpenStreetMap contributors, ODbL 1.0","highway":"service"},"geometry":{"type":"LineString","coordinates":[[-6.267113,53.374991],[-6.266948,53.375053]]}},{"type":"Feature","id":"way/1172467858","properties":{"osmId":1172467858,"attribution":"© OpenStreetMap contributors, ODbL 1.0","highway":"service"},"geometry":{"type":"LineString","coordinates":[[-6.267246,53.375118],[-6.267113,53.374991],[-6.266976,53.374859]]}},{"type":"Feature","id":"way/1172467859","properties":{"osmId":1172467859,"attribution":"© OpenStreetMap contributors, ODbL 1.0","highway":"footway"},"geometry":{"type":"LineString","coordinates":[[-6.266917,53.375205],[-6.266915,53.375159],[-6.266959,53.375081],[-6.266948,53.375053]]}},{"type":"Feature","id":"way/1172467860","properties":{"osmId":1172467860,"attribution":"© OpenStreetMap contributors, ODbL 1.0","highway":"footway"},"geometry":{"type":"LineString","coordinates":[[-6.267755,53.374925],[-6.267701,53.374869]]}},{"type":"Feature","id":"way/1175820085","properties":{"osmId":1175820085,"attribution":"© OpenStreetMap contributors, ODbL 1.0","highway":"service","access":"private"},"geometry":{"type":"LineString","coordinates":[[-6.251772,53.390315],[-6.251648,53.390117]]}},{"type":"Feature","id":"way/1175820086","properties":{"osmId":1175820086,"attribution":"© OpenStreetMap contributors, ODbL 1.0","highway":"service","access":"private"},"geometry":{"type":"LineString","coordinates":[[-6.250488,53.390405],[-6.250484,53.39048],[-6.250604,53.390548],[-6.250628,53.390707]]}},{"type":"Feature","id":"way/1175820087","properties":{"osmId":1175820087,"attribution":"© OpenStreetMap contributors, ODbL 1.0","highway":"service","access":"private"},"geometry":{"type":"LineString","coordinates":[[-6.250604,53.390548],[-6.250895,53.390475],[-6.251058,53.390377],[-6.250995,53.390264]]}},{"type":"Feature","id":"way/1175820088","properties":{"osmId":1175820088,"attribution":"© OpenStreetMap contributors, ODbL 1.0","highway":"service","access":"private"},"geometry":{"type":"LineString","coordinates":[[-6.253391,53.390239],[-6.252866,53.390245],[-6.252842,53.390163],[-6.253175,53.390104],[-6.253384,53.390107],[-6.253391,53.390239],[-6.253395,53.390306],[-6.253389,53.390383],[-6.253379,53.390519],[-6.253369,53.390649],[-6.252786,53.390652],[-6.250919,53.390664],[-6.250919,53.390563],[-6.251384,53.390463],[-6.251793,53.390375],[-6.252644,53.390371],[-6.252796,53.390428],[-6.252917,53.390378],[-6.253389,53.390383]]}},{"type":"Feature","id":"way/1175820089","properties":{"osmId":1175820089,"attribution":"© OpenStreetMap contributors, ODbL 1.0","highway":"service","access":"private"},"geometry":{"type":"LineString","coordinates":[[-6.251384,53.390463],[-6.251442,53.390519],[-6.252792,53.390519],[-6.253379,53.390519]]}},{"type":"Feature","id":"way/1175820090","properties":{"osmId":1175820090,"attribution":"© OpenStreetMap contributors, ODbL 1.0","highway":"service","access":"private"},"geometry":{"type":"LineString","coordinates":[[-6.252118,53.390251],[-6.252008,53.390074],[-6.251831,53.390095],[-6.251648,53.390117]]}},{"type":"Feature","id":"way/1180741273","properties":{"osmId":1180741273,"attribution":"© OpenStreetMap contributors, ODbL 1.0","highway":"footway"},"geometry":{"type":"LineString","coordinates":[[-6.25684,53.369526],[-6.255952,53.369241],[-6.255824,53.369226],[-6.25578,53.36922],[-6.255314,53.369072],[-6.255308,53.369036],[-6.255036,53.368953],[-6.254806,53.369329],[-6.254647,53.369587],[-6.254546,53.369753],[-6.254145,53.370389]]}},{"type":"Feature","id":"way/1182510766","properties":{"osmId":1182510766,"attribution":"© OpenStreetMap contributors, ODbL 1.0","highway":"residential","name":"All Hallows Square"},"geometry":{"type":"LineString","coordinates":[[-6.250473,53.372056],[-6.250498,53.371971],[-6.250638,53.371492]]}},{"type":"Feature","id":"way/1182510767","properties":{"osmId":1182510767,"attribution":"© OpenStreetMap contributors, ODbL 1.0","highway":"residential","name":"All Hallows Square","access":"private"},"geometry":{"type":"LineString","coordinates":[[-6.251675,53.371551],[-6.251637,53.37155],[-6.251526,53.371545],[-6.251408,53.371538]]}},{"type":"Feature","id":"way/1184304421","properties":{"osmId":1184304421,"attribution":"© OpenStreetMap contributors, ODbL 1.0","highway":"cycleway","foot":"no"},"geometry":{"type":"LineString","coordinates":[[-6.244372,53.382899],[-6.244415,53.382939],[-6.244433,53.382955],[-6.244523,53.38302],[-6.244557,53.383044]]}},{"type":"Feature","id":"way/1184304435","properties":{"osmId":1184304435,"attribution":"© OpenStreetMap contributors, ODbL 1.0","highway":"footway"},"geometry":{"type":"LineString","coordinates":[[-6.244196,53.382519],[-6.244016,53.382528],[-6.243886,53.382508]]}},{"type":"Feature","id":"way/1184304463","properties":{"osmId":1184304463,"attribution":"© OpenStreetMap contributors, ODbL 1.0","highway":"service","access":"no"},"geometry":{"type":"LineString","coordinates":[[-6.245234,53.380984],[-6.245205,53.380978],[-6.24423,53.380639],[-6.243575,53.380377]]}},{"type":"Feature","id":"way/1193028004","properties":{"osmId":1193028004,"attribution":"© OpenStreetMap contributors, ODbL 1.0","highway":"footway"},"geometry":{"type":"LineString","coordinates":[[-6.256367,53.370877],[-6.256175,53.371211]]}},{"type":"Feature","id":"way/1193028005","properties":{"osmId":1193028005,"attribution":"© OpenStreetMap contributors, ODbL 1.0","highway":"footway"},"geometry":{"type":"LineString","coordinates":[[-6.256175,53.37088],[-6.256289,53.370905]]}},{"type":"Feature","id":"way/1193028006","properties":{"osmId":1193028006,"attribution":"© OpenStreetMap contributors, ODbL 1.0","highway":"steps"},"geometry":{"type":"LineString","coordinates":[[-6.256289,53.370905],[-6.256312,53.370868],[-6.256367,53.370877]]}},{"type":"Feature","id":"way/1201888172","properties":{"osmId":1201888172,"attribution":"© OpenStreetMap contributors, ODbL 1.0","highway":"residential"},"geometry":{"type":"LineString","coordinates":[[-6.247171,53.368765],[-6.247177,53.368747],[-6.247175,53.368732],[-6.247152,53.368718],[-6.246461,53.368579],[-6.246261,53.368538],[-6.246131,53.368512],[-6.246073,53.368502],[-6.246011,53.368496],[-6.24578,53.368482],[-6.245749,53.368487],[-6.245732,53.368497]]}},{"type":"Feature","id":"way/1206302611","properties":{"osmId":1206302611,"attribution":"© OpenStreetMap contributors, ODbL 1.0","highway":"service"},"geometry":{"type":"LineString","coordinates":[[-6.246939,53.378362],[-6.246841,53.378496],[-6.246738,53.378616]]}},{"type":"Feature","id":"way/1207101452","properties":{"osmId":1207101452,"attribution":"© OpenStreetMap contributors, ODbL 1.0","highway":"service","access":"permissive"},"geometry":{"type":"LineString","coordinates":[[-6.254534,53.386795],[-6.254375,53.386898],[-6.254114,53.387051]]}},{"type":"Feature","id":"way/1217144353","properties":{"osmId":1217144353,"attribution":"© OpenStreetMap contributors, ODbL 1.0","highway":"residential","name":"Millmount Avenue"},"geometry":{"type":"LineString","coordinates":[[-6.259583,53.370303],[-6.259406,53.370234],[-6.259342,53.37022]]}},{"type":"Feature","id":"way/1217144354","properties":{"osmId":1217144354,"attribution":"© OpenStreetMap contributors, ODbL 1.0","highway":"footway"},"geometry":{"type":"LineString","coordinates":[[-6.259555,53.370341],[-6.259583,53.370303],[-6.259619,53.370259]]}},{"type":"Feature","id":"way/1217802756","properties":{"osmId":1217802756,"attribution":"© OpenStreetMap contributors, ODbL 1.0","highway":"service"},"geometry":{"type":"LineString","coordinates":[[-6.254723,53.36763],[-6.254714,53.367564]]}},{"type":"Feature","id":"way/1223917422","properties":{"osmId":1223917422,"attribution":"© OpenStreetMap contributors, ODbL 1.0","highway":"service"},"geometry":{"type":"LineString","coordinates":[[-6.250213,53.371444],[-6.250581,53.371471],[-6.250628,53.371481],[-6.250638,53.371492]]}},{"type":"Feature","id":"way/1225510447","properties":{"osmId":1225510447,"attribution":"© OpenStreetMap contributors, ODbL 1.0","highway":"footway"},"geometry":{"type":"LineString","coordinates":[[-6.252918,53.372259],[-6.25281,53.372232],[-6.252655,53.372188]]}},{"type":"Feature","id":"way/1228795386","properties":{"osmId":1228795386,"attribution":"© OpenStreetMap contributors, ODbL 1.0","highway":"footway","foot":"permissive"},"geometry":{"type":"LineString","coordinates":[[-6.250611,53.389617],[-6.250586,53.389573]]}},{"type":"Feature","id":"way/1232663719","properties":{"osmId":1232663719,"attribution":"© OpenStreetMap contributors, ODbL 1.0","highway":"footway"},"geometry":{"type":"LineString","coordinates":[[-6.263869,53.37021],[-6.263809,53.370238],[-6.263693,53.370292]]}},{"type":"Feature","id":"way/1232663720","properties":{"osmId":1232663720,"attribution":"© OpenStreetMap contributors, ODbL 1.0","highway":"service","access":"no"},"geometry":{"type":"LineString","coordinates":[[-6.264384,53.37103],[-6.264444,53.371061],[-6.264467,53.371074],[-6.264646,53.371181]]}},{"type":"Feature","id":"way/1235860706","properties":{"osmId":1235860706,"attribution":"© OpenStreetMap contributors, ODbL 1.0","highway":"footway"},"geometry":{"type":"LineString","coordinates":[[-6.260343,53.388141],[-6.26036,53.388145]]}},{"type":"Feature","id":"way/1235861343","properties":{"osmId":1235861343,"attribution":"© OpenStreetMap contributors, ODbL 1.0","highway":"secondary","name":"Collins Avenue Extension"},"geometry":{"type":"LineString","coordinates":[[-6.260415,53.388257],[-6.259845,53.388108],[-6.259207,53.387914],[-6.258442,53.387651]]}},{"type":"Feature","id":"way/1241981914","properties":{"osmId":1241981914,"attribution":"© OpenStreetMap contributors, ODbL 1.0","highway":"service","access":"private"},"geometry":{"type":"LineString","coordinates":[[-6.257446,53.375457],[-6.257547,53.375479],[-6.257591,53.375488],[-6.257622,53.375495]]}},{"type":"Feature","id":"way/1241981915","properties":{"osmId":1241981915,"attribution":"© OpenStreetMap contributors, ODbL 1.0","highway":"steps"},"geometry":{"type":"LineString","coordinates":[[-6.256598,53.375885],[-6.256574,53.375923]]}},{"type":"Feature","id":"way/1241981916","properties":{"osmId":1241981916,"attribution":"© OpenStreetMap contributors, ODbL 1.0","highway":"footway"},"geometry":{"type":"LineString","coordinates":[[-6.256535,53.375933],[-6.256574,53.375923],[-6.256589,53.375944]]}},{"type":"Feature","id":"way/1241981919","properties":{"osmId":1241981919,"attribution":"© OpenStreetMap contributors, ODbL 1.0","highway":"service","access":"private"},"geometry":{"type":"LineString","coordinates":[[-6.256969,53.374939],[-6.257124,53.374606]]}},{"type":"Feature","id":"way/1241981920","properties":{"osmId":1241981920,"attribution":"© OpenStreetMap contributors, ODbL 1.0","highway":"service"},"geometry":{"type":"LineString","coordinates":[[-6.257124,53.374606],[-6.257139,53.37458],[-6.257173,53.374521]]}},{"type":"Feature","id":"way/1241981922","properties":{"osmId":1241981922,"attribution":"© OpenStreetMap contributors, ODbL 1.0","highway":"service","access":"private"},"geometry":{"type":"LineString","coordinates":[[-6.256072,53.374516],[-6.256144,53.374397]]}},{"type":"Feature","id":"way/1241981925","properties":{"osmId":1241981925,"attribution":"© OpenStreetMap contributors, ODbL 1.0","highway":"service"},"geometry":{"type":"LineString","coordinates":[[-6.256144,53.374397],[-6.256159,53.374372],[-6.256192,53.374318]]}},{"type":"Feature","id":"way/1242656680","properties":{"osmId":1242656680,"attribution":"© OpenStreetMap contributors, ODbL 1.0","highway":"service"},"geometry":{"type":"LineString","coordinates":[[-6.246165,53.369825],[-6.246255,53.369673],[-6.246252,53.369642],[-6.246231,53.369604],[-6.24621,53.369566]]}},{"type":"Feature","id":"way/1242656682","properties":{"osmId":1242656682,"attribution":"© OpenStreetMap contributors, ODbL 1.0","highway":"residential","name":"Grace Park Close"},"geometry":{"type":"LineString","coordinates":[[-6.244511,53.368548],[-6.244838,53.368616]]}},{"type":"Feature","id":"way/1242656683","properties":{"osmId":1242656683,"attribution":"© OpenStreetMap contributors, ODbL 1.0","highway":"service"},"geometry":{"type":"LineString","coordinates":[[-6.247085,53.369632],[-6.24716,53.36949],[-6.247112,53.369398]]}},{"type":"Feature","id":"way/1242656684","properties":{"osmId":1242656684,"attribution":"© OpenStreetMap contributors, ODbL 1.0","highway":"residential","name":"Grace Park Way"},"geometry":{"type":"LineString","coordinates":[[-6.245281,53.369562],[-6.24514,53.369535],[-6.244476,53.369405],[-6.244417,53.369393]]}},{"type":"Feature","id":"way/1242656685","properties":{"osmId":1242656685,"attribution":"© OpenStreetMap contributors, ODbL 1.0","highway":"footway"},"geometry":{"type":"LineString","coordinates":[[-6.247112,53.369398],[-6.247091,53.369355],[-6.247102,53.369335],[-6.247162,53.369222],[-6.247215,53.369122],[-6.247231,53.36903],[-6.247229,53.36899],[-6.247251,53.368945],[-6.247329,53.368826],[-6.247294,53.36882],[-6.247156,53.368794]]}},{"type":"Feature","id":"way/1242656686","properties":{"osmId":1242656686,"attribution":"© OpenStreetMap contributors, ODbL 1.0","highway":"footway"},"geometry":{"type":"LineString","coordinates":[[-6.247162,53.369222],[-6.247263,53.369238],[-6.247383,53.369201],[-6.247355,53.36913],[-6.247359,53.369062],[-6.247379,53.369009],[-6.247422,53.36895],[-6.24753,53.368864],[-6.247666,53.368779],[-6.24776,53.368768],[-6.247782,53.368765],[-6.247841,53.368765],[-6.247963,53.368783],[-6.248099,53.368845],[-6.248219,53.368902],[-6.248316,53.368988],[-6.248328,53.369024],[-6.248335,53.369047],[-6.248316,53.369109],[-6.248233,53.369156],[-6.248048,53.369233],[-6.247961,53.36926],[-6.247931,53.369265],[-6.247884,53.369272],[-6.247768,53.369282],[-6.247684,53.36929],[-6.247589,53.369284],[-6.247505,53.36927],[-6.24744,53.369241],[-6.247383,53.369201]]}},{"type":"Feature","id":"way/1242656687","properties":{"osmId":1242656687,"attribution":"© OpenStreetMap contributors, ODbL 1.0","highway":"footway"},"geometry":{"type":"LineString","coordinates":[[-6.248244,53.369574],[-6.248113,53.369535],[-6.24817,53.369457],[-6.248195,53.369392],[-6.248162,53.369341],[-6.248075,53.369312],[-6.247995,53.369298],[-6.247942,53.369296],[-6.24789,53.369298]]}},{"type":"Feature","id":"way/1242656688","properties":{"osmId":1242656688,"attribution":"© OpenStreetMap contributors, ODbL 1.0","highway":"footway"},"geometry":{"type":"LineString","coordinates":[[-6.247942,53.369296],[-6.247931,53.369265]]}},{"type":"Feature","id":"way/1242656689","properties":{"osmId":1242656689,"attribution":"© OpenStreetMap contributors, ODbL 1.0","highway":"footway"},"geometry":{"type":"LineString","coordinates":[[-6.24872,53.369108],[-6.248621,53.369071],[-6.248528,53.369042],[-6.24844,53.369028],[-6.248328,53.369024]]}},{"type":"Feature","id":"way/1242656690","properties":{"osmId":1242656690,"attribution":"© OpenStreetMap contributors, ODbL 1.0","highway":"footway"},"geometry":{"type":"LineString","coordinates":[[-6.247917,53.368742],[-6.247762,53.368738],[-6.247642,53.368729],[-6.24756,53.368706],[-6.247446,53.368623],[-6.247302,53.368541],[-6.247174,53.368502],[-6.247011,53.368468],[-6.246893,53.368474],[-6.246696,53.368495],[-6.246552,53.368523],[-6.246469,53.368535],[-6.246392,53.36853],[-6.246279,53.368505],[-6.246261,53.368538]]}},{"type":"Feature","id":"way/1242656691","properties":{"osmId":1242656691,"attribution":"© OpenStreetMap contributors, ODbL 1.0","highway":"footway"},"geometry":{"type":"LineString","coordinates":[[-6.24776,53.368768],[-6.247762,53.368738]]}},{"type":"Feature","id":"way/1242656692","properties":{"osmId":1242656692,"attribution":"© OpenStreetMap contributors, ODbL 1.0","highway":"footway"},"geometry":{"type":"LineString","coordinates":[[-6.247294,53.36882],[-6.247327,53.368763]]}},{"type":"Feature","id":"way/1242686216","properties":{"osmId":1242686216,"attribution":"© OpenStreetMap contributors, ODbL 1.0","highway":"footway","foot":"private"},"geometry":{"type":"LineString","coordinates":[[-6.247973,53.369851],[-6.247935,53.369843],[-6.247451,53.369742],[-6.247538,53.369564],[-6.247276,53.369512],[-6.24716,53.36949]]}},{"type":"Feature","id":"way/1242686225","properties":{"osmId":1242686225,"attribution":"© OpenStreetMap contributors, ODbL 1.0","highway":"footway"},"geometry":{"type":"LineString","coordinates":[[-6.247979,53.369853],[-6.247973,53.369851]]}},{"type":"Feature","id":"way/1242686226","properties":{"osmId":1242686226,"attribution":"© OpenStreetMap contributors, ODbL 1.0","highway":"steps"},"geometry":{"type":"LineString","coordinates":[[-6.247276,53.369512],[-6.247273,53.369519]]}},{"type":"Feature","id":"way/1242728880","properties":{"osmId":1242728880,"attribution":"© OpenStreetMap contributors, ODbL 1.0","highway":"service","access":"private"},"geometry":{"type":"LineString","coordinates":[[-6.246325,53.370928],[-6.246334,53.370836],[-6.246475,53.370481],[-6.246484,53.370458],[-6.246533,53.370337],[-6.246094,53.370264]]}},{"type":"Feature","id":"way/1242728881","properties":{"osmId":1242728881,"attribution":"© OpenStreetMap contributors, ODbL 1.0","highway":"service","access":"private"},"geometry":{"type":"LineString","coordinates":[[-6.245097,53.37067],[-6.24508,53.370622],[-6.244955,53.370376],[-6.244905,53.370261]]}},{"type":"Feature","id":"way/1242728882","properties":{"osmId":1242728882,"attribution":"© OpenStreetMap contributors, ODbL 1.0","highway":"service","access":"private"},"geometry":{"type":"LineString","coordinates":[[-6.246475,53.370481],[-6.245919,53.370437],[-6.245895,53.370402],[-6.245199,53.370328],[-6.244955,53.370376]]}},{"type":"Feature","id":"way/1242728883","properties":{"osmId":1242728883,"attribution":"© OpenStreetMap contributors, ODbL 1.0","highway":"service","access":"private"},"geometry":{"type":"LineString","coordinates":[[-6.245199,53.370328],[-6.245204,53.370189],[-6.245669,53.370219]]}},{"type":"Feature","id":"way/1242728884","properties":{"osmId":1242728884,"attribution":"© OpenStreetMap contributors, ODbL 1.0","highway":"service","access":"private"},"geometry":{"type":"LineString","coordinates":[[-6.246687,53.371021],[-6.246807,53.370981],[-6.246961,53.370887],[-6.247074,53.370799]]}},{"type":"Feature","id":"way/1242728885","properties":{"osmId":1242728885,"attribution":"© OpenStreetMap contributors, ODbL 1.0","highway":"service","access":"private"},"geometry":{"type":"LineString","coordinates":[[-6.247354,53.37046],[-6.247462,53.370311],[-6.247481,53.370259]]}},{"type":"Feature","id":"way/1242728886","properties":{"osmId":1242728886,"attribution":"© OpenStreetMap contributors, ODbL 1.0","highway":"service","access":"private"},"geometry":{"type":"LineString","coordinates":[[-6.246484,53.370458],[-6.246706,53.370485],[-6.246748,53.370481],[-6.247094,53.370448]]}},{"type":"Feature","id":"way/1242728887","properties":{"osmId":1242728887,"attribution":"© OpenStreetMap contributors, ODbL 1.0","highway":"service","access":"private"},"geometry":{"type":"LineString","coordinates":[[-6.247696,53.370301],[-6.247624,53.370281],[-6.247571,53.370267],[-6.247525,53.370263],[-6.247481,53.370259],[-6.247323,53.370244],[-6.247016,53.370194]]}},{"type":"Feature","id":"way/1242728888","properties":{"osmId":1242728888,"attribution":"© OpenStreetMap contributors, ODbL 1.0","highway":"service","access":"private"},"geometry":{"type":"LineString","coordinates":[[-6.247525,53.370263],[-6.247653,53.370104],[-6.247695,53.37008],[-6.247743,53.370071],[-6.247935,53.369843]]}},{"type":"Feature","id":"way/1242728889","properties":{"osmId":1242728889,"attribution":"© OpenStreetMap contributors, ODbL 1.0","highway":"footway","foot":"private"},"geometry":{"type":"LineString","coordinates":[[-6.247695,53.37008],[-6.247656,53.370055],[-6.247288,53.36995],[-6.24714,53.369947]]}},{"type":"Feature","id":"way/1242728890","properties":{"osmId":1242728890,"attribution":"© OpenStreetMap contributors, ODbL 1.0","highway":"service","access":"private"},"geometry":{"type":"LineString","coordinates":[[-6.246817,53.370364],[-6.246903,53.370208],[-6.24694,53.370181]]}},{"type":"Feature","id":"way/1242728891","properties":{"osmId":1242728891,"attribution":"© OpenStreetMap contributors, ODbL 1.0","highway":"service","access":"private"},"geometry":{"type":"LineString","coordinates":[[-6.246748,53.370481],[-6.246804,53.370388]]}},{"type":"Feature","id":"way/1242728892","properties":{"osmId":1242728892,"attribution":"© OpenStreetMap contributors, ODbL 1.0","highway":"service","access":"private"},"geometry":{"type":"LineString","coordinates":[[-6.246804,53.370388],[-6.246817,53.370364]]}},{"type":"Feature","id":"way/1242728893","properties":{"osmId":1242728893,"attribution":"© OpenStreetMap contributors, ODbL 1.0","highway":"service"},"geometry":{"type":"LineString","coordinates":[[-6.248546,53.368213],[-6.248781,53.367828]]}},{"type":"Feature","id":"way/1242728894","properties":{"osmId":1242728894,"attribution":"© OpenStreetMap contributors, ODbL 1.0","highway":"footway"},"geometry":{"type":"LineString","coordinates":[[-6.245046,53.371672],[-6.245015,53.371627],[-6.244984,53.371579]]}},{"type":"Feature","id":"way/1242728895","properties":{"osmId":1242728895,"attribution":"© OpenStreetMap contributors, ODbL 1.0","highway":"footway"},"geometry":{"type":"LineString","coordinates":[[-6.250603,53.367553],[-6.250511,53.367508],[-6.250426,53.367469]]}},{"type":"Feature","id":"way/1242728896","properties":{"osmId":1242728896,"attribution":"© OpenStreetMap contributors, ODbL 1.0","highway":"footway"},"geometry":{"type":"LineString","coordinates":[[-6.250821,53.367627],[-6.250859,53.367604],[-6.250904,53.367576]]}},{"type":"Feature","id":"way/1242728897","properties":{"osmId":1242728897,"attribution":"© OpenStreetMap contributors, ODbL 1.0","highway":"footway"},"geometry":{"type":"LineString","coordinates":[[-6.24992,53.368172],[-6.249871,53.368157],[-6.249812,53.368138]]}},{"type":"Feature","id":"way/1242728898","properties":{"osmId":1242728898,"attribution":"© OpenStreetMap contributors, ODbL 1.0","highway":"footway"},"geometry":{"type":"LineString","coordinates":[[-6.249492,53.368593],[-6.249445,53.368572],[-6.249389,53.368548]]}},{"type":"Feature","id":"way/1242728899","properties":{"osmId":1242728899,"attribution":"© OpenStreetMap contributors, ODbL 1.0","highway":"footway"},"geometry":{"type":"LineString","coordinates":[[-6.248818,53.369161],[-6.248765,53.369131],[-6.24872,53.369108]]}},{"type":"Feature","id":"way/1242728908","properties":{"osmId":1242728908,"attribution":"© OpenStreetMap contributors, ODbL 1.0","highway":"footway","foot":"private"},"geometry":{"type":"LineString","coordinates":[[-6.247937,53.368594],[-6.248987,53.368908]]}},{"type":"Feature","id":"way/1242728909","properties":{"osmId":1242728909,"attribution":"© OpenStreetMap contributors, ODbL 1.0","highway":"footway"},"geometry":{"type":"LineString","coordinates":[[-6.248987,53.368908],[-6.248998,53.368911]]}},{"type":"Feature","id":"way/1243299959","properties":{"osmId":1243299959,"attribution":"© OpenStreetMap contributors, ODbL 1.0","highway":"service","access":"private"},"geometry":{"type":"LineString","coordinates":[[-6.267387,53.376843],[-6.267389,53.376869],[-6.267392,53.376904]]}},{"type":"Feature","id":"way/1243368711","properties":{"osmId":1243368711,"attribution":"© OpenStreetMap contributors, ODbL 1.0","highway":"service","access":"private"},"geometry":{"type":"LineString","coordinates":[[-6.248618,53.369111],[-6.248526,53.369074]]}},{"type":"Feature","id":"way/1245562864","properties":{"osmId":1245562864,"attribution":"© OpenStreetMap contributors, ODbL 1.0","highway":"footway","foot":"private","access":"private"},"geometry":{"type":"LineString","coordinates":[[-6.248027,53.379382],[-6.248259,53.379121]]}},{"type":"Feature","id":"way/1245564429","properties":{"osmId":1245564429,"attribution":"© OpenStreetMap contributors, ODbL 1.0","highway":"footway"},"geometry":{"type":"LineString","coordinates":[[-6.247275,53.379542],[-6.247461,53.379602],[-6.247469,53.379593],[-6.247769,53.379244],[-6.247948,53.379034]]}},{"type":"Feature","id":"way/1245564430","properties":{"osmId":1245564430,"attribution":"© OpenStreetMap contributors, ODbL 1.0","highway":"footway"},"geometry":{"type":"LineString","coordinates":[[-6.247769,53.379244],[-6.247512,53.379166]]}},{"type":"Feature","id":"way/1247508073","properties":{"osmId":1247508073,"attribution":"© OpenStreetMap contributors, ODbL 1.0","highway":"secondary","name":"Collins Avenue Extension"},"geometry":{"type":"LineString","coordinates":[[-6.256555,53.386939],[-6.255047,53.38638]]}},{"type":"Feature","id":"way/1247508074","properties":{"osmId":1247508074,"attribution":"© OpenStreetMap contributors, ODbL 1.0","highway":"service"},"geometry":{"type":"LineString","coordinates":[[-6.260384,53.386641],[-6.260276,53.386734],[-6.260165,53.386806],[-6.26007,53.386841],[-6.259982,53.386864],[-6.259828,53.386889],[-6.259568,53.386877],[-6.259364,53.386862],[-6.259058,53.386847],[-6.258972,53.386869],[-6.258912,53.386868]]}},{"type":"Feature","id":"way/1249842591","properties":{"osmId":1249842591,"attribution":"© OpenStreetMap contributors, ODbL 1.0","highway":"service"},"geometry":{"type":"LineString","coordinates":[[-6.257438,53.383417],[-6.257455,53.383422],[-6.257428,53.383448],[-6.257413,53.383442]]}},{"type":"Feature","id":"way/1249842592","properties":{"osmId":1249842592,"attribution":"© OpenStreetMap contributors, ODbL 1.0","highway":"service"},"geometry":{"type":"LineString","coordinates":[[-6.256951,53.383177],[-6.257006,53.383213],[-6.257017,53.383221],[-6.257087,53.383268],[-6.25712,53.38329],[-6.257128,53.383294]]}},{"type":"Feature","id":"way/1249842593","properties":{"osmId":1249842593,"attribution":"© OpenStreetMap contributors, ODbL 1.0","highway":"service"},"geometry":{"type":"LineString","coordinates":[[-6.257094,53.383313],[-6.257083,53.383307],[-6.257053,53.383285],[-6.256969,53.383226],[-6.256919,53.38319]]}},{"type":"Feature","id":"way/1250092776","properties":{"osmId":1250092776,"attribution":"© OpenStreetMap contributors, ODbL 1.0","highway":"cycleway"},"geometry":{"type":"LineString","coordinates":[[-6.26731,53.378947],[-6.267191,53.378979],[-6.267145,53.378976],[-6.267103,53.378972],[-6.26705,53.378968],[-6.266965,53.37896],[-6.266846,53.37894],[-6.266799,53.378934],[-6.266729,53.378926],[-6.26666,53.378921],[-6.266546,53.378899],[-6.265817,53.378791],[-6.265709,53.378771],[-6.265562,53.378743],[-6.265462,53.378727],[-6.265431,53.378721],[-6.265429,53.37872],[-6.265392,53.378715],[-6.265315,53.378703],[-6.265262,53.378692],[-6.26503,53.378602]]}},{"type":"Feature","id":"way/1250092777","properties":{"osmId":1250092777,"attribution":"© OpenStreetMap contributors, ODbL 1.0","highway":"footway"},"geometry":{"type":"LineString","coordinates":[[-6.265328,53.378733],[-6.265379,53.378743]]}},{"type":"Feature","id":"way/1250092778","properties":{"osmId":1250092778,"attribution":"© OpenStreetMap contributors, ODbL 1.0","highway":"footway"},"geometry":{"type":"LineString","coordinates":[[-6.265441,53.378752],[-6.265379,53.378743]]}},{"type":"Feature","id":"way/1250092779","properties":{"osmId":1250092779,"attribution":"© OpenStreetMap contributors, ODbL 1.0","highway":"footway"},"geometry":{"type":"LineString","coordinates":[[-6.265387,53.378726],[-6.265379,53.378743]]}},{"type":"Feature","id":"way/1250092781","properties":{"osmId":1250092781,"attribution":"© OpenStreetMap contributors, ODbL 1.0","highway":"footway"},"geometry":{"type":"LineString","coordinates":[[-6.265519,53.378818],[-6.265494,53.378797]]}},{"type":"Feature","id":"way/1250092782","properties":{"osmId":1250092782,"attribution":"© OpenStreetMap contributors, ODbL 1.0","highway":"footway"},"geometry":{"type":"LineString","coordinates":[[-6.265195,53.378714],[-6.265211,53.378717]]}},{"type":"Feature","id":"way/1250092783","properties":{"osmId":1250092783,"attribution":"© OpenStreetMap contributors, ODbL 1.0","highway":"footway"},"geometry":{"type":"LineString","coordinates":[[-6.265447,53.378593],[-6.265435,53.378619]]}},{"type":"Feature","id":"way/1250092784","properties":{"osmId":1250092784,"attribution":"© OpenStreetMap contributors, ODbL 1.0","highway":"secondary","name":"Griffith Avenue"},"geometry":{"type":"LineString","coordinates":[[-6.265248,53.378636],[-6.26503,53.378602]]}},{"type":"Feature","id":"way/1250092785","properties":{"osmId":1250092785,"attribution":"© OpenStreetMap contributors, ODbL 1.0","highway":"secondary_link","name":"Ballymun Road"},"geometry":{"type":"LineString","coordinates":[[-6.266387,53.378829],[-6.266502,53.37886],[-6.266598,53.378882],[-6.266618,53.378894],[-6.26666,53.378921],[-6.266686,53.378954],[-6.266706,53.378998],[-6.266709,53.379032],[-6.266696,53.379126]]}},{"type":"Feature","id":"way/1250092786","properties":{"osmId":1250092786,"attribution":"© OpenStreetMap contributors, ODbL 1.0","highway":"secondary","name":"Griffith Avenue"},"geometry":{"type":"LineString","coordinates":[[-6.26731,53.378947],[-6.267113,53.378925]]}},{"type":"Feature","id":"way/1250092787","properties":{"osmId":1250092787,"attribution":"© OpenStreetMap contributors, ODbL 1.0","highway":"footway"},"geometry":{"type":"LineString","coordinates":[[-6.267098,53.379001],[-6.267101,53.378985]]}},{"type":"Feature","id":"way/1250092788","properties":{"osmId":1250092788,"attribution":"© OpenStreetMap contributors, ODbL 1.0","highway":"footway"},"geometry":{"type":"LineString","coordinates":[[-6.267126,53.37884],[-6.267125,53.378866]]}},{"type":"Feature","id":"way/1250092789","properties":{"osmId":1250092789,"attribution":"© OpenStreetMap contributors, ODbL 1.0","highway":"cycleway"},"geometry":{"type":"LineString","coordinates":[[-6.266555,53.378839],[-6.266632,53.378819],[-6.266678,53.378824],[-6.266719,53.378827],[-6.266721,53.378827],[-6.266914,53.378833],[-6.26701,53.378832],[-6.267061,53.378842],[-6.267096,53.378864],[-6.267123,53.378876],[-6.26717,53.378887],[-6.267759,53.378951],[-6.269542,53.379101],[-6.269601,53.379139]]}},{"type":"Feature","id":"way/1250092790","properties":{"osmId":1250092790,"attribution":"© OpenStreetMap contributors, ODbL 1.0","highway":"secondary","name":"Griffith Avenue"},"geometry":{"type":"LineString","coordinates":[[-6.266387,53.378829],[-6.266555,53.378839]]}},{"type":"Feature","id":"way/1253154944","properties":{"osmId":1253154944,"attribution":"© OpenStreetMap contributors, ODbL 1.0","highway":"footway"},"geometry":{"type":"LineString","coordinates":[[-6.265398,53.3787],[-6.265395,53.378709],[-6.265392,53.378715]]}},{"type":"Feature","id":"way/1253154945","properties":{"osmId":1253154945,"attribution":"© OpenStreetMap contributors, ODbL 1.0","highway":"footway"},"geometry":{"type":"LineString","coordinates":[[-6.265392,53.378715],[-6.265387,53.378726]]}},{"type":"Feature","id":"way/1253154946","properties":{"osmId":1253154946,"attribution":"© OpenStreetMap contributors, ODbL 1.0","highway":"cycleway"},"geometry":{"type":"LineString","coordinates":[[-6.265414,53.378662],[-6.265454,53.378647],[-6.265468,53.378641],[-6.265647,53.378666],[-6.265679,53.378708]]}},{"type":"Feature","id":"way/1253154947","properties":{"osmId":1253154947,"attribution":"© OpenStreetMap contributors, ODbL 1.0","highway":"secondary","name":"Griffith Avenue"},"geometry":{"type":"LineString","coordinates":[[-6.265679,53.378708],[-6.265731,53.378718],[-6.265818,53.378741]]}},{"type":"Feature","id":"way/1253154948","properties":{"osmId":1253154948,"attribution":"© OpenStreetMap contributors, ODbL 1.0","highway":"secondary","name":"Griffith Avenue"},"geometry":{"type":"LineString","coordinates":[[-6.265248,53.378636],[-6.265341,53.37865]]}},{"type":"Feature","id":"way/1253154949","properties":{"osmId":1253154949,"attribution":"© OpenStreetMap contributors, ODbL 1.0","highway":"secondary","name":"Griffith Avenue"},"geometry":{"type":"LineString","coordinates":[[-6.265341,53.37865],[-6.265414,53.378662]]}},{"type":"Feature","id":"way/1255220193","properties":{"osmId":1255220193,"attribution":"© OpenStreetMap contributors, ODbL 1.0","highway":"residential","name":"Daneswell Place"},"geometry":{"type":"LineString","coordinates":[[-6.267464,53.366666],[-6.267436,53.366864],[-6.267448,53.36692],[-6.267453,53.366946],[-6.267408,53.367283],[-6.267387,53.367308],[-6.267349,53.367319],[-6.267271,53.367313]]}},{"type":"Feature","id":"way/1255220195","properties":{"osmId":1255220195,"attribution":"© OpenStreetMap contributors, ODbL 1.0","highway":"residential","name":"Daneswell Place"},"geometry":{"type":"LineString","coordinates":[[-6.267448,53.36692],[-6.26756,53.366918],[-6.267764,53.366929],[-6.267776,53.36693]]}},{"type":"Feature","id":"way/1257520380","properties":{"osmId":1257520380,"attribution":"© OpenStreetMap contributors, ODbL 1.0","highway":"service"},"geometry":{"type":"LineString","coordinates":[[-6.266819,53.379573],[-6.266932,53.379548],[-6.267372,53.379591]]}},{"type":"Feature","id":"way/1262605888","properties":{"osmId":1262605888,"attribution":"© OpenStreetMap contributors, ODbL 1.0","highway":"service"},"geometry":{"type":"LineString","coordinates":[[-6.246715,53.384532],[-6.246988,53.384849],[-6.246942,53.385083],[-6.247525,53.385114]]}},{"type":"Feature","id":"way/1263796167","properties":{"osmId":1263796167,"attribution":"© OpenStreetMap contributors, ODbL 1.0","highway":"service"},"geometry":{"type":"LineString","coordinates":[[-6.267548,53.375144],[-6.267526,53.375296],[-6.267521,53.375403],[-6.267457,53.37544],[-6.26734,53.375427],[-6.267224,53.37534],[-6.267168,53.375293]]}},{"type":"Feature","id":"way/1264543402","properties":{"osmId":1264543402,"attribution":"© OpenStreetMap contributors, ODbL 1.0","highway":"service"},"geometry":{"type":"LineString","coordinates":[[-6.258883,53.368278],[-6.258933,53.368154],[-6.258757,53.368113]]}},{"type":"Feature","id":"way/1267728981","properties":{"osmId":1267728981,"attribution":"© OpenStreetMap contributors, ODbL 1.0","highway":"service"},"geometry":{"type":"LineString","coordinates":[[-6.244791,53.376924],[-6.244894,53.37691],[-6.244997,53.376896]]}},{"type":"Feature","id":"way/1267812612","properties":{"osmId":1267812612,"attribution":"© OpenStreetMap contributors, ODbL 1.0","highway":"secondary","name":"Collins Avenue West"},"geometry":{"type":"LineString","coordinates":[[-6.245112,53.382686],[-6.24477,53.382562],[-6.244755,53.382557],[-6.244722,53.382545],[-6.244713,53.382541],[-6.244459,53.382444]]}},{"type":"Feature","id":"way/1267812613","properties":{"osmId":1267812613,"attribution":"© OpenStreetMap contributors, ODbL 1.0","highway":"secondary","name":"Collins Avenue West"},"geometry":{"type":"LineString","coordinates":[[-6.245275,53.382753],[-6.245112,53.382686]]}},{"type":"Feature","id":"way/1267812614","properties":{"osmId":1267812614,"attribution":"© OpenStreetMap contributors, ODbL 1.0","highway":"service","name":"Swords Road","access":"no"},"geometry":{"type":"LineString","coordinates":[[-6.243376,53.38418],[-6.243515,53.383855],[-6.243693,53.383504],[-6.243946,53.383062],[-6.244128,53.382996]]}},{"type":"Feature","id":"way/1270901684","properties":{"osmId":1270901684,"attribution":"© OpenStreetMap contributors, ODbL 1.0","highway":"footway"},"geometry":{"type":"LineString","coordinates":[[-6.267764,53.366929],[-6.26779,53.366995],[-6.267958,53.367028],[-6.268272,53.36708],[-6.268418,53.367095],[-6.268605,53.367099],[-6.269159,53.367205],[-6.269369,53.367237],[-6.269597,53.367296],[-6.269711,53.367316],[-6.269808,53.367348],[-6.269831,53.367319]]}},{"type":"Feature","id":"way/1270901691","properties":{"osmId":1270901691,"attribution":"© OpenStreetMap contributors, ODbL 1.0","highway":"footway"},"geometry":{"type":"LineString","coordinates":[[-6.256612,53.370426],[-6.256813,53.370437],[-6.257037,53.370567]]}},{"type":"Feature","id":"way/1270901692","properties":{"osmId":1270901692,"attribution":"© OpenStreetMap contributors, ODbL 1.0","highway":"service"},"geometry":{"type":"LineString","coordinates":[[-6.261243,53.370366],[-6.261267,53.370422],[-6.261279,53.370488],[-6.26139,53.370544]]}},{"type":"Feature","id":"way/1270901693","properties":{"osmId":1270901693,"attribution":"© OpenStreetMap contributors, ODbL 1.0","highway":"steps"},"geometry":{"type":"LineString","coordinates":[[-6.263872,53.370841],[-6.263818,53.370794]]}},{"type":"Feature","id":"way/1270901694","properties":{"osmId":1270901694,"attribution":"© OpenStreetMap contributors, ODbL 1.0","highway":"steps"},"geometry":{"type":"LineString","coordinates":[[-6.263608,53.371036],[-6.263535,53.370975]]}},{"type":"Feature","id":"way/1270901699","properties":{"osmId":1270901699,"attribution":"© OpenStreetMap contributors, ODbL 1.0","highway":"footway"},"geometry":{"type":"LineString","coordinates":[[-6.262003,53.374208],[-6.262024,53.374268]]}},{"type":"Feature","id":"way/1270901701","properties":{"osmId":1270901701,"attribution":"© OpenStreetMap contributors, ODbL 1.0","highway":"service"},"geometry":{"type":"LineString","coordinates":[[-6.266451,53.373033],[-6.266422,53.373058],[-6.266284,53.373174],[-6.266196,53.373245]]}},{"type":"Feature","id":"way/1270901702","properties":{"osmId":1270901702,"attribution":"© OpenStreetMap contributors, ODbL 1.0","highway":"service"},"geometry":{"type":"LineString","coordinates":[[-6.267719,53.373389],[-6.267696,53.373411],[-6.26744,53.373649]]}},{"type":"Feature","id":"way/1270901703","properties":{"osmId":1270901703,"attribution":"© OpenStreetMap contributors, ODbL 1.0","highway":"service"},"geometry":{"type":"LineString","coordinates":[[-6.267807,53.373401],[-6.267784,53.373425],[-6.267554,53.373669]]}},{"type":"Feature","id":"way/1270901704","properties":{"osmId":1270901704,"attribution":"© OpenStreetMap contributors, ODbL 1.0","highway":"service"},"geometry":{"type":"LineString","coordinates":[[-6.26803,53.373429],[-6.267998,53.373461],[-6.267707,53.373751]]}},{"type":"Feature","id":"way/1270901705","properties":{"osmId":1270901705,"attribution":"© OpenStreetMap contributors, ODbL 1.0","highway":"service"},"geometry":{"type":"LineString","coordinates":[[-6.268224,53.373449],[-6.268199,53.373489],[-6.268093,53.373663],[-6.267985,53.373789]]}},{"type":"Feature","id":"way/1270901706","properties":{"osmId":1270901706,"attribution":"© OpenStreetMap contributors, ODbL 1.0","highway":"service"},"geometry":{"type":"LineString","coordinates":[[-6.267509,53.37335],[-6.267482,53.373376],[-6.267277,53.373576]]}},{"type":"Feature","id":"way/1270901707","properties":{"osmId":1270901707,"attribution":"© OpenStreetMap contributors, ODbL 1.0","highway":"service"},"geometry":{"type":"LineString","coordinates":[[-6.26743,53.373334],[-6.267402,53.37336],[-6.267205,53.37355]]}},{"type":"Feature","id":"way/1270901708","properties":{"osmId":1270901708,"attribution":"© OpenStreetMap contributors, ODbL 1.0","highway":"service"},"geometry":{"type":"LineString","coordinates":[[-6.267092,53.373249],[-6.267082,53.373272],[-6.266998,53.373466]]}},{"type":"Feature","id":"way/1270901709","properties":{"osmId":1270901709,"attribution":"© OpenStreetMap contributors, ODbL 1.0","highway":"service"},"geometry":{"type":"LineString","coordinates":[[-6.267012,53.373228],[-6.266985,53.373246],[-6.266826,53.373359],[-6.266894,53.373414]]}},{"type":"Feature","id":"way/1270901710","properties":{"osmId":1270901710,"attribution":"© OpenStreetMap contributors, ODbL 1.0","highway":"service"},"geometry":{"type":"LineString","coordinates":[[-6.266954,53.373212],[-6.266928,53.37323],[-6.26678,53.373331],[-6.266724,53.373311]]}},{"type":"Feature","id":"way/1270901711","properties":{"osmId":1270901711,"attribution":"© OpenStreetMap contributors, ODbL 1.0","highway":"service"},"geometry":{"type":"LineString","coordinates":[[-6.266693,53.373134],[-6.266666,53.373158],[-6.266578,53.373236],[-6.266542,53.37326]]}},{"type":"Feature","id":"way/1272730636","properties":{"osmId":1272730636,"attribution":"© OpenStreetMap contributors, ODbL 1.0","highway":"steps"},"geometry":{"type":"LineString","coordinates":[[-6.253145,53.371959],[-6.253225,53.371994],[-6.25333,53.372006],[-6.253435,53.372019]]}},{"type":"Feature","id":"way/1273170358","properties":{"osmId":1273170358,"attribution":"© OpenStreetMap contributors, ODbL 1.0","highway":"footway"},"geometry":{"type":"LineString","coordinates":[[-6.263872,53.370841],[-6.263918,53.370864],[-6.263961,53.370883]]}},{"type":"Feature","id":"way/1273170359","properties":{"osmId":1273170359,"attribution":"© OpenStreetMap contributors, ODbL 1.0","highway":"service"},"geometry":{"type":"LineString","coordinates":[[-6.265262,53.371112],[-6.265294,53.371073],[-6.265337,53.37102],[-6.265399,53.37094]]}},{"type":"Feature","id":"way/1273170360","properties":{"osmId":1273170360,"attribution":"© OpenStreetMap contributors, ODbL 1.0","highway":"service"},"geometry":{"type":"LineString","coordinates":[[-6.264932,53.370942],[-6.264981,53.37091],[-6.265005,53.370895],[-6.265077,53.370878]]}},{"type":"Feature","id":"way/1273170361","properties":{"osmId":1273170361,"attribution":"© OpenStreetMap contributors, ODbL 1.0","highway":"service"},"geometry":{"type":"LineString","coordinates":[[-6.26491,53.370931],[-6.264943,53.370891],[-6.264971,53.370856],[-6.26496,53.370835]]}},{"type":"Feature","id":"way/1273170362","properties":{"osmId":1273170362,"attribution":"© OpenStreetMap contributors, ODbL 1.0","highway":"service"},"geometry":{"type":"LineString","coordinates":[[-6.264619,53.370787],[-6.264663,53.370756],[-6.26471,53.370725],[-6.264753,53.37073]]}},{"type":"Feature","id":"way/1273170363","properties":{"osmId":1273170363,"attribution":"© OpenStreetMap contributors, ODbL 1.0","highway":"footway","access":"private"},"geometry":{"type":"LineString","coordinates":[[-6.264791,53.370818],[-6.264812,53.370805],[-6.264809,53.370742]]}},{"type":"Feature","id":"way/1273170364","properties":{"osmId":1273170364,"attribution":"© OpenStreetMap contributors, ODbL 1.0","highway":"footway","access":"private"},"geometry":{"type":"LineString","coordinates":[[-6.264812,53.370805],[-6.26492,53.370793]]}},{"type":"Feature","id":"way/1273170365","properties":{"osmId":1273170365,"attribution":"© OpenStreetMap contributors, ODbL 1.0","highway":"service"},"geometry":{"type":"LineString","coordinates":[[-6.264319,53.370615],[-6.264369,53.370592],[-6.264417,53.370571],[-6.264497,53.370606]]}},{"type":"Feature","id":"way/1273170366","properties":{"osmId":1273170366,"attribution":"© OpenStreetMap contributors, ODbL 1.0","highway":"service"},"geometry":{"type":"LineString","coordinates":[[-6.26457,53.370761],[-6.264613,53.370732],[-6.264676,53.37069]]}},{"type":"Feature","id":"way/1273170367","properties":{"osmId":1273170367,"attribution":"© OpenStreetMap contributors, ODbL 1.0","highway":"footway","access":"private"},"geometry":{"type":"LineString","coordinates":[[-6.264495,53.370667],[-6.264515,53.370649],[-6.264609,53.370642]]}},{"type":"Feature","id":"way/1273170368","properties":{"osmId":1273170368,"attribution":"© OpenStreetMap contributors, ODbL 1.0","highway":"footway","access":"private"},"geometry":{"type":"LineString","coordinates":[[-6.264515,53.370649],[-6.264497,53.370606],[-6.264509,53.37059]]}},{"type":"Feature","id":"way/1273170369","properties":{"osmId":1273170369,"attribution":"© OpenStreetMap contributors, ODbL 1.0","highway":"service"},"geometry":{"type":"LineString","coordinates":[[-6.264281,53.370587],[-6.264311,53.370556],[-6.264352,53.370516]]}},{"type":"Feature","id":"way/1273170370","properties":{"osmId":1273170370,"attribution":"© OpenStreetMap contributors, ODbL 1.0","highway":"service"},"geometry":{"type":"LineString","coordinates":[[-6.264029,53.3704],[-6.264087,53.370384],[-6.264163,53.370363]]}},{"type":"Feature","id":"way/1273170371","properties":{"osmId":1273170371,"attribution":"© OpenStreetMap contributors, ODbL 1.0","highway":"footway","access":"private"},"geometry":{"type":"LineString","coordinates":[[-6.264198,53.370469],[-6.264244,53.370458],[-6.264321,53.370477]]}},{"type":"Feature","id":"way/1273170372","properties":{"osmId":1273170372,"attribution":"© OpenStreetMap contributors, ODbL 1.0","highway":"footway","access":"private"},"geometry":{"type":"LineString","coordinates":[[-6.264244,53.370458],[-6.264239,53.37041]]}},{"type":"Feature","id":"way/1273199888","properties":{"osmId":1273199888,"attribution":"© OpenStreetMap contributors, ODbL 1.0","highway":"footway","access":"private"},"geometry":{"type":"LineString","coordinates":[[-6.26394,53.370267],[-6.264022,53.370225],[-6.2641,53.370259]]}},{"type":"Feature","id":"way/1273199889","properties":{"osmId":1273199889,"attribution":"© OpenStreetMap contributors, ODbL 1.0","highway":"footway","access":"private"},"geometry":{"type":"LineString","coordinates":[[-6.264022,53.370225],[-6.264071,53.370171]]}},{"type":"Feature","id":"way/1273199893","properties":{"osmId":1273199893,"attribution":"© OpenStreetMap contributors, ODbL 1.0","highway":"footway"},"geometry":{"type":"LineString","coordinates":[[-6.263535,53.370975],[-6.263446,53.370929],[-6.263362,53.370863],[-6.263304,53.37082]]}},{"type":"Feature","id":"way/1273394299","properties":{"osmId":1273394299,"attribution":"© OpenStreetMap contributors, ODbL 1.0","highway":"residential","name":"Glencarrig Court"},"geometry":{"type":"LineString","coordinates":[[-6.249416,53.366748],[-6.249386,53.366765],[-6.249332,53.366802],[-6.249241,53.366745],[-6.249125,53.366676],[-6.249048,53.366721]]}},{"type":"Feature","id":"way/1273787120","properties":{"osmId":1273787120,"attribution":"© OpenStreetMap contributors, ODbL 1.0","highway":"footway"},"geometry":{"type":"LineString","coordinates":[[-6.244106,53.372123],[-6.24407,53.372144],[-6.243962,53.37232],[-6.243828,53.372599],[-6.243731,53.372851],[-6.243448,53.373468],[-6.243308,53.373809],[-6.245372,53.37436]]}},{"type":"Feature","id":"way/1273787121","properties":{"osmId":1273787121,"attribution":"© OpenStreetMap contributors, ODbL 1.0","highway":"footway"},"geometry":{"type":"LineString","coordinates":[[-6.244217,53.372053],[-6.244162,53.372088],[-6.244106,53.372123]]}},{"type":"Feature","id":"way/1273787122","properties":{"osmId":1273787122,"attribution":"© OpenStreetMap contributors, ODbL 1.0","highway":"cycleway","foot":"designated"},"geometry":{"type":"LineString","coordinates":[[-6.24504,53.373372],[-6.245163,53.373336],[-6.245276,53.373272],[-6.245346,53.3733]]}},{"type":"Feature","id":"way/1273787123","properties":{"osmId":1273787123,"attribution":"© OpenStreetMap contributors, ODbL 1.0","highway":"cycleway","foot":"designated"},"geometry":{"type":"LineString","coordinates":[[-6.245276,53.373272],[-6.245332,53.373233],[-6.245368,53.373189],[-6.245399,53.37313],[-6.245415,53.373074],[-6.24541,53.373007],[-6.245406,53.372957],[-6.245392,53.372712],[-6.24546,53.372706],[-6.245526,53.3727]]}},{"type":"Feature","id":"way/1273787124","properties":{"osmId":1273787124,"attribution":"© OpenStreetMap contributors, ODbL 1.0","highway":"cycleway","foot":"designated"},"geometry":{"type":"LineString","coordinates":[[-6.245225,53.372503],[-6.245257,53.372474],[-6.245265,53.37245],[-6.24526,53.372422],[-6.245243,53.372395],[-6.245211,53.372372],[-6.245159,53.372346],[-6.245077,53.372335],[-6.245031,53.372333],[-6.245036,53.372286]]}},{"type":"Feature","id":"way/1273787125","properties":{"osmId":1273787125,"attribution":"© OpenStreetMap contributors, ODbL 1.0","highway":"cycleway","foot":"designated"},"geometry":{"type":"LineString","coordinates":[[-6.245031,53.372333],[-6.24482,53.372329],[-6.244675,53.372312],[-6.244513,53.372284],[-6.244372,53.37225],[-6.244272,53.372211],[-6.24418,53.372163],[-6.244136,53.372143],[-6.244194,53.372103]]}},{"type":"Feature","id":"way/1273787126","properties":{"osmId":1273787126,"attribution":"© OpenStreetMap contributors, ODbL 1.0","highway":"cycleway","foot":"designated"},"geometry":{"type":"LineString","coordinates":[[-6.245392,53.372712],[-6.245371,53.372681],[-6.245334,53.372636],[-6.245231,53.372568]]}},{"type":"Feature","id":"way/1273787127","properties":{"osmId":1273787127,"attribution":"© OpenStreetMap contributors, ODbL 1.0","highway":"cycleway","foot":"designated"},"geometry":{"type":"LineString","coordinates":[[-6.245231,53.372568],[-6.245228,53.372541],[-6.245225,53.372503]]}},{"type":"Feature","id":"way/1273787128","properties":{"osmId":1273787128,"attribution":"© OpenStreetMap contributors, ODbL 1.0","highway":"footway"},"geometry":{"type":"LineString","coordinates":[[-6.244854,53.374014],[-6.245106,53.373557],[-6.245119,53.373514],[-6.245115,53.373474],[-6.245275,53.373417],[-6.245343,53.373383],[-6.245358,53.373373],[-6.245358,53.373357],[-6.245368,53.373341],[-6.245382,53.373325],[-6.24541,53.37331],[-6.245443,53.373299]]}},{"type":"Feature","id":"way/1273787129","properties":{"osmId":1273787129,"attribution":"© OpenStreetMap contributors, ODbL 1.0","highway":"footway"},"geometry":{"type":"LineString","coordinates":[[-6.245512,53.373218],[-6.245516,53.373195],[-6.245531,53.373165],[-6.245549,53.373117],[-6.245552,53.373104],[-6.245593,53.37309],[-6.245592,53.373033],[-6.245554,53.373017],[-6.245539,53.37288],[-6.245528,53.372862],[-6.245523,53.372816],[-6.245535,53.372789],[-6.245532,53.372745],[-6.245526,53.3727],[-6.245533,53.372679]]}},{"type":"Feature","id":"way/1273787130","properties":{"osmId":1273787130,"attribution":"© OpenStreetMap contributors, ODbL 1.0","highway":"footway"},"geometry":{"type":"LineString","coordinates":[[-6.245443,53.373299],[-6.245462,53.373261],[-6.245512,53.373218]]}},{"type":"Feature","id":"way/1273787131","properties":{"osmId":1273787131,"attribution":"© OpenStreetMap contributors, ODbL 1.0","highway":"footway"},"geometry":{"type":"LineString","coordinates":[[-6.246618,53.372184],[-6.246505,53.372157],[-6.246389,53.372156],[-6.246195,53.372171],[-6.245504,53.372216],[-6.245368,53.372241],[-6.245262,53.372276],[-6.245165,53.372258],[-6.245089,53.372251],[-6.244963,53.372252],[-6.244775,53.37224],[-6.244643,53.37222],[-6.244423,53.372165],[-6.244314,53.372116],[-6.244217,53.372053]]}},{"type":"Feature","id":"way/1276588796","properties":{"osmId":1276588796,"attribution":"© OpenStreetMap contributors, ODbL 1.0","highway":"service"},"geometry":{"type":"LineString","coordinates":[[-6.265415,53.371197],[-6.265464,53.371165],[-6.265531,53.371122]]}},{"type":"Feature","id":"way/1276588798","properties":{"osmId":1276588798,"attribution":"© OpenStreetMap contributors, ODbL 1.0","highway":"service"},"geometry":{"type":"LineString","coordinates":[[-6.265249,53.37032],[-6.265366,53.37045]]}},{"type":"Feature","id":"way/1285963844","properties":{"osmId":1285963844,"attribution":"© OpenStreetMap contributors, ODbL 1.0","highway":"footway"},"geometry":{"type":"LineString","coordinates":[[-6.267804,53.373362],[-6.267186,53.373143],[-6.266899,53.37304],[-6.266711,53.37296],[-6.266563,53.372914],[-6.266403,53.372872]]}},{"type":"Feature","id":"way/1289344947","properties":{"osmId":1289344947,"attribution":"© OpenStreetMap contributors, ODbL 1.0","highway":"service"},"geometry":{"type":"LineString","coordinates":[[-6.245433,53.379359],[-6.245475,53.379435],[-6.245603,53.379477],[-6.245711,53.379512]]}},{"type":"Feature","id":"way/1289344948","properties":{"osmId":1289344948,"attribution":"© OpenStreetMap contributors, ODbL 1.0","highway":"service"},"geometry":{"type":"LineString","coordinates":[[-6.245324,53.377647],[-6.245319,53.377701],[-6.245238,53.377797]]}},{"type":"Feature","id":"way/1289624173","properties":{"osmId":1289624173,"attribution":"© OpenStreetMap contributors, ODbL 1.0","highway":"footway"},"geometry":{"type":"LineString","coordinates":[[-6.267087,53.378804],[-6.267051,53.378802]]}},{"type":"Feature","id":"way/1289624174","properties":{"osmId":1289624174,"attribution":"© OpenStreetMap contributors, ODbL 1.0","highway":"footway"},"geometry":{"type":"LineString","coordinates":[[-6.266615,53.378952],[-6.26666,53.378921],[-6.266697,53.3789]]}},{"type":"Feature","id":"way/1289624175","properties":{"osmId":1289624175,"attribution":"© OpenStreetMap contributors, ODbL 1.0","highway":"footway"},"geometry":{"type":"LineString","coordinates":[[-6.266884,53.379047],[-6.26677,53.379037],[-6.266709,53.379032],[-6.266659,53.379027]]}},{"type":"Feature","id":"way/1293323424","properties":{"osmId":1293323424,"attribution":"© OpenStreetMap contributors, ODbL 1.0","highway":"tertiary","name":"Home Farm Road"},"geometry":{"type":"LineString","coordinates":[[-6.261189,53.37539],[-6.260935,53.375335],[-6.260226,53.375179],[-6.2601,53.375153]]}},{"type":"Feature","id":"way/1293328955","properties":{"osmId":1293328955,"attribution":"© OpenStreetMap contributors, ODbL 1.0","highway":"residential","name":"Larkhill Road"},"geometry":{"type":"LineString","coordinates":[[-6.24874,53.387373],[-6.247946,53.387755],[-6.247762,53.387829],[-6.24766,53.387862],[-6.247353,53.387887],[-6.247041,53.387896],[-6.246706,53.387844],[-6.246447,53.387776],[-6.246332,53.387726],[-6.245595,53.38718]]}},{"type":"Feature","id":"way/1293328956","properties":{"osmId":1293328956,"attribution":"© OpenStreetMap contributors, ODbL 1.0","highway":"residential","name":"Larkhill Road"},"geometry":{"type":"LineString","coordinates":[[-6.244512,53.387567],[-6.244491,53.387574],[-6.244469,53.38759],[-6.244439,53.387611],[-6.244415,53.387628]]}},{"type":"Feature","id":"way/1293328957","properties":{"osmId":1293328957,"attribution":"© OpenStreetMap contributors, ODbL 1.0","highway":"residential","name":"Larkhill Road"},"geometry":{"type":"LineString","coordinates":[[-6.249449,53.386691],[-6.24938,53.386876],[-6.249248,53.387071],[-6.249145,53.387162],[-6.248907,53.387286],[-6.24874,53.387373]]}},{"type":"Feature","id":"way/1293328958","properties":{"osmId":1293328958,"attribution":"© OpenStreetMap contributors, ODbL 1.0","highway":"residential","name":"Crestfield Road"},"geometry":{"type":"LineString","coordinates":[[-6.250599,53.387066],[-6.251151,53.386554]]}},{"type":"Feature","id":"way/1304448268","properties":{"osmId":1304448268,"attribution":"© OpenStreetMap contributors, ODbL 1.0","highway":"service"},"geometry":{"type":"LineString","coordinates":[[-6.254516,53.369505],[-6.25441,53.369432],[-6.25469,53.368992],[-6.254854,53.368978]]}},{"type":"Feature","id":"way/1311054740","properties":{"osmId":1311054740,"attribution":"© OpenStreetMap contributors, ODbL 1.0","highway":"footway"},"geometry":{"type":"LineString","coordinates":[[-6.260084,53.385827],[-6.260125,53.38583],[-6.260156,53.385832]]}},{"type":"Feature","id":"way/1311501458","properties":{"osmId":1311501458,"attribution":"© OpenStreetMap contributors, ODbL 1.0","highway":"footway"},"geometry":{"type":"LineString","coordinates":[[-6.255487,53.384933],[-6.255446,53.384974]]}},{"type":"Feature","id":"way/1311501459","properties":{"osmId":1311501459,"attribution":"© OpenStreetMap contributors, ODbL 1.0","highway":"footway"},"geometry":{"type":"LineString","coordinates":[[-6.255505,53.384914],[-6.255487,53.384933]]}},{"type":"Feature","id":"way/1311504955","properties":{"osmId":1311504955,"attribution":"© OpenStreetMap contributors, ODbL 1.0","highway":"footway"},"geometry":{"type":"LineString","coordinates":[[-6.256643,53.385477],[-6.2566,53.385461]]}},{"type":"Feature","id":"way/1311504956","properties":{"osmId":1311504956,"attribution":"© OpenStreetMap contributors, ODbL 1.0","highway":"footway"},"geometry":{"type":"LineString","coordinates":[[-6.256858,53.385558],[-6.256643,53.385477]]}},{"type":"Feature","id":"way/1311504957","properties":{"osmId":1311504957,"attribution":"© OpenStreetMap contributors, ODbL 1.0","highway":"footway"},"geometry":{"type":"LineString","coordinates":[[-6.256007,53.38524],[-6.255511,53.385054]]}},{"type":"Feature","id":"way/1311504958","properties":{"osmId":1311504958,"attribution":"© OpenStreetMap contributors, ODbL 1.0","highway":"footway"},"geometry":{"type":"LineString","coordinates":[[-6.25606,53.385259],[-6.256007,53.38524]]}},{"type":"Feature","id":"way/1311732074","properties":{"osmId":1311732074,"attribution":"© OpenStreetMap contributors, ODbL 1.0","highway":"footway"},"geometry":{"type":"LineString","coordinates":[[-6.257688,53.385852],[-6.257661,53.386061],[-6.257664,53.386079]]}},{"type":"Feature","id":"way/1311732075","properties":{"osmId":1311732075,"attribution":"© OpenStreetMap contributors, ODbL 1.0","highway":"footway"},"geometry":{"type":"LineString","coordinates":[[-6.257639,53.385835],[-6.257229,53.385895],[-6.257183,53.385902]]}},{"type":"Feature","id":"way/1311732077","properties":{"osmId":1311732077,"attribution":"© OpenStreetMap contributors, ODbL 1.0","highway":"service"},"geometry":{"type":"LineString","coordinates":[[-6.253808,53.383969],[-6.253596,53.383881]]}},{"type":"Feature","id":"way/1315406012","properties":{"osmId":1315406012,"attribution":"© OpenStreetMap contributors, ODbL 1.0","highway":"footway"},"geometry":{"type":"LineString","coordinates":[[-6.253009,53.37176],[-6.253027,53.371764]]}},{"type":"Feature","id":"way/1315406013","properties":{"osmId":1315406013,"attribution":"© OpenStreetMap contributors, ODbL 1.0","highway":"footway"},"geometry":{"type":"LineString","coordinates":[[-6.253255,53.371814],[-6.253274,53.371817]]}},{"type":"Feature","id":"way/1315406014","properties":{"osmId":1315406014,"attribution":"© OpenStreetMap contributors, ODbL 1.0","highway":"footway"},"geometry":{"type":"LineString","coordinates":[[-6.253301,53.371782],[-6.253325,53.371788]]}},{"type":"Feature","id":"way/1315406015","properties":{"osmId":1315406015,"attribution":"© OpenStreetMap contributors, ODbL 1.0","highway":"footway"},"geometry":{"type":"LineString","coordinates":[[-6.252087,53.373545],[-6.252117,53.373551]]}},{"type":"Feature","id":"way/1315406016","properties":{"osmId":1315406016,"attribution":"© OpenStreetMap contributors, ODbL 1.0","highway":"secondary","name":"Drumcondra Road Upper"},"geometry":{"type":"LineString","coordinates":[[-6.250353,53.375817],[-6.250336,53.375836],[-6.250248,53.37593],[-6.250213,53.375965]]}},{"type":"Feature","id":"way/1315406017","properties":{"osmId":1315406017,"attribution":"© OpenStreetMap contributors, ODbL 1.0","highway":"secondary","name":"Drumcondra Road Upper"},"geometry":{"type":"LineString","coordinates":[[-6.249856,53.376291],[-6.249845,53.3763],[-6.24976,53.376367]]}},{"type":"Feature","id":"way/1315406018","properties":{"osmId":1315406018,"attribution":"© OpenStreetMap contributors, ODbL 1.0","highway":"footway"},"geometry":{"type":"LineString","coordinates":[[-6.247079,53.379117],[-6.247057,53.37911],[-6.247033,53.379101]]}},{"type":"Feature","id":"way/1315406019","properties":{"osmId":1315406019,"attribution":"© OpenStreetMap contributors, ODbL 1.0","highway":"footway"},"geometry":{"type":"LineString","coordinates":[[-6.246873,53.379052],[-6.246855,53.379046]]}},{"type":"Feature","id":"way/1316170357","properties":{"osmId":1316170357,"attribution":"© OpenStreetMap contributors, ODbL 1.0","highway":"residential","name":"Crawford Avenue"},"geometry":{"type":"LineString","coordinates":[[-6.261967,53.367917],[-6.261984,53.367879],[-6.261993,53.367853],[-6.262247,53.367255]]}},{"type":"Feature","id":"way/1316170358","properties":{"osmId":1316170358,"attribution":"© OpenStreetMap contributors, ODbL 1.0","highway":"residential","name":"Iona Crescent"},"geometry":{"type":"LineString","coordinates":[[-6.263891,53.367593],[-6.263654,53.36769],[-6.263526,53.367746],[-6.263419,53.367809],[-6.263342,53.36791],[-6.263229,53.368094],[-6.263195,53.36811]]}},{"type":"Feature","id":"way/1316170359","properties":{"osmId":1316170359,"attribution":"© OpenStreetMap contributors, ODbL 1.0","highway":"residential","name":"Mannix Road"},"geometry":{"type":"LineString","coordinates":[[-6.262781,53.368941],[-6.263018,53.369021],[-6.263122,53.369056]]}},{"type":"Feature","id":"way/1316170997","properties":{"osmId":1316170997,"attribution":"© OpenStreetMap contributors, ODbL 1.0","highway":"residential","name":"Walsh Road"},"geometry":{"type":"LineString","coordinates":[[-6.260493,53.370537],[-6.260176,53.370505],[-6.260022,53.370494],[-6.259921,53.370481]]}},{"type":"Feature","id":"way/1316178544","properties":{"osmId":1316178544,"attribution":"© OpenStreetMap contributors, ODbL 1.0","highway":"footway"},"geometry":{"type":"LineString","coordinates":[[-6.265598,53.381338],[-6.265582,53.381338]]}},{"type":"Feature","id":"way/1316178545","properties":{"osmId":1316178545,"attribution":"© OpenStreetMap contributors, ODbL 1.0","highway":"footway"},"geometry":{"type":"LineString","coordinates":[[-6.266002,53.381295],[-6.265977,53.381294]]}},{"type":"Feature","id":"way/1316183092","properties":{"osmId":1316183092,"attribution":"© OpenStreetMap contributors, ODbL 1.0","highway":"secondary","name":"Ballymun Road"},"geometry":{"type":"LineString","coordinates":[[-6.26626,53.379643],[-6.2661,53.379863]]}},{"type":"Feature","id":"way/1316287223","properties":{"osmId":1316287223,"attribution":"© OpenStreetMap contributors, ODbL 1.0","highway":"secondary","name":"Ballymun Road"},"geometry":{"type":"LineString","coordinates":[[-6.264943,53.386014],[-6.264947,53.385918]]}},{"type":"Feature","id":"way/1316287224","properties":{"osmId":1316287224,"attribution":"© OpenStreetMap contributors, ODbL 1.0","highway":"secondary","name":"Ballymun Road"},"geometry":{"type":"LineString","coordinates":[[-6.264941,53.38607],[-6.264943,53.386033],[-6.264943,53.386028]]}},{"type":"Feature","id":"way/1316287225","properties":{"osmId":1316287225,"attribution":"© OpenStreetMap contributors, ODbL 1.0","highway":"footway"},"geometry":{"type":"LineString","coordinates":[[-6.265039,53.386034],[-6.264943,53.386033],[-6.264847,53.386032]]}},{"type":"Feature","id":"way/1316287226","properties":{"osmId":1316287226,"attribution":"© OpenStreetMap contributors, ODbL 1.0","highway":"footway"},"geometry":{"type":"LineString","coordinates":[[-6.265063,53.386034],[-6.265039,53.386034]]}},{"type":"Feature","id":"way/1316287227","properties":{"osmId":1316287227,"attribution":"© OpenStreetMap contributors, ODbL 1.0","highway":"footway"},"geometry":{"type":"LineString","coordinates":[[-6.265289,53.386037],[-6.265265,53.386037]]}},{"type":"Feature","id":"way/1316287228","properties":{"osmId":1316287228,"attribution":"© OpenStreetMap contributors, ODbL 1.0","highway":"footway"},"geometry":{"type":"LineString","coordinates":[[-6.265313,53.385997],[-6.265313,53.386015]]}},{"type":"Feature","id":"way/1316287229","properties":{"osmId":1316287229,"attribution":"© OpenStreetMap contributors, ODbL 1.0","highway":"footway"},"geometry":{"type":"LineString","coordinates":[[-6.265313,53.385845],[-6.265316,53.385893]]}},{"type":"Feature","id":"way/1316287230","properties":{"osmId":1316287230,"attribution":"© OpenStreetMap contributors, ODbL 1.0","highway":"secondary","name":"Ballymun Road"},"geometry":{"type":"LineString","coordinates":[[-6.265154,53.385929],[-6.265146,53.386035],[-6.265133,53.386206],[-6.265135,53.386295]]}},{"type":"Feature","id":"way/1316287231","properties":{"osmId":1316287231,"attribution":"© OpenStreetMap contributors, ODbL 1.0","highway":"secondary","name":"Ballymun Road"},"geometry":{"type":"LineString","coordinates":[[-6.265135,53.386295],[-6.265148,53.38642],[-6.265152,53.386476]]}},{"type":"Feature","id":"way/1316287232","properties":{"osmId":1316287232,"attribution":"© OpenStreetMap contributors, ODbL 1.0","highway":"secondary","name":"Ballymun Road"},"geometry":{"type":"LineString","coordinates":[[-6.264806,53.388886],[-6.264991,53.388582],[-6.265088,53.388344]]}},{"type":"Feature","id":"way/1316287233","properties":{"osmId":1316287233,"attribution":"© OpenStreetMap contributors, ODbL 1.0","highway":"secondary","name":"Ballymun Road"},"geometry":{"type":"LineString","coordinates":[[-6.265183,53.388064],[-6.265187,53.387964],[-6.265192,53.387927],[-6.265187,53.387871]]}},{"type":"Feature","id":"way/1316287234","properties":{"osmId":1316287234,"attribution":"© OpenStreetMap contributors, ODbL 1.0","highway":"secondary","name":"Ballymun Road"},"geometry":{"type":"LineString","coordinates":[[-6.265266,53.388469],[-6.265215,53.388574],[-6.265182,53.388643],[-6.26503,53.388946]]}},{"type":"Feature","id":"way/1316287235","properties":{"osmId":1316287235,"attribution":"© OpenStreetMap contributors, ODbL 1.0","highway":"footway"},"geometry":{"type":"LineString","coordinates":[[-6.265424,53.388268],[-6.265459,53.38827]]}},{"type":"Feature","id":"way/1316287236","properties":{"osmId":1316287236,"attribution":"© OpenStreetMap contributors, ODbL 1.0","highway":"footway"},"geometry":{"type":"LineString","coordinates":[[-6.265019,53.388289],[-6.26504,53.388292]]}},{"type":"Feature","id":"way/1316287237","properties":{"osmId":1316287237,"attribution":"© OpenStreetMap contributors, ODbL 1.0","highway":"secondary","name":"Ballymun Road"},"geometry":{"type":"LineString","coordinates":[[-6.265351,53.388228],[-6.265342,53.388258],[-6.265306,53.388387],[-6.265266,53.388469]]}},{"type":"Feature","id":"way/1316287238","properties":{"osmId":1316287238,"attribution":"© OpenStreetMap contributors, ODbL 1.0","highway":"secondary","name":"Ballymun Road"},"geometry":{"type":"LineString","coordinates":[[-6.265136,53.388222],[-6.265158,53.38816],[-6.265183,53.388064]]}},{"type":"Feature","id":"way/1316287239","properties":{"osmId":1316287239,"attribution":"© OpenStreetMap contributors, ODbL 1.0","highway":"secondary","name":"Ballymun Road"},"geometry":{"type":"LineString","coordinates":[[-6.265112,53.38829],[-6.265136,53.388222]]}},{"type":"Feature","id":"way/1316287240","properties":{"osmId":1316287240,"attribution":"© OpenStreetMap contributors, ODbL 1.0","highway":"secondary","name":"Ballymun Road"},"geometry":{"type":"LineString","coordinates":[[-6.264775,53.388937],[-6.264806,53.388886]]}},{"type":"Feature","id":"way/1316287241","properties":{"osmId":1316287241,"attribution":"© OpenStreetMap contributors, ODbL 1.0","highway":"secondary","name":"Ballymun Road"},"geometry":{"type":"LineString","coordinates":[[-6.265088,53.388344],[-6.265109,53.3883],[-6.265112,53.38829]]}},{"type":"Feature","id":"way/1316287242","properties":{"osmId":1316287242,"attribution":"© OpenStreetMap contributors, ODbL 1.0","highway":"secondary","name":"Ballymun Road"},"geometry":{"type":"LineString","coordinates":[[-6.26503,53.388946],[-6.265013,53.38898],[-6.265,53.389005],[-6.26492,53.389173]]}},{"type":"Feature","id":"way/1316287243","properties":{"osmId":1316287243,"attribution":"© OpenStreetMap contributors, ODbL 1.0","highway":"footway"},"geometry":{"type":"LineString","coordinates":[[-6.265147,53.38917],[-6.265137,53.389186]]}},{"type":"Feature","id":"way/1316287244","properties":{"osmId":1316287244,"attribution":"© OpenStreetMap contributors, ODbL 1.0","highway":"footway"},"geometry":{"type":"LineString","coordinates":[[-6.265081,53.389283],[-6.265068,53.389305]]}},{"type":"Feature","id":"way/1316287245","properties":{"osmId":1316287245,"attribution":"© OpenStreetMap contributors, ODbL 1.0","highway":"footway"},"geometry":{"type":"LineString","coordinates":[[-6.265061,53.389016],[-6.265094,53.389023]]}},{"type":"Feature","id":"way/1316287246","properties":{"osmId":1316287246,"attribution":"© OpenStreetMap contributors, ODbL 1.0","highway":"footway"},"geometry":{"type":"LineString","coordinates":[[-6.264897,53.389348],[-6.26488,53.389345]]}},{"type":"Feature","id":"way/1316287247","properties":{"osmId":1316287247,"attribution":"© OpenStreetMap contributors, ODbL 1.0","highway":"secondary","name":"Ballymun Road"},"geometry":{"type":"LineString","coordinates":[[-6.26492,53.389173],[-6.264838,53.389338],[-6.264636,53.389742]]}},{"type":"Feature","id":"way/1316287248","properties":{"osmId":1316287248,"attribution":"© OpenStreetMap contributors, ODbL 1.0","highway":"secondary","name":"Ballymun Road"},"geometry":{"type":"LineString","coordinates":[[-6.264636,53.389742],[-6.264623,53.389769],[-6.264612,53.389792],[-6.264595,53.389828],[-6.264571,53.389881]]}},{"type":"Feature","id":"way/1316287249","properties":{"osmId":1316287249,"attribution":"© OpenStreetMap contributors, ODbL 1.0","highway":"secondary","name":"Ballymun Road"},"geometry":{"type":"LineString","coordinates":[[-6.264591,53.389307],[-6.26462,53.389242],[-6.264674,53.389136]]}},{"type":"Feature","id":"way/1316820537","properties":{"osmId":1316820537,"attribution":"© OpenStreetMap contributors, ODbL 1.0","highway":"footway"},"geometry":{"type":"LineString","coordinates":[[-6.266717,53.37888],[-6.266718,53.37886],[-6.266719,53.378827],[-6.26672,53.378813]]}},{"type":"Feature","id":"way/1316820538","properties":{"osmId":1316820538,"attribution":"© OpenStreetMap contributors, ODbL 1.0","highway":"footway"},"geometry":{"type":"LineString","coordinates":[[-6.266587,53.378969],[-6.266615,53.378952]]}},{"type":"Feature","id":"way/1316820539","properties":{"osmId":1316820539,"attribution":"© OpenStreetMap contributors, ODbL 1.0","highway":"footway"},"geometry":{"type":"LineString","coordinates":[[-6.266697,53.3789],[-6.266717,53.37888]]}},{"type":"Feature","id":"way/1316820540","properties":{"osmId":1316820540,"attribution":"© OpenStreetMap contributors, ODbL 1.0","highway":"footway"},"geometry":{"type":"LineString","coordinates":[[-6.26672,53.378813],[-6.266717,53.378787]]}},{"type":"Feature","id":"way/1316820541","properties":{"osmId":1316820541,"attribution":"© OpenStreetMap contributors, ODbL 1.0","highway":"footway"},"geometry":{"type":"LineString","coordinates":[[-6.266849,53.378784],[-6.266825,53.378781]]}},{"type":"Feature","id":"way/1316820542","properties":{"osmId":1316820542,"attribution":"© OpenStreetMap contributors, ODbL 1.0","highway":"footway"},"geometry":{"type":"LineString","coordinates":[[-6.266932,53.379052],[-6.266884,53.379047]]}},{"type":"Feature","id":"way/1316820543","properties":{"osmId":1316820543,"attribution":"© OpenStreetMap contributors, ODbL 1.0","highway":"footway"},"geometry":{"type":"LineString","coordinates":[[-6.266659,53.379027],[-6.266625,53.379024]]}},{"type":"Feature","id":"way/1316822688","properties":{"osmId":1316822688,"attribution":"© OpenStreetMap contributors, ODbL 1.0","highway":"secondary","name":"Ballymun Road"},"geometry":{"type":"LineString","coordinates":[[-6.2661,53.379863],[-6.266085,53.379884]]}},{"type":"Feature","id":"way/1316822689","properties":{"osmId":1316822689,"attribution":"© OpenStreetMap contributors, ODbL 1.0","highway":"secondary","name":"Ballymun Road"},"geometry":{"type":"LineString","coordinates":[[-6.266085,53.379884],[-6.266076,53.379903]]}},{"type":"Feature","id":"way/1316822690","properties":{"osmId":1316822690,"attribution":"© OpenStreetMap contributors, ODbL 1.0","highway":"secondary","name":"Saint Mobhi Road"},"geometry":{"type":"LineString","coordinates":[[-6.265734,53.379987],[-6.265714,53.379925]]}},{"type":"Feature","id":"way/1316822691","properties":{"osmId":1316822691,"attribution":"© OpenStreetMap contributors, ODbL 1.0","highway":"secondary","name":"Saint Mobhi Road"},"geometry":{"type":"LineString","coordinates":[[-6.265714,53.379925],[-6.265704,53.379892],[-6.265701,53.379884]]}},{"type":"Feature","id":"way/1316822692","properties":{"osmId":1316822692,"attribution":"© OpenStreetMap contributors, ODbL 1.0","highway":"secondary","name":"Ballymun Road"},"geometry":{"type":"LineString","coordinates":[[-6.26676,53.379049],[-6.266696,53.379126]]}},{"type":"Feature","id":"way/1316822693","properties":{"osmId":1316822693,"attribution":"© OpenStreetMap contributors, ODbL 1.0","highway":"secondary","name":"Ballymun Road"},"geometry":{"type":"LineString","coordinates":[[-6.266778,53.379027],[-6.26677,53.379037],[-6.26676,53.379049]]}},{"type":"Feature","id":"way/1316822694","properties":{"osmId":1316822694,"attribution":"© OpenStreetMap contributors, ODbL 1.0","highway":"footway"},"geometry":{"type":"LineString","coordinates":[[-6.265378,53.384831],[-6.265345,53.38483]]}},{"type":"Feature","id":"way/1316822695","properties":{"osmId":1316822695,"attribution":"© OpenStreetMap contributors, ODbL 1.0","highway":"footway"},"geometry":{"type":"LineString","coordinates":[[-6.264957,53.384869],[-6.264942,53.384868]]}},{"type":"Feature","id":"way/1316822696","properties":{"osmId":1316822696,"attribution":"© OpenStreetMap contributors, ODbL 1.0","highway":"secondary","name":"Ballymun Road"},"geometry":{"type":"LineString","coordinates":[[-6.265239,53.385106],[-6.265217,53.385235],[-6.265187,53.385553],[-6.265162,53.385829],[-6.26516,53.385855],[-6.265154,53.385929]]}},{"type":"Feature","id":"way/1316822697","properties":{"osmId":1316822697,"attribution":"© OpenStreetMap contributors, ODbL 1.0","highway":"secondary","name":"Ballymun Road"},"geometry":{"type":"LineString","coordinates":[[-6.265267,53.384915],[-6.265253,53.385022],[-6.265239,53.385106]]}},{"type":"Feature","id":"way/1316822698","properties":{"osmId":1316822698,"attribution":"© OpenStreetMap contributors, ODbL 1.0","highway":"secondary","name":"Ballymun Road"},"geometry":{"type":"LineString","coordinates":[[-6.265277,53.384839],[-6.265267,53.384915]]}},{"type":"Feature","id":"way/1316822699","properties":{"osmId":1316822699,"attribution":"© OpenStreetMap contributors, ODbL 1.0","highway":"secondary","name":"Ballymun Road"},"geometry":{"type":"LineString","coordinates":[[-6.265291,53.384771],[-6.265279,53.384827],[-6.265277,53.384839]]}},{"type":"Feature","id":"way/1316822702","properties":{"osmId":1316822702,"attribution":"© OpenStreetMap contributors, ODbL 1.0","highway":"secondary","name":"Ballymun Road"},"geometry":{"type":"LineString","coordinates":[[-6.26494,53.386105],[-6.264941,53.38607]]}},{"type":"Feature","id":"way/1316822703","properties":{"osmId":1316822703,"attribution":"© OpenStreetMap contributors, ODbL 1.0","highway":"secondary","name":"Ballymun Road"},"geometry":{"type":"LineString","coordinates":[[-6.264943,53.386028],[-6.264943,53.386014]]}},{"type":"Feature","id":"way/1316822704","properties":{"osmId":1316822704,"attribution":"© OpenStreetMap contributors, ODbL 1.0","highway":"footway"},"geometry":{"type":"LineString","coordinates":[[-6.264847,53.386032],[-6.264831,53.386032]]}},{"type":"Feature","id":"way/1316822705","properties":{"osmId":1316822705,"attribution":"© OpenStreetMap contributors, ODbL 1.0","highway":"secondary","name":"Ballymun Road"},"geometry":{"type":"LineString","coordinates":[[-6.265569,53.383568],[-6.265333,53.384571],[-6.265291,53.384771]]}},{"type":"Feature","id":"way/1316822706","properties":{"osmId":1316822706,"attribution":"© OpenStreetMap contributors, ODbL 1.0","highway":"secondary","name":"Ballymun Road"},"geometry":{"type":"LineString","coordinates":[[-6.265611,53.383382],[-6.26559,53.383477],[-6.265569,53.383568]]}},{"type":"Feature","id":"way/1316822707","properties":{"osmId":1316822707,"attribution":"© OpenStreetMap contributors, ODbL 1.0","highway":"footway"},"geometry":{"type":"LineString","coordinates":[[-6.266189,53.379887],[-6.266164,53.379886]]}},{"type":"Feature","id":"way/1316822708","properties":{"osmId":1316822708,"attribution":"© OpenStreetMap contributors, ODbL 1.0","highway":"footway"},"geometry":{"type":"LineString","coordinates":[[-6.265611,53.379896],[-6.265592,53.379897]]}},{"type":"Feature","id":"way/1320510559","properties":{"osmId":1320510559,"attribution":"© OpenStreetMap contributors, ODbL 1.0","highway":"footway"},"geometry":{"type":"LineString","coordinates":[[-6.244337,53.382264],[-6.244377,53.382272]]}},{"type":"Feature","id":"way/1320510560","properties":{"osmId":1320510560,"attribution":"© OpenStreetMap contributors, ODbL 1.0","highway":"footway"},"geometry":{"type":"LineString","coordinates":[[-6.244334,53.382256],[-6.244319,53.382221],[-6.244312,53.382205]]}},{"type":"Feature","id":"way/1320510561","properties":{"osmId":1320510561,"attribution":"© OpenStreetMap contributors, ODbL 1.0","highway":"footway"},"geometry":{"type":"LineString","coordinates":[[-6.24431,53.382287],[-6.244337,53.382264],[-6.244334,53.382256]]}},{"type":"Feature","id":"way/1320510562","properties":{"osmId":1320510562,"attribution":"© OpenStreetMap contributors, ODbL 1.0","highway":"footway"},"geometry":{"type":"LineString","coordinates":[[-6.244312,53.382205],[-6.244302,53.382183]]}},{"type":"Feature","id":"way/1320510563","properties":{"osmId":1320510563,"attribution":"© OpenStreetMap contributors, ODbL 1.0","highway":"footway"},"geometry":{"type":"LineString","coordinates":[[-6.244148,53.382442],[-6.244153,53.382437]]}},{"type":"Feature","id":"way/1320510564","properties":{"osmId":1320510564,"attribution":"© OpenStreetMap contributors, ODbL 1.0","highway":"footway"},"geometry":{"type":"LineString","coordinates":[[-6.244716,53.382377],[-6.244738,53.382381]]}},{"type":"Feature","id":"way/1320510565","properties":{"osmId":1320510565,"attribution":"© OpenStreetMap contributors, ODbL 1.0","highway":"footway"},"geometry":{"type":"LineString","coordinates":[[-6.24478,53.382479],[-6.24477,53.382492]]}},{"type":"Feature","id":"way/1320510566","properties":{"osmId":1320510566,"attribution":"© OpenStreetMap contributors, ODbL 1.0","highway":"footway"},"geometry":{"type":"LineString","coordinates":[[-6.244566,53.382637],[-6.24454,53.382631]]}},{"type":"Feature","id":"way/1320510567","properties":{"osmId":1320510567,"attribution":"© OpenStreetMap contributors, ODbL 1.0","highway":"footway"},"geometry":{"type":"LineString","coordinates":[[-6.244199,53.382596],[-6.244179,53.382592]]}},{"type":"Feature","id":"way/1320510568","properties":{"osmId":1320510568,"attribution":"© OpenStreetMap contributors, ODbL 1.0","highway":"footway"},"geometry":{"type":"LineString","coordinates":[[-6.244377,53.382638],[-6.244339,53.38263],[-6.244199,53.382596]]}},{"type":"Feature","id":"way/1320510569","properties":{"osmId":1320510569,"attribution":"© OpenStreetMap contributors, ODbL 1.0","highway":"footway"},"geometry":{"type":"LineString","coordinates":[[-6.244431,53.382605],[-6.244416,53.382602],[-6.244391,53.382641],[-6.244377,53.382638]]}},{"type":"Feature","id":"way/1320510570","properties":{"osmId":1320510570,"attribution":"© OpenStreetMap contributors, ODbL 1.0","highway":"footway"},"geometry":{"type":"LineString","coordinates":[[-6.244601,53.382613],[-6.244579,53.382632]]}},{"type":"Feature","id":"way/1320510571","properties":{"osmId":1320510571,"attribution":"© OpenStreetMap contributors, ODbL 1.0","highway":"footway"},"geometry":{"type":"LineString","coordinates":[[-6.244674,53.382535],[-6.244601,53.382613]]}},{"type":"Feature","id":"way/1320510572","properties":{"osmId":1320510572,"attribution":"© OpenStreetMap contributors, ODbL 1.0","highway":"footway"},"geometry":{"type":"LineString","coordinates":[[-6.24477,53.382492],[-6.244721,53.382535]]}},{"type":"Feature","id":"way/1320510573","properties":{"osmId":1320510573,"attribution":"© OpenStreetMap contributors, ODbL 1.0","highway":"footway"},"geometry":{"type":"LineString","coordinates":[[-6.257397,53.387395],[-6.257441,53.387347]]}},{"type":"Feature","id":"way/1320510574","properties":{"osmId":1320510574,"attribution":"© OpenStreetMap contributors, ODbL 1.0","highway":"footway"},"geometry":{"type":"LineString","coordinates":[[-6.257539,53.387242],[-6.257573,53.387209],[-6.257583,53.387194]]}},{"type":"Feature","id":"way/1320510575","properties":{"osmId":1320510575,"attribution":"© OpenStreetMap contributors, ODbL 1.0","highway":"footway"},"geometry":{"type":"LineString","coordinates":[[-6.258363,53.387577],[-6.258422,53.387525]]}},{"type":"Feature","id":"way/1320510576","properties":{"osmId":1320510576,"attribution":"© OpenStreetMap contributors, ODbL 1.0","highway":"footway"},"geometry":{"type":"LineString","coordinates":[[-6.258477,53.387796],[-6.258417,53.387773]]}},{"type":"Feature","id":"way/1320510577","properties":{"osmId":1320510577,"attribution":"© OpenStreetMap contributors, ODbL 1.0","highway":"footway"},"geometry":{"type":"LineString","coordinates":[[-6.258286,53.387727],[-6.258212,53.387704]]}},{"type":"Feature","id":"way/1320510578","properties":{"osmId":1320510578,"attribution":"© OpenStreetMap contributors, ODbL 1.0","highway":"footway"},"geometry":{"type":"LineString","coordinates":[[-6.261034,53.388443],[-6.261017,53.388477]]}},{"type":"Feature","id":"way/1320510579","properties":{"osmId":1320510579,"attribution":"© OpenStreetMap contributors, ODbL 1.0","highway":"footway"},"geometry":{"type":"LineString","coordinates":[[-6.261092,53.388325],[-6.261073,53.388363]]}},{"type":"Feature","id":"way/1320732329","properties":{"osmId":1320732329,"attribution":"© OpenStreetMap contributors, ODbL 1.0","highway":"service"},"geometry":{"type":"LineString","coordinates":[[-6.253673,53.385021],[-6.253624,53.385002],[-6.253081,53.384788],[-6.253044,53.384729],[-6.253072,53.384628],[-6.253184,53.384148],[-6.253267,53.38379],[-6.253475,53.383576],[-6.253537,53.383513],[-6.253604,53.383461],[-6.253701,53.383431],[-6.253798,53.383446],[-6.254081,53.383545],[-6.254374,53.383648],[-6.254493,53.383692],[-6.254889,53.383842],[-6.255002,53.383867],[-6.25509,53.383858],[-6.255186,53.383833],[-6.255509,53.383716],[-6.255831,53.3836],[-6.256255,53.383443],[-6.25662,53.383309],[-6.256837,53.383223],[-6.256919,53.38319],[-6.256951,53.383177],[-6.257151,53.383096],[-6.257295,53.383038],[-6.257894,53.382785],[-6.258041,53.382782]]}},{"type":"Feature","id":"way/1320732330","properties":{"osmId":1320732330,"attribution":"© OpenStreetMap contributors, ODbL 1.0","highway":"service"},"geometry":{"type":"LineString","coordinates":[[-6.261674,53.384828],[-6.264858,53.384773],[-6.264957,53.384779],[-6.265054,53.384784]]}},{"type":"Feature","id":"way/1320732331","properties":{"osmId":1320732331,"attribution":"© OpenStreetMap contributors, ODbL 1.0","highway":"service"},"geometry":{"type":"LineString","coordinates":[[-6.260895,53.386297],[-6.260861,53.386309],[-6.260821,53.386329],[-6.26078,53.386353],[-6.260738,53.386378],[-6.260483,53.386548],[-6.260462,53.386568],[-6.260384,53.386641]]}},{"type":"Feature","id":"way/1320732332","properties":{"osmId":1320732332,"attribution":"© OpenStreetMap contributors, ODbL 1.0","highway":"service"},"geometry":{"type":"LineString","coordinates":[[-6.261071,53.38627],[-6.261072,53.386283],[-6.261068,53.386296],[-6.261054,53.386312],[-6.261032,53.386324],[-6.261005,53.386331],[-6.260975,53.386333],[-6.260946,53.386329],[-6.260924,53.386321],[-6.260906,53.38631],[-6.260895,53.386297]]}},{"type":"Feature","id":"way/1320732333","properties":{"osmId":1320732333,"attribution":"© OpenStreetMap contributors, ODbL 1.0","highway":"service"},"geometry":{"type":"LineString","coordinates":[[-6.260895,53.386297],[-6.26089,53.38628],[-6.260893,53.386264],[-6.260904,53.386249],[-6.260923,53.386237],[-6.260946,53.386229],[-6.260973,53.386225],[-6.261,53.386226],[-6.261025,53.386231],[-6.261047,53.386241],[-6.261063,53.386254],[-6.261071,53.38627]]}},{"type":"Feature","id":"way/1320732334","properties":{"osmId":1320732334,"attribution":"© OpenStreetMap contributors, ODbL 1.0","highway":"service"},"geometry":{"type":"LineString","coordinates":[[-6.258912,53.386868],[-6.258798,53.386864]]}},{"type":"Feature","id":"way/1321391370","properties":{"osmId":1321391370,"attribution":"© OpenStreetMap contributors, ODbL 1.0","highway":"footway"},"geometry":{"type":"LineString","coordinates":[[-6.260733,53.386177],[-6.260719,53.386172],[-6.260506,53.386102]]}},{"type":"Feature","id":"way/1321391371","properties":{"osmId":1321391371,"attribution":"© OpenStreetMap contributors, ODbL 1.0","highway":"footway"},"geometry":{"type":"LineString","coordinates":[[-6.259756,53.385839],[-6.259704,53.385821]]}},{"type":"Feature","id":"way/1321391374","properties":{"osmId":1321391374,"attribution":"© OpenStreetMap contributors, ODbL 1.0","highway":"corridor"},"geometry":{"type":"LineString","coordinates":[[-6.259317,53.38613],[-6.259335,53.386089],[-6.259356,53.386052]]}},{"type":"Feature","id":"way/1321391375","properties":{"osmId":1321391375,"attribution":"© OpenStreetMap contributors, ODbL 1.0","highway":"footway"},"geometry":{"type":"LineString","coordinates":[[-6.259541,53.385868],[-6.259572,53.385837]]}},{"type":"Feature","id":"way/1321391376","properties":{"osmId":1321391376,"attribution":"© OpenStreetMap contributors, ODbL 1.0","highway":"footway"},"geometry":{"type":"LineString","coordinates":[[-6.259274,53.386169],[-6.259286,53.386158]]}},{"type":"Feature","id":"way/1321391377","properties":{"osmId":1321391377,"attribution":"© OpenStreetMap contributors, ODbL 1.0","highway":"footway"},"geometry":{"type":"LineString","coordinates":[[-6.259286,53.386158],[-6.259317,53.38613]]}},{"type":"Feature","id":"way/1322287221","properties":{"osmId":1322287221,"attribution":"© OpenStreetMap contributors, ODbL 1.0","highway":"cycleway","name":"Swords Road","foot":"yes"},"geometry":{"type":"LineString","coordinates":[[-6.245241,53.381437],[-6.245051,53.381737],[-6.244822,53.382143],[-6.244736,53.382313],[-6.244545,53.382315]]}},{"type":"Feature","id":"way/1322287222","properties":{"osmId":1322287222,"attribution":"© OpenStreetMap contributors, ODbL 1.0","highway":"secondary","name":"Swords Road"},"geometry":{"type":"LineString","coordinates":[[-6.245555,53.380742],[-6.245521,53.380788],[-6.245404,53.380972],[-6.24536,53.38104],[-6.245299,53.381128]]}},{"type":"Feature","id":"way/1322287223","properties":{"osmId":1322287223,"attribution":"© OpenStreetMap contributors, ODbL 1.0","highway":"secondary","name":"Swords Road"},"geometry":{"type":"LineString","coordinates":[[-6.245299,53.381128],[-6.245279,53.381157],[-6.245265,53.381178],[-6.245244,53.381209],[-6.245149,53.381347],[-6.245143,53.381356]]}},{"type":"Feature","id":"way/1322287224","properties":{"osmId":1322287224,"attribution":"© OpenStreetMap contributors, ODbL 1.0","highway":"footway"},"geometry":{"type":"LineString","coordinates":[[-6.245454,53.381201],[-6.245416,53.381191]]}},{"type":"Feature","id":"way/1322287225","properties":{"osmId":1322287225,"attribution":"© OpenStreetMap contributors, ODbL 1.0","highway":"footway"},"geometry":{"type":"LineString","coordinates":[[-6.245154,53.381125],[-6.245131,53.381119]]}},{"type":"Feature","id":"way/1322287226","properties":{"osmId":1322287226,"attribution":"© OpenStreetMap contributors, ODbL 1.0","highway":"cycleway","name":"Swords Road","foot":"yes"},"geometry":{"type":"LineString","coordinates":[[-6.245143,53.381356],[-6.245241,53.381437]]}},{"type":"Feature","id":"way/1322287227","properties":{"osmId":1322287227,"attribution":"© OpenStreetMap contributors, ODbL 1.0","highway":"cycleway","name":"Swords Road","foot":"yes"},"geometry":{"type":"LineString","coordinates":[[-6.245687,53.380721],[-6.245555,53.380742]]}},{"type":"Feature","id":"way/1322287228","properties":{"osmId":1322287228,"attribution":"© OpenStreetMap contributors, ODbL 1.0","highway":"secondary","name":"Swords Road"},"geometry":{"type":"LineString","coordinates":[[-6.244545,53.382315],[-6.244532,53.382337],[-6.244459,53.382444]]}},{"type":"Feature","id":"way/1322299559","properties":{"osmId":1322299559,"attribution":"© OpenStreetMap contributors, ODbL 1.0","highway":"cycleway","foot":"no"},"geometry":{"type":"LineString","coordinates":[[-6.244678,53.382638],[-6.244755,53.382557]]}},{"type":"Feature","id":"way/1322299560","properties":{"osmId":1322299560,"attribution":"© OpenStreetMap contributors, ODbL 1.0","highway":"footway"},"geometry":{"type":"LineString","coordinates":[[-6.244372,53.382899],[-6.244316,53.382987]]}},{"type":"Feature","id":"way/1322299561","properties":{"osmId":1322299561,"attribution":"© OpenStreetMap contributors, ODbL 1.0","highway":"footway"},"geometry":{"type":"LineString","coordinates":[[-6.24449,53.382801],[-6.244415,53.382834]]}},{"type":"Feature","id":"way/1322299562","properties":{"osmId":1322299562,"attribution":"© OpenStreetMap contributors, ODbL 1.0","highway":"cycleway","foot":"no"},"geometry":{"type":"LineString","coordinates":[[-6.244328,53.38265],[-6.244357,53.382669],[-6.244463,53.382736]]}},{"type":"Feature","id":"way/1322299563","properties":{"osmId":1322299563,"attribution":"© OpenStreetMap contributors, ODbL 1.0","highway":"cycleway","foot":"no"},"geometry":{"type":"LineString","coordinates":[[-6.244463,53.382736],[-6.244443,53.382783],[-6.244415,53.382834]]}},{"type":"Feature","id":"way/1322299564","properties":{"osmId":1322299564,"attribution":"© OpenStreetMap contributors, ODbL 1.0","highway":"cycleway","foot":"yes"},"geometry":{"type":"LineString","coordinates":[[-6.244415,53.382834],[-6.244372,53.382899]]}},{"type":"Feature","id":"way/1322299565","properties":{"osmId":1322299565,"attribution":"© OpenStreetMap contributors, ODbL 1.0","highway":"footway"},"geometry":{"type":"LineString","coordinates":[[-6.244159,53.387505],[-6.244135,53.387517],[-6.244085,53.387542]]}},{"type":"Feature","id":"way/1322299566","properties":{"osmId":1322299566,"attribution":"© OpenStreetMap contributors, ODbL 1.0","highway":"footway"},"geometry":{"type":"LineString","coordinates":[[-6.244085,53.387542],[-6.244077,53.387561],[-6.244081,53.387572]]}},{"type":"Feature","id":"way/1322299567","properties":{"osmId":1322299567,"attribution":"© OpenStreetMap contributors, ODbL 1.0","highway":"footway"},"geometry":{"type":"LineString","coordinates":[[-6.244191,53.387488],[-6.244159,53.387505]]}},{"type":"Feature","id":"way/1322299568","properties":{"osmId":1322299568,"attribution":"© OpenStreetMap contributors, ODbL 1.0","highway":"footway"},"geometry":{"type":"LineString","coordinates":[[-6.244028,53.387775],[-6.243994,53.387779],[-6.24394,53.387784]]}},{"type":"Feature","id":"way/1322299569","properties":{"osmId":1322299569,"attribution":"© OpenStreetMap contributors, ODbL 1.0","highway":"footway"},"geometry":{"type":"LineString","coordinates":[[-6.244069,53.387742],[-6.244057,53.387772],[-6.244028,53.387775]]}},{"type":"Feature","id":"way/1322299570","properties":{"osmId":1322299570,"attribution":"© OpenStreetMap contributors, ODbL 1.0","highway":"residential","name":"Swords Road"},"geometry":{"type":"LineString","coordinates":[[-6.2447,53.382996],[-6.244858,53.382961],[-6.245025,53.382926],[-6.245138,53.38287],[-6.245209,53.382815],[-6.245275,53.382753]]}},{"type":"Feature","id":"way/1322299571","properties":{"osmId":1322299571,"attribution":"© OpenStreetMap contributors, ODbL 1.0","highway":"residential","name":"Swords Road"},"geometry":{"type":"LineString","coordinates":[[-6.244557,53.383044],[-6.244639,53.38301],[-6.2447,53.382996]]}},{"type":"Feature","id":"way/1322299572","properties":{"osmId":1322299572,"attribution":"© OpenStreetMap contributors, ODbL 1.0","highway":"secondary","name":"Swords Road"},"geometry":{"type":"LineString","coordinates":[[-6.244703,53.387872],[-6.244576,53.387803]]}},{"type":"Feature","id":"way/1322299573","properties":{"osmId":1322299573,"attribution":"© OpenStreetMap contributors, ODbL 1.0","highway":"cycleway","foot":"yes"},"geometry":{"type":"LineString","coordinates":[[-6.244516,53.387682],[-6.244543,53.387688],[-6.244646,53.387751],[-6.244681,53.387772],[-6.244682,53.387773],[-6.244686,53.387791]]}},{"type":"Feature","id":"way/1322299574","properties":{"osmId":1322299574,"attribution":"© OpenStreetMap contributors, ODbL 1.0","highway":"cycleway","foot":"no"},"geometry":{"type":"LineString","coordinates":[[-6.244321,53.387572],[-6.244415,53.387628],[-6.244516,53.387682]]}},{"type":"Feature","id":"way/1322299575","properties":{"osmId":1322299575,"attribution":"© OpenStreetMap contributors, ODbL 1.0","highway":"footway"},"geometry":{"type":"LineString","coordinates":[[-6.244364,53.387521],[-6.24443,53.387569]]}},{"type":"Feature","id":"way/1322299576","properties":{"osmId":1322299576,"attribution":"© OpenStreetMap contributors, ODbL 1.0","highway":"footway"},"geometry":{"type":"LineString","coordinates":[[-6.244501,53.387608],[-6.244525,53.387617]]}},{"type":"Feature","id":"way/1322299577","properties":{"osmId":1322299577,"attribution":"© OpenStreetMap contributors, ODbL 1.0","highway":"footway"},"geometry":{"type":"LineString","coordinates":[[-6.24443,53.387569],[-6.244469,53.38759],[-6.244501,53.387608]]}},{"type":"Feature","id":"way/1322299578","properties":{"osmId":1322299578,"attribution":"© OpenStreetMap contributors, ODbL 1.0","highway":"cycleway"},"geometry":{"type":"LineString","coordinates":[[-6.244686,53.387791],[-6.244703,53.387872]]}},{"type":"Feature","id":"way/1322305430","properties":{"osmId":1322305430,"attribution":"© OpenStreetMap contributors, ODbL 1.0","highway":"footway"},"geometry":{"type":"LineString","coordinates":[[-6.244252,53.387527],[-6.244364,53.387521],[-6.24446,53.387509],[-6.244625,53.387469],[-6.245066,53.387355],[-6.245291,53.387269],[-6.2455,53.387176],[-6.245172,53.386909],[-6.245043,53.386775],[-6.244861,53.386544]]}},{"type":"Feature","id":"way/1322305432","properties":{"osmId":1322305432,"attribution":"© OpenStreetMap contributors, ODbL 1.0","highway":"cycleway","foot":"yes"},"geometry":{"type":"LineString","coordinates":[[-6.244252,53.387527],[-6.244321,53.387572]]}},{"type":"Feature","id":"way/1322305434","properties":{"osmId":1322305434,"attribution":"© OpenStreetMap contributors, ODbL 1.0","highway":"service"},"geometry":{"type":"LineString","coordinates":[[-6.244025,53.38746],[-6.244087,53.387421],[-6.244218,53.387354]]}},{"type":"Feature","id":"way/1322305435","properties":{"osmId":1322305435,"attribution":"© OpenStreetMap contributors, ODbL 1.0","highway":"service"},"geometry":{"type":"LineString","coordinates":[[-6.243893,53.38739],[-6.243974,53.387348],[-6.244124,53.387271]]}},{"type":"Feature","id":"way/1322305436","properties":{"osmId":1322305436,"attribution":"© OpenStreetMap contributors, ODbL 1.0","highway":"footway"},"geometry":{"type":"LineString","coordinates":[[-6.244681,53.387772],[-6.244717,53.387775],[-6.244961,53.387913],[-6.245319,53.388099],[-6.245529,53.388232],[-6.245678,53.388372],[-6.245711,53.388416],[-6.245888,53.388649],[-6.245932,53.388712],[-6.246232,53.389541],[-6.246293,53.389657],[-6.246333,53.38968],[-6.246371,53.389698],[-6.246415,53.389705],[-6.246517,53.389709],[-6.247384,53.389655],[-6.24746,53.389616]]}},{"type":"Feature","id":"way/1322305437","properties":{"osmId":1322305437,"attribution":"© OpenStreetMap contributors, ODbL 1.0","highway":"secondary","name":"Swords Road"},"geometry":{"type":"LineString","coordinates":[[-6.244936,53.387999],[-6.244918,53.387989],[-6.244869,53.387962],[-6.244744,53.387894]]}},{"type":"Feature","id":"way/1322305438","properties":{"osmId":1322305438,"attribution":"© OpenStreetMap contributors, ODbL 1.0","highway":"secondary","name":"Swords Road"},"geometry":{"type":"LineString","coordinates":[[-6.244744,53.387894],[-6.244703,53.387872]]}},{"type":"Feature","id":"way/1322305439","properties":{"osmId":1322305439,"attribution":"© OpenStreetMap contributors, ODbL 1.0","highway":"secondary","name":"Swords Road"},"geometry":{"type":"LineString","coordinates":[[-6.24624,53.389787],[-6.246195,53.389673],[-6.246076,53.389372],[-6.246027,53.389225],[-6.246004,53.389154],[-6.245971,53.389057]]}},{"type":"Feature","id":"way/1322591411","properties":{"osmId":1322591411,"attribution":"© OpenStreetMap contributors, ODbL 1.0","highway":"residential","name":"Shanowen Road"},"geometry":{"type":"LineString","coordinates":[[-6.250204,53.389524],[-6.249979,53.389556],[-6.249595,53.389574],[-6.249144,53.38961]]}},{"type":"Feature","id":"way/1322594456","properties":{"osmId":1322594456,"attribution":"© OpenStreetMap contributors, ODbL 1.0","highway":"service"},"geometry":{"type":"LineString","coordinates":[[-6.249834,53.388011],[-6.249952,53.387956],[-6.250359,53.387912]]}},{"type":"Feature","id":"way/1322594457","properties":{"osmId":1322594457,"attribution":"© OpenStreetMap contributors, ODbL 1.0","highway":"footway"},"geometry":{"type":"LineString","coordinates":[[-6.249789,53.388436],[-6.249978,53.389331],[-6.250011,53.389361]]}},{"type":"Feature","id":"way/1322594458","properties":{"osmId":1322594458,"attribution":"© OpenStreetMap contributors, ODbL 1.0","highway":"footway"},"geometry":{"type":"LineString","coordinates":[[-6.249884,53.388388],[-6.249794,53.388414],[-6.249788,53.388428]]}},{"type":"Feature","id":"way/1322594459","properties":{"osmId":1322594459,"attribution":"© OpenStreetMap contributors, ODbL 1.0","highway":"steps"},"geometry":{"type":"LineString","coordinates":[[-6.249788,53.388428],[-6.249789,53.388436]]}},{"type":"Feature","id":"way/1323171942","properties":{"osmId":1323171942,"attribution":"© OpenStreetMap contributors, ODbL 1.0","highway":"service"},"geometry":{"type":"LineString","coordinates":[[-6.250239,53.389516],[-6.250227,53.389466],[-6.250216,53.389421],[-6.250206,53.389382]]}},{"type":"Feature","id":"way/1323458405","properties":{"osmId":1323458405,"attribution":"© OpenStreetMap contributors, ODbL 1.0","highway":"pedestrian","foot":"permissive"},"geometry":{"type":"LineString","coordinates":[[-6.258568,53.385459],[-6.258314,53.385509],[-6.258031,53.38557],[-6.257758,53.385628]]}},{"type":"Feature","id":"way/1323458407","properties":{"osmId":1323458407,"attribution":"© OpenStreetMap contributors, ODbL 1.0","highway":"footway"},"geometry":{"type":"LineString","coordinates":[[-6.257812,53.38565],[-6.257794,53.385671]]}},{"type":"Feature","id":"way/1323458408","properties":{"osmId":1323458408,"attribution":"© OpenStreetMap contributors, ODbL 1.0","highway":"footway"},"geometry":{"type":"LineString","coordinates":[[-6.2584,53.385858],[-6.258326,53.385765],[-6.258252,53.385701],[-6.258069,53.385648],[-6.258031,53.38557]]}},{"type":"Feature","id":"way/1323458409","properties":{"osmId":1323458409,"attribution":"© OpenStreetMap contributors, ODbL 1.0","highway":"pedestrian","name":"Chuck Feeney Way","foot":"permissive"},"geometry":{"type":"LineString","coordinates":[[-6.258262,53.385347],[-6.258024,53.385357],[-6.257525,53.385361],[-6.257112,53.385363],[-6.257042,53.385369]]}},{"type":"Feature","id":"way/1323458410","properties":{"osmId":1323458410,"attribution":"© OpenStreetMap contributors, ODbL 1.0","highway":"footway"},"geometry":{"type":"LineString","coordinates":[[-6.257397,53.385263],[-6.257482,53.385293],[-6.257508,53.385312],[-6.257521,53.385338],[-6.257525,53.385361]]}},{"type":"Feature","id":"way/1323458411","properties":{"osmId":1323458411,"attribution":"© OpenStreetMap contributors, ODbL 1.0","highway":"footway"},"geometry":{"type":"LineString","coordinates":[[-6.259278,53.384915],[-6.259211,53.385297],[-6.259174,53.385468],[-6.25914,53.385629],[-6.258923,53.385704]]}},{"type":"Feature","id":"way/1328569107","properties":{"osmId":1328569107,"attribution":"© OpenStreetMap contributors, ODbL 1.0","highway":"footway"},"geometry":{"type":"LineString","coordinates":[[-6.260883,53.385324],[-6.260877,53.385359]]}},{"type":"Feature","id":"way/1328569108","properties":{"osmId":1328569108,"attribution":"© OpenStreetMap contributors, ODbL 1.0","highway":"steps"},"geometry":{"type":"LineString","coordinates":[[-6.260877,53.385359],[-6.26087,53.385401]]}},{"type":"Feature","id":"way/1328569109","properties":{"osmId":1328569109,"attribution":"© OpenStreetMap contributors, ODbL 1.0","highway":"footway"},"geometry":{"type":"LineString","coordinates":[[-6.261267,53.385347],[-6.261255,53.385408],[-6.261279,53.38541]]}},{"type":"Feature","id":"way/1328569110","properties":{"osmId":1328569110,"attribution":"© OpenStreetMap contributors, ODbL 1.0","highway":"footway"},"geometry":{"type":"LineString","coordinates":[[-6.260593,53.385327],[-6.260583,53.385394]]}},{"type":"Feature","id":"way/1328569111","properties":{"osmId":1328569111,"attribution":"© OpenStreetMap contributors, ODbL 1.0","highway":"footway"},"geometry":{"type":"LineString","coordinates":[[-6.260557,53.385552],[-6.260547,53.385617],[-6.260544,53.385631]]}},{"type":"Feature","id":"way/1328569112","properties":{"osmId":1328569112,"attribution":"© OpenStreetMap contributors, ODbL 1.0","highway":"corridor"},"geometry":{"type":"LineString","coordinates":[[-6.260583,53.385394],[-6.260557,53.385552]]}},{"type":"Feature","id":"way/1328589856","properties":{"osmId":1328589856,"attribution":"© OpenStreetMap contributors, ODbL 1.0","highway":"footway"},"geometry":{"type":"LineString","coordinates":[[-6.260424,53.385688],[-6.260412,53.38572],[-6.260397,53.385763],[-6.260395,53.385782],[-6.26038,53.385899],[-6.260386,53.385929],[-6.260387,53.385937],[-6.26042,53.385968],[-6.260455,53.385986],[-6.260481,53.385997],[-6.260543,53.386006],[-6.260584,53.386007],[-6.260955,53.386017]]}},{"type":"Feature","id":"way/1328589857","properties":{"osmId":1328589857,"attribution":"© OpenStreetMap contributors, ODbL 1.0","highway":"footway"},"geometry":{"type":"LineString","coordinates":[[-6.260395,53.385782],[-6.260349,53.385787],[-6.260293,53.385799],[-6.260252,53.385815],[-6.260227,53.385837],[-6.260228,53.385859],[-6.260257,53.385883],[-6.260302,53.385901],[-6.260386,53.385929]]}},{"type":"Feature","id":"way/1328589858","properties":{"osmId":1328589858,"attribution":"© OpenStreetMap contributors, ODbL 1.0","highway":"footway"},"geometry":{"type":"LineString","coordinates":[[-6.260584,53.386007],[-6.260542,53.386031]]}},{"type":"Feature","id":"way/1328589859","properties":{"osmId":1328589859,"attribution":"© OpenStreetMap contributors, ODbL 1.0","highway":"footway"},"geometry":{"type":"LineString","coordinates":[[-6.260105,53.385467],[-6.260095,53.385541],[-6.260104,53.385566],[-6.260123,53.385595]]}},{"type":"Feature","id":"way/1352783381","properties":{"osmId":1352783381,"attribution":"© OpenStreetMap contributors, ODbL 1.0","highway":"cycleway","foot":"designated"},"geometry":{"type":"LineString","coordinates":[[-6.265763,53.373015],[-6.265745,53.373015]]}},{"type":"Feature","id":"way/1352783382","properties":{"osmId":1352783382,"attribution":"© OpenStreetMap contributors, ODbL 1.0","highway":"cycleway","foot":"designated"},"geometry":{"type":"LineString","coordinates":[[-6.265929,53.37302],[-6.265908,53.373019]]}},{"type":"Feature","id":"way/1352783383","properties":{"osmId":1352783383,"attribution":"© OpenStreetMap contributors, ODbL 1.0","highway":"cycleway"},"geometry":{"type":"LineString","coordinates":[[-6.266407,53.371963],[-6.266462,53.371987],[-6.266503,53.372006]]}},{"type":"Feature","id":"way/1352783384","properties":{"osmId":1352783384,"attribution":"© OpenStreetMap contributors, ODbL 1.0","highway":"footway"},"geometry":{"type":"LineString","coordinates":[[-6.266581,53.371943],[-6.266551,53.371927]]}},{"type":"Feature","id":"way/1352783385","properties":{"osmId":1352783385,"attribution":"© OpenStreetMap contributors, ODbL 1.0","highway":"footway"},"geometry":{"type":"LineString","coordinates":[[-6.266418,53.371852],[-6.266402,53.371843]]}},{"type":"Feature","id":"way/1352783386","properties":{"osmId":1352783386,"attribution":"© OpenStreetMap contributors, ODbL 1.0","highway":"footway"},"geometry":{"type":"LineString","coordinates":[[-6.266678,53.371799],[-6.266715,53.371821]]}},{"type":"Feature","id":"way/1352783387","properties":{"osmId":1352783387,"attribution":"© OpenStreetMap contributors, ODbL 1.0","highway":"secondary","name":"Saint Mobhi Road","foot":"yes"},"geometry":{"type":"LineString","coordinates":[[-6.266544,53.371844],[-6.266629,53.371769],[-6.266652,53.371748],[-6.266673,53.371731]]}},{"type":"Feature","id":"way/1352783388","properties":{"osmId":1352783388,"attribution":"© OpenStreetMap contributors, ODbL 1.0","highway":"secondary","name":"Saint Mobhi Road"},"geometry":{"type":"LineString","coordinates":[[-6.266424,53.371947],[-6.266465,53.371909],[-6.266487,53.371891],[-6.266544,53.371844]]}},{"type":"Feature","id":"way/1352783389","properties":{"osmId":1352783389,"attribution":"© OpenStreetMap contributors, ODbL 1.0","highway":"secondary","name":"Saint Mobhi Road"},"geometry":{"type":"LineString","coordinates":[[-6.266332,53.372033],[-6.266407,53.371963],[-6.266424,53.371947]]}},{"type":"Feature","id":"way/1352783390","properties":{"osmId":1352783390,"attribution":"© OpenStreetMap contributors, ODbL 1.0","highway":"secondary","name":"Saint Mobhi Road"},"geometry":{"type":"LineString","coordinates":[[-6.26618,53.37217],[-6.266231,53.372126],[-6.266332,53.372033]]}},{"type":"Feature","id":"way/1352783391","properties":{"osmId":1352783391,"attribution":"© OpenStreetMap contributors, ODbL 1.0","highway":"secondary","name":"Saint Mobhi Road"},"geometry":{"type":"LineString","coordinates":[[-6.265848,53.37298],[-6.265878,53.372765],[-6.265887,53.372715]]}},{"type":"Feature","id":"way/1352783392","properties":{"osmId":1352783392,"attribution":"© OpenStreetMap contributors, ODbL 1.0","highway":"secondary","name":"Saint Mobhi Road"},"geometry":{"type":"LineString","coordinates":[[-6.265839,53.373052],[-6.265843,53.373018],[-6.265848,53.37298]]}},{"type":"Feature","id":"way/1352783393","properties":{"osmId":1352783393,"attribution":"© OpenStreetMap contributors, ODbL 1.0","highway":"footway"},"geometry":{"type":"LineString","coordinates":[[-6.264566,53.376194],[-6.264569,53.376182]]}},{"type":"Feature","id":"way/1352783394","properties":{"osmId":1352783394,"attribution":"© OpenStreetMap contributors, ODbL 1.0","highway":"footway"},"geometry":{"type":"LineString","coordinates":[[-6.264586,53.376134],[-6.264602,53.376089]]}},{"type":"Feature","id":"way/1352783395","properties":{"osmId":1352783395,"attribution":"© OpenStreetMap contributors, ODbL 1.0","highway":"cycleway","foot":"designated"},"geometry":{"type":"LineString","coordinates":[[-6.264602,53.376089],[-6.264605,53.376084],[-6.26461,53.376074]]}},{"type":"Feature","id":"way/1355261397","properties":{"osmId":1355261397,"attribution":"© OpenStreetMap contributors, ODbL 1.0","highway":"secondary","name":"Glasnevin Avenue"},"geometry":{"type":"LineString","coordinates":[[-6.270785,53.389918],[-6.270339,53.389888],[-6.27029,53.389884],[-6.270234,53.389879],[-6.269865,53.389857],[-6.26857,53.389766],[-6.268075,53.38972],[-6.267715,53.389683],[-6.267345,53.389636],[-6.267018,53.389588],[-6.26661,53.389514],[-6.265828,53.389366],[-6.265217,53.389239],[-6.265167,53.38923],[-6.265114,53.389218],[-6.26492,53.389173]]}},{"type":"Feature","id":"way/1370399975","properties":{"osmId":1370399975,"attribution":"© OpenStreetMap contributors, ODbL 1.0","highway":"secondary","name":"Swords Road"},"geometry":{"type":"LineString","coordinates":[[-6.244459,53.382444],[-6.244339,53.38263],[-6.244328,53.38265]]}},{"type":"Feature","id":"way/1372543215","properties":{"osmId":1372543215,"attribution":"© OpenStreetMap contributors, ODbL 1.0","highway":"footway"},"geometry":{"type":"LineString","coordinates":[[-6.268076,53.387218],[-6.266835,53.38719],[-6.266763,53.387188],[-6.266711,53.387187]]}},{"type":"Feature","id":"way/1372543216","properties":{"osmId":1372543216,"attribution":"© OpenStreetMap contributors, ODbL 1.0","highway":"footway"},"geometry":{"type":"LineString","coordinates":[[-6.266845,53.387116],[-6.266841,53.387147],[-6.266835,53.38719],[-6.266792,53.387517],[-6.266819,53.387581],[-6.266813,53.387616],[-6.266775,53.387639],[-6.266723,53.387643],[-6.266672,53.387636],[-6.26664,53.387608],[-6.266642,53.387564],[-6.26667,53.387537],[-6.266689,53.387523],[-6.266711,53.387187],[-6.266739,53.386784],[-6.266717,53.38675],[-6.266701,53.386707],[-6.266728,53.386671],[-6.266781,53.386649],[-6.266812,53.38665],[-6.266839,53.386655],[-6.266868,53.386669],[-6.266905,53.386694],[-6.266905,53.386724],[-6.266881,53.38675],[-6.266844,53.386777],[-6.266813,53.387103],[-6.266845,53.387116],[-6.266876,53.387128],[-6.26811,53.387157],[-6.268334,53.387035]]}},{"type":"Feature","id":"way/1374377274","properties":{"osmId":1374377274,"attribution":"© OpenStreetMap contributors, ODbL 1.0","highway":"service"},"geometry":{"type":"LineString","coordinates":[[-6.260276,53.386734],[-6.259954,53.386619]]}},{"type":"Feature","id":"way/1376902732","properties":{"osmId":1376902732,"attribution":"© OpenStreetMap contributors, ODbL 1.0","highway":"service"},"geometry":{"type":"LineString","coordinates":[[-6.259135,53.380221],[-6.259154,53.380262],[-6.259248,53.38046],[-6.259303,53.380486],[-6.259346,53.380496],[-6.259392,53.380496],[-6.259486,53.380475]]}},{"type":"Feature","id":"way/1381020716","properties":{"osmId":1381020716,"attribution":"© OpenStreetMap contributors, ODbL 1.0","highway":"service","access":"private"},"geometry":{"type":"LineString","coordinates":[[-6.259028,53.370728],[-6.258915,53.3707],[-6.259023,53.370499],[-6.259004,53.370435]]}},{"type":"Feature","id":"way/1381020717","properties":{"osmId":1381020717,"attribution":"© OpenStreetMap contributors, ODbL 1.0","highway":"service","access":"private"},"geometry":{"type":"LineString","coordinates":[[-6.259205,53.370539],[-6.259023,53.370499]]}},{"type":"Feature","id":"way/1381020718","properties":{"osmId":1381020718,"attribution":"© OpenStreetMap contributors, ODbL 1.0","highway":"service","access":"private"},"geometry":{"type":"LineString","coordinates":[[-6.259004,53.370435],[-6.259075,53.370286]]}},{"type":"Feature","id":"way/1381020719","properties":{"osmId":1381020719,"attribution":"© OpenStreetMap contributors, ODbL 1.0","highway":"service"},"geometry":{"type":"LineString","coordinates":[[-6.259075,53.370286],[-6.259109,53.370222],[-6.259143,53.370157]]}},{"type":"Feature","id":"way/1393198035","properties":{"osmId":1393198035,"attribution":"© OpenStreetMap contributors, ODbL 1.0","highway":"footway"},"geometry":{"type":"LineString","coordinates":[[-6.260629,53.385742],[-6.26064,53.385675]]}},{"type":"Feature","id":"way/1393198036","properties":{"osmId":1393198036,"attribution":"© OpenStreetMap contributors, ODbL 1.0","highway":"footway"},"geometry":{"type":"LineString","coordinates":[[-6.260586,53.385965],[-6.260584,53.386007]]}},{"type":"Feature","id":"way/1393456497","properties":{"osmId":1393456497,"attribution":"© OpenStreetMap contributors, ODbL 1.0","highway":"footway"},"geometry":{"type":"LineString","coordinates":[[-6.256257,53.384907],[-6.256366,53.384911],[-6.256458,53.384909],[-6.256519,53.384914],[-6.256551,53.38493],[-6.25657,53.384956]]}},{"type":"Feature","id":"way/1393456498","properties":{"osmId":1393456498,"attribution":"© OpenStreetMap contributors, ODbL 1.0","highway":"footway"},"geometry":{"type":"LineString","coordinates":[[-6.256171,53.385041],[-6.256257,53.384907],[-6.256184,53.384893],[-6.256155,53.384885],[-6.256121,53.384872],[-6.25609,53.384839],[-6.256069,53.384807],[-6.256048,53.384783],[-6.256011,53.38476],[-6.255951,53.384744],[-6.255878,53.38474],[-6.255829,53.384738],[-6.255792,53.384734],[-6.255757,53.384727],[-6.255715,53.38471],[-6.255671,53.384691],[-6.25562,53.384661],[-6.255596,53.384639],[-6.255552,53.384591],[-6.255508,53.384564],[-6.255396,53.384524]]}},{"type":"Feature","id":"way/1393458934","properties":{"osmId":1393458934,"attribution":"© OpenStreetMap contributors, ODbL 1.0","highway":"footway"},"geometry":{"type":"LineString","coordinates":[[-6.260194,53.385835],[-6.260227,53.385837]]}},{"type":"Feature","id":"way/1393458936","properties":{"osmId":1393458936,"attribution":"© OpenStreetMap contributors, ODbL 1.0","highway":"service","access":"private"},"geometry":{"type":"LineString","coordinates":[[-6.260797,53.387138],[-6.260753,53.387283],[-6.260206,53.387252],[-6.260124,53.387215],[-6.260223,53.387097]]}},{"type":"Feature","id":"way/1393458942","properties":{"osmId":1393458942,"attribution":"© OpenStreetMap contributors, ODbL 1.0","highway":"footway"},"geometry":{"type":"LineString","coordinates":[[-6.259819,53.385808],[-6.259894,53.38582],[-6.260003,53.385833],[-6.260036,53.385825],[-6.260084,53.385827]]}},{"type":"Feature","id":"way/1393458945","properties":{"osmId":1393458945,"attribution":"© OpenStreetMap contributors, ODbL 1.0","highway":"service","access":"private"},"geometry":{"type":"LineString","coordinates":[[-6.260223,53.387097],[-6.260344,53.386951],[-6.260453,53.386821],[-6.260496,53.38677],[-6.260583,53.386678],[-6.260632,53.386627],[-6.260679,53.386577],[-6.260837,53.386573],[-6.261005,53.386589],[-6.261032,53.386464]]}},{"type":"Feature","id":"way/1393458948","properties":{"osmId":1393458948,"attribution":"© OpenStreetMap contributors, ODbL 1.0","highway":"steps"},"geometry":{"type":"LineString","coordinates":[[-6.260156,53.385832],[-6.260194,53.385835]]}},{"type":"Feature","id":"way/1393458950","properties":{"osmId":1393458950,"attribution":"© OpenStreetMap contributors, ODbL 1.0","highway":"footway"},"geometry":{"type":"LineString","coordinates":[[-6.260516,53.386042],[-6.260498,53.386051],[-6.260485,53.386064]]}},{"type":"Feature","id":"way/1393458953","properties":{"osmId":1393458953,"attribution":"© OpenStreetMap contributors, ODbL 1.0","highway":"steps"},"geometry":{"type":"LineString","coordinates":[[-6.260542,53.386031],[-6.260516,53.386042]]}},{"type":"Feature","id":"way/1393471625","properties":{"osmId":1393471625,"attribution":"© OpenStreetMap contributors, ODbL 1.0","highway":"steps"},"geometry":{"type":"LineString","coordinates":[[-6.260544,53.385631],[-6.260542,53.385647]]}},{"type":"Feature","id":"way/1393471626","properties":{"osmId":1393471626,"attribution":"© OpenStreetMap contributors, ODbL 1.0","highway":"steps"},"geometry":{"type":"LineString","coordinates":[[-6.260412,53.38572],[-6.26036,53.38572],[-6.260308,53.38572]]}},{"type":"Feature","id":"way/1393471628","properties":{"osmId":1393471628,"attribution":"© OpenStreetMap contributors, ODbL 1.0","highway":"steps"},"geometry":{"type":"LineString","coordinates":[[-6.260293,53.385799],[-6.260269,53.385775],[-6.260245,53.38575]]}},{"type":"Feature","id":"way/1393471629","properties":{"osmId":1393471629,"attribution":"© OpenStreetMap contributors, ODbL 1.0","highway":"footway"},"geometry":{"type":"LineString","coordinates":[[-6.260231,53.385595],[-6.260261,53.385566],[-6.260358,53.385577],[-6.260547,53.385617],[-6.260682,53.385624],[-6.260675,53.385677]]}},{"type":"Feature","id":"way/1393471630","properties":{"osmId":1393471630,"attribution":"© OpenStreetMap contributors, ODbL 1.0","highway":"footway"},"geometry":{"type":"LineString","coordinates":[[-6.260156,53.385708],[-6.260205,53.385665],[-6.26028,53.385694],[-6.260308,53.38572],[-6.260245,53.38575],[-6.260156,53.385708],[-6.260082,53.385689]]}},{"type":"Feature","id":"way/1393471631","properties":{"osmId":1393471631,"attribution":"© OpenStreetMap contributors, ODbL 1.0","highway":"footway"},"geometry":{"type":"LineString","coordinates":[[-6.260542,53.385647],[-6.260538,53.38567]]}},{"type":"Feature","id":"way/1393474660","properties":{"osmId":1393474660,"attribution":"© OpenStreetMap contributors, ODbL 1.0","highway":"footway"},"geometry":{"type":"LineString","coordinates":[[-6.258005,53.383566],[-6.257988,53.383583]]}},{"type":"Feature","id":"way/1393474662","properties":{"osmId":1393474662,"attribution":"© OpenStreetMap contributors, ODbL 1.0","highway":"footway"},"geometry":{"type":"LineString","coordinates":[[-6.257527,53.384682],[-6.25758,53.384701]]}},{"type":"Feature","id":"way/1393474663","properties":{"osmId":1393474663,"attribution":"© OpenStreetMap contributors, ODbL 1.0","highway":"steps"},"geometry":{"type":"LineString","coordinates":[[-6.25758,53.384701],[-6.257455,53.384816]]}},{"type":"Feature","id":"way/1393474664","properties":{"osmId":1393474664,"attribution":"© OpenStreetMap contributors, ODbL 1.0","highway":"steps"},"geometry":{"type":"LineString","coordinates":[[-6.257995,53.383563],[-6.258022,53.383536]]}},{"type":"Feature","id":"way/1393477170","properties":{"osmId":1393477170,"attribution":"© OpenStreetMap contributors, ODbL 1.0","highway":"footway"},"geometry":{"type":"LineString","coordinates":[[-6.258729,53.384894],[-6.258721,53.384915],[-6.258575,53.384892],[-6.258566,53.384911],[-6.258738,53.38494],[-6.258732,53.38496],[-6.258803,53.384969]]}},{"type":"Feature","id":"way/1393477171","properties":{"osmId":1393477171,"attribution":"© OpenStreetMap contributors, ODbL 1.0","highway":"footway"},"geometry":{"type":"LineString","coordinates":[[-6.258596,53.384512],[-6.258629,53.384515]]}},{"type":"Feature","id":"way/1393477172","properties":{"osmId":1393477172,"attribution":"© OpenStreetMap contributors, ODbL 1.0","highway":"steps"},"geometry":{"type":"LineString","coordinates":[[-6.258814,53.384941],[-6.258807,53.384959]]}},{"type":"Feature","id":"way/1393477174","properties":{"osmId":1393477174,"attribution":"© OpenStreetMap contributors, ODbL 1.0","highway":"footway"},"geometry":{"type":"LineString","coordinates":[[-6.258666,53.384196],[-6.258699,53.384199]]}},{"type":"Feature","id":"way/1393477175","properties":{"osmId":1393477175,"attribution":"© OpenStreetMap contributors, ODbL 1.0","highway":"footway"},"geometry":{"type":"LineString","coordinates":[[-6.258635,53.384849],[-6.258594,53.384869]]}},{"type":"Feature","id":"way/1393477176","properties":{"osmId":1393477176,"attribution":"© OpenStreetMap contributors, ODbL 1.0","highway":"footway"},"geometry":{"type":"LineString","coordinates":[[-6.258807,53.384959],[-6.258803,53.384969],[-6.258787,53.385013]]}},{"type":"Feature","id":"way/1393477177","properties":{"osmId":1393477177,"attribution":"© OpenStreetMap contributors, ODbL 1.0","highway":"steps"},"geometry":{"type":"LineString","coordinates":[[-6.258581,53.38488],[-6.258594,53.384869]]}},{"type":"Feature","id":"way/1393477178","properties":{"osmId":1393477178,"attribution":"© OpenStreetMap contributors, ODbL 1.0","highway":"footway"},"geometry":{"type":"LineString","coordinates":[[-6.258575,53.384892],[-6.258581,53.38488]]}},{"type":"Feature","id":"way/1393479184","properties":{"osmId":1393479184,"attribution":"© OpenStreetMap contributors, ODbL 1.0","highway":"footway"},"geometry":{"type":"LineString","coordinates":[[-6.258249,53.383387],[-6.25827,53.383368],[-6.258249,53.383359]]}},{"type":"Feature","id":"way/1393479185","properties":{"osmId":1393479185,"attribution":"© OpenStreetMap contributors, ODbL 1.0","highway":"footway"},"geometry":{"type":"LineString","coordinates":[[-6.25843,53.384108],[-6.258469,53.384115]]}},{"type":"Feature","id":"way/1393479186","properties":{"osmId":1393479186,"attribution":"© OpenStreetMap contributors, ODbL 1.0","highway":"footway"},"geometry":{"type":"LineString","coordinates":[[-6.258383,53.383476],[-6.258413,53.383487],[-6.25843,53.383472]]}},{"type":"Feature","id":"way/1393479187","properties":{"osmId":1393479187,"attribution":"© OpenStreetMap contributors, ODbL 1.0","highway":"footway"},"geometry":{"type":"LineString","coordinates":[[-6.258232,53.383666],[-6.258222,53.383676],[-6.258183,53.383662]]}},{"type":"Feature","id":"way/1393762824","properties":{"osmId":1393762824,"attribution":"© OpenStreetMap contributors, ODbL 1.0","highway":"footway"},"geometry":{"type":"LineString","coordinates":[[-6.25815,53.383106],[-6.258012,53.383246],[-6.258036,53.383257]]}},{"type":"Feature","id":"way/1393762827","properties":{"osmId":1393762827,"attribution":"© OpenStreetMap contributors, ODbL 1.0","highway":"footway"},"geometry":{"type":"LineString","coordinates":[[-6.257758,53.383488],[-6.257747,53.383497],[-6.257784,53.383512]]}},{"type":"Feature","id":"way/1393762828","properties":{"osmId":1393762828,"attribution":"© OpenStreetMap contributors, ODbL 1.0","highway":"footway"},"geometry":{"type":"LineString","coordinates":[[-6.257955,53.383292],[-6.25794,53.383306],[-6.257977,53.383319]]}},{"type":"Feature","id":"way/1393762829","properties":{"osmId":1393762829,"attribution":"© OpenStreetMap contributors, ODbL 1.0","highway":"corridor"},"geometry":{"type":"LineString","coordinates":[[-6.258469,53.384115],[-6.2586,53.384127]]}},{"type":"Feature","id":"way/1393844579","properties":{"osmId":1393844579,"attribution":"© OpenStreetMap contributors, ODbL 1.0","highway":"steps"},"geometry":{"type":"LineString","coordinates":[[-6.260759,53.385616],[-6.260765,53.385591]]}},{"type":"Feature","id":"way/1393844580","properties":{"osmId":1393844580,"attribution":"© OpenStreetMap contributors, ODbL 1.0","highway":"footway"},"geometry":{"type":"LineString","coordinates":[[-6.26077,53.385575],[-6.26073,53.385573],[-6.260713,53.38568]]}},{"type":"Feature","id":"way/1393844581","properties":{"osmId":1393844581,"attribution":"© OpenStreetMap contributors, ODbL 1.0","highway":"footway"},"geometry":{"type":"LineString","coordinates":[[-6.260765,53.385591],[-6.26077,53.385575],[-6.260801,53.385503]]}},{"type":"Feature","id":"way/1408719498","properties":{"osmId":1408719498,"attribution":"© OpenStreetMap contributors, ODbL 1.0","highway":"footway"},"geometry":{"type":"LineString","coordinates":[[-6.264572,53.388954],[-6.26458,53.388968]]}},{"type":"Feature","id":"way/1409900689","properties":{"osmId":1409900689,"attribution":"© OpenStreetMap contributors, ODbL 1.0","highway":"service"},"geometry":{"type":"LineString","coordinates":[[-6.255646,53.385848],[-6.255562,53.385947],[-6.255192,53.38631],[-6.255047,53.38638]]}},{"type":"Feature","id":"way/1412235144","properties":{"osmId":1412235144,"attribution":"© OpenStreetMap contributors, ODbL 1.0","highway":"footway"},"geometry":{"type":"LineString","coordinates":[[-6.267951,53.370219],[-6.267928,53.37026]]}},{"type":"Feature","id":"way/1413005315","properties":{"osmId":1413005315,"attribution":"© OpenStreetMap contributors, ODbL 1.0","highway":"footway"},"geometry":{"type":"LineString","coordinates":[[-6.259511,53.370028],[-6.259546,53.370129],[-6.259619,53.370259]]}},{"type":"Feature","id":"way/1425327311","properties":{"osmId":1425327311,"attribution":"© OpenStreetMap contributors, ODbL 1.0","highway":"service"},"geometry":{"type":"LineString","coordinates":[[-6.247781,53.370517],[-6.247887,53.370533],[-6.248207,53.370462]]}},{"type":"Feature","id":"way/1427942443","properties":{"osmId":1427942443,"attribution":"© OpenStreetMap contributors, ODbL 1.0","highway":"footway"},"geometry":{"type":"LineString","coordinates":[[-6.267879,53.372682],[-6.267843,53.372724]]}},{"type":"Feature","id":"way/1427942456","properties":{"osmId":1427942456,"attribution":"© OpenStreetMap contributors, ODbL 1.0","highway":"service"},"geometry":{"type":"LineString","coordinates":[[-6.264802,53.375882],[-6.264717,53.375868],[-6.264624,53.375853],[-6.264648,53.375795]]}},{"type":"Feature","id":"way/1427942457","properties":{"osmId":1427942457,"attribution":"© OpenStreetMap contributors, ODbL 1.0","highway":"service"},"geometry":{"type":"LineString","coordinates":[[-6.264398,53.37397],[-6.264223,53.373866],[-6.263685,53.373816],[-6.26357,53.373831]]}},{"type":"Feature","id":"way/1431600500","properties":{"osmId":1431600500,"attribution":"© OpenStreetMap contributors, ODbL 1.0","highway":"residential","name":"Larkhill Road"},"geometry":{"type":"LineString","coordinates":[[-6.245595,53.38718],[-6.245377,53.387015],[-6.245225,53.386886],[-6.245045,53.386682],[-6.244903,53.386465]]}},{"type":"Feature","id":"way/1431600501","properties":{"osmId":1431600501,"attribution":"© OpenStreetMap contributors, ODbL 1.0","highway":"secondary","name":"Collins Avenue West"},"geometry":{"type":"LineString","coordinates":[[-6.249881,53.384467],[-6.246988,53.383384],[-6.245275,53.382753]]}},{"type":"Feature","id":"way/1434045286","properties":{"osmId":1434045286,"attribution":"© OpenStreetMap contributors, ODbL 1.0","highway":"footway"},"geometry":{"type":"LineString","coordinates":[[-6.244413,53.373097],[-6.24468,53.373087],[-6.244969,53.373077],[-6.245302,53.373065],[-6.245306,53.373006],[-6.245361,53.373009],[-6.24541,53.373007],[-6.24549,53.373007]]}},{"type":"Feature","id":"way/1434045287","properties":{"osmId":1434045287,"attribution":"© OpenStreetMap contributors, ODbL 1.0","highway":"footway"},"geometry":{"type":"LineString","coordinates":[[-6.245306,53.373006],[-6.245295,53.372947],[-6.244964,53.372955],[-6.244969,53.373077]]}},{"type":"Feature","id":"way/1434045288","properties":{"osmId":1434045288,"attribution":"© OpenStreetMap contributors, ODbL 1.0","highway":"footway"},"geometry":{"type":"LineString","coordinates":[[-6.24468,53.373087],[-6.244669,53.372946]]}},{"type":"Feature","id":"way/1434054729","properties":{"osmId":1434054729,"attribution":"© OpenStreetMap contributors, ODbL 1.0","highway":"service","foot":"yes","access":"no"},"geometry":{"type":"LineString","coordinates":[[-6.25982,53.370717],[-6.259966,53.37077],[-6.260124,53.370823],[-6.26023,53.37077],[-6.26025,53.370761],[-6.260471,53.370785],[-6.260528,53.370811],[-6.260594,53.370867]]}},{"type":"Feature","id":"way/1434054730","properties":{"osmId":1434054730,"attribution":"© OpenStreetMap contributors, ODbL 1.0","highway":"service","foot":"yes","access":"no"},"geometry":{"type":"LineString","coordinates":[[-6.260124,53.370823],[-6.260074,53.370877],[-6.259989,53.370921],[-6.259968,53.370935],[-6.259921,53.371018]]}},{"type":"Feature","id":"way/1434054745","properties":{"osmId":1434054745,"attribution":"© OpenStreetMap contributors, ODbL 1.0","highway":"footway"},"geometry":{"type":"LineString","coordinates":[[-6.256408,53.371287],[-6.256678,53.37133]]}},{"type":"Feature","id":"way/1434054749","properties":{"osmId":1434054749,"attribution":"© OpenStreetMap contributors, ODbL 1.0","highway":"service"},"geometry":{"type":"LineString","coordinates":[[-6.255329,53.370126],[-6.2552,53.370117],[-6.25514,53.370113],[-6.254908,53.370092],[-6.254702,53.370048],[-6.254567,53.370036],[-6.254493,53.370156],[-6.254466,53.370274]]}},{"type":"Feature","id":"way/1434054750","properties":{"osmId":1434054750,"attribution":"© OpenStreetMap contributors, ODbL 1.0","highway":"footway"},"geometry":{"type":"LineString","coordinates":[[-6.254958,53.370426],[-6.254988,53.370329],[-6.254953,53.370299],[-6.25493,53.370275],[-6.254972,53.370249],[-6.255043,53.370258],[-6.255054,53.370296],[-6.254988,53.370329]]}},{"type":"Feature","id":"way/1434054755","properties":{"osmId":1434054755,"attribution":"© OpenStreetMap contributors, ODbL 1.0","highway":"footway"},"geometry":{"type":"LineString","coordinates":[[-6.254227,53.371966],[-6.254195,53.372025]]}},{"type":"Feature","id":"way/1434054756","properties":{"osmId":1434054756,"attribution":"© OpenStreetMap contributors, ODbL 1.0","highway":"footway"},"geometry":{"type":"LineString","coordinates":[[-6.25449,53.37194],[-6.254496,53.371969]]}},{"type":"Feature","id":"way/1434054757","properties":{"osmId":1434054757,"attribution":"© OpenStreetMap contributors, ODbL 1.0","highway":"steps"},"geometry":{"type":"LineString","coordinates":[[-6.254403,53.371665],[-6.254505,53.371691]]}},{"type":"Feature","id":"way/1434054758","properties":{"osmId":1434054758,"attribution":"© OpenStreetMap contributors, ODbL 1.0","highway":"footway"},"geometry":{"type":"LineString","coordinates":[[-6.254647,53.371229],[-6.254711,53.371247],[-6.254665,53.371341],[-6.254699,53.371346],[-6.254727,53.371292],[-6.254737,53.371292]]}},{"type":"Feature","id":"way/1434054759","properties":{"osmId":1434054759,"attribution":"© OpenStreetMap contributors, ODbL 1.0","highway":"steps"},"geometry":{"type":"LineString","coordinates":[[-6.254684,53.371134],[-6.254814,53.371168]]}},{"type":"Feature","id":"way/1434054760","properties":{"osmId":1434054760,"attribution":"© OpenStreetMap contributors, ODbL 1.0","highway":"footway"},"geometry":{"type":"LineString","coordinates":[[-6.254728,53.370979],[-6.255077,53.371054],[-6.255168,53.370891]]}},{"type":"Feature","id":"way/1434054765","properties":{"osmId":1434054765,"attribution":"© OpenStreetMap contributors, ODbL 1.0","highway":"service"},"geometry":{"type":"LineString","coordinates":[[-6.256795,53.374705],[-6.256566,53.374655]]}},{"type":"Feature","id":"way/1434054773","properties":{"osmId":1434054773,"attribution":"© OpenStreetMap contributors, ODbL 1.0","highway":"path"},"geometry":{"type":"LineString","coordinates":[[-6.26444,53.37223],[-6.263691,53.372011],[-6.263257,53.371853],[-6.262959,53.371626],[-6.262881,53.37157]]}},{"type":"Feature","id":"way/1434395257","properties":{"osmId":1434395257,"attribution":"© OpenStreetMap contributors, ODbL 1.0","highway":"footway"},"geometry":{"type":"LineString","coordinates":[[-6.268143,53.376661],[-6.26808,53.376578],[-6.267939,53.376504],[-6.267751,53.376435],[-6.267636,53.376451],[-6.267552,53.376492],[-6.267545,53.376582],[-6.267561,53.376625],[-6.267894,53.376626],[-6.267925,53.376632],[-6.267933,53.376644],[-6.267936,53.376664],[-6.267903,53.376681]]}},{"type":"Feature","id":"way/1435676788","properties":{"osmId":1435676788,"attribution":"© OpenStreetMap contributors, ODbL 1.0","highway":"service","name":"Shanowen House","access":"private"},"geometry":{"type":"LineString","coordinates":[[-6.254239,53.388124],[-6.253588,53.388146]]}},{"type":"Feature","id":"way/1435676789","properties":{"osmId":1435676789,"attribution":"© OpenStreetMap contributors, ODbL 1.0","highway":"service","name":"Shanowen Crescent"},"geometry":{"type":"LineString","coordinates":[[-6.255921,53.389663],[-6.256028,53.389739],[-6.256179,53.389851],[-6.256223,53.389963]]}},{"type":"Feature","id":"way/1435676790","properties":{"osmId":1435676790,"attribution":"© OpenStreetMap contributors, ODbL 1.0","highway":"service","name":"Shanowen House"},"geometry":{"type":"LineString","coordinates":[[-6.254524,53.388119],[-6.254239,53.388124]]}},{"type":"Feature","id":"way/1436193378","properties":{"osmId":1436193378,"attribution":"© OpenStreetMap contributors, ODbL 1.0","highway":"service"},"geometry":{"type":"LineString","coordinates":[[-6.247579,53.369426],[-6.247697,53.369421],[-6.247888,53.369477],[-6.247897,53.369531]]}},{"type":"Feature","id":"way/1446784215","properties":{"osmId":1446784215,"attribution":"© OpenStreetMap contributors, ODbL 1.0","highway":"footway"},"geometry":{"type":"LineString","coordinates":[[-6.263763,53.371027],[-6.263674,53.37097],[-6.263651,53.370978],[-6.263608,53.371036]]}},{"type":"Feature","id":"way/1450779654","properties":{"osmId":1450779654,"attribution":"© OpenStreetMap contributors, ODbL 1.0","highway":"footway"},"geometry":{"type":"LineString","coordinates":[[-6.258404,53.383876],[-6.258445,53.383846],[-6.258609,53.383718],[-6.258636,53.383716],[-6.25871,53.383724],[-6.258735,53.383725]]}},{"type":"Feature","id":"way/1450779655","properties":{"osmId":1450779655,"attribution":"© OpenStreetMap contributors, ODbL 1.0","highway":"service","foot":"permissive"},"geometry":{"type":"LineString","coordinates":[[-6.258404,53.383876],[-6.258083,53.38376],[-6.257692,53.383601]]}},{"type":"Feature","id":"way/1450779656","properties":{"osmId":1450779656,"attribution":"© OpenStreetMap contributors, ODbL 1.0","highway":"service","foot":"permissive"},"geometry":{"type":"LineString","coordinates":[[-6.257221,53.38496],[-6.257266,53.384919]]}},{"type":"Feature","id":"way/1458256010","properties":{"osmId":1458256010,"attribution":"© OpenStreetMap contributors, ODbL 1.0","highway":"footway"},"geometry":{"type":"LineString","coordinates":[[-6.267221,53.370079],[-6.267304,53.370096],[-6.267362,53.370108]]}},{"type":"Feature","id":"way/1461888150","properties":{"osmId":1461888150,"attribution":"© OpenStreetMap contributors, ODbL 1.0","highway":"footway"},"geometry":{"type":"LineString","coordinates":[[-6.250536,53.3761],[-6.25055,53.376129]]}},{"type":"Feature","id":"way/1461888151","properties":{"osmId":1461888151,"attribution":"© OpenStreetMap contributors, ODbL 1.0","highway":"steps"},"geometry":{"type":"LineString","coordinates":[[-6.250529,53.376083],[-6.250536,53.3761]]}},{"type":"Feature","id":"way/1461888161","properties":{"osmId":1461888161,"attribution":"© OpenStreetMap contributors, ODbL 1.0","highway":"footway"},"geometry":{"type":"LineString","coordinates":[[-6.250596,53.375789],[-6.250548,53.375777],[-6.250416,53.37574],[-6.250257,53.375697]]}},{"type":"Feature","id":"way/1467478979","properties":{"osmId":1467478979,"attribution":"© OpenStreetMap contributors, ODbL 1.0","highway":"service","access":"no"},"geometry":{"type":"LineString","coordinates":[[-6.26593,53.380392],[-6.265991,53.38039],[-6.266151,53.380382],[-6.266414,53.380323],[-6.266523,53.380291]]}},{"type":"Feature","id":"way/1469799231","properties":{"osmId":1469799231,"attribution":"© OpenStreetMap contributors, ODbL 1.0","highway":"footway"},"geometry":{"type":"LineString","coordinates":[[-6.245416,53.378941],[-6.245441,53.378877],[-6.245452,53.37885]]}},{"type":"Feature","id":"way/1469799232","properties":{"osmId":1469799232,"attribution":"© OpenStreetMap contributors, ODbL 1.0","highway":"footway"},"geometry":{"type":"LineString","coordinates":[[-6.245615,53.378969],[-6.24554,53.378984],[-6.245487,53.378995]]}},{"type":"Feature","id":"way/1469799233","properties":{"osmId":1469799233,"attribution":"© OpenStreetMap contributors, ODbL 1.0","highway":"footway"},"geometry":{"type":"LineString","coordinates":[[-6.245609,53.3792],[-6.245534,53.379184],[-6.245463,53.379168]]}},{"type":"Feature","id":"way/1469799234","properties":{"osmId":1469799234,"attribution":"© OpenStreetMap contributors, ODbL 1.0","highway":"footway"},"geometry":{"type":"LineString","coordinates":[[-6.245845,53.378892],[-6.245836,53.378849],[-6.24583,53.378818]]}},{"type":"Feature","id":"way/1469799235","properties":{"osmId":1469799235,"attribution":"© OpenStreetMap contributors, ODbL 1.0","highway":"footway"},"geometry":{"type":"LineString","coordinates":[[-6.246251,53.378897],[-6.246267,53.378838],[-6.246272,53.378819]]}},{"type":"Feature","id":"way/1469799238","properties":{"osmId":1469799238,"attribution":"© OpenStreetMap contributors, ODbL 1.0","highway":"path"},"geometry":{"type":"LineString","coordinates":[[-6.249744,53.368685],[-6.249528,53.368592],[-6.249505,53.368583]]}},{"type":"Feature","id":"way/1473898874","properties":{"osmId":1473898874,"attribution":"© OpenStreetMap contributors, ODbL 1.0","highway":"footway"},"geometry":{"type":"LineString","coordinates":[[-6.264109,53.370754],[-6.264024,53.370726]]}},{"type":"Feature","id":"way/1475636730","properties":{"osmId":1475636730,"attribution":"© OpenStreetMap contributors, ODbL 1.0","highway":"path","foot":"yes","access":"no"},"geometry":{"type":"LineString","coordinates":[[-6.265581,53.372568],[-6.265757,53.372626],[-6.265787,53.372636]]}},{"type":"Feature","id":"way/1486878251","properties":{"osmId":1486878251,"attribution":"© OpenStreetMap contributors, ODbL 1.0","highway":"steps","access":"yes"},"geometry":{"type":"LineString","coordinates":[[-6.264545,53.372318],[-6.264374,53.372496]]}},{"type":"Feature","id":"way/1486878252","properties":{"osmId":1486878252,"attribution":"© OpenStreetMap contributors, ODbL 1.0","highway":"path","foot":"yes","access":"no"},"geometry":{"type":"LineString","coordinates":[[-6.264374,53.372496],[-6.264023,53.372464],[-6.263602,53.372322],[-6.263087,53.372164],[-6.262971,53.372071]]}},{"type":"Feature","id":"way/1487199802","properties":{"osmId":1487199802,"attribution":"© OpenStreetMap contributors, ODbL 1.0","highway":"steps"},"geometry":{"type":"LineString","coordinates":[[-6.261734,53.369989],[-6.26177,53.369962]]}},{"type":"Feature","id":"way/1491248892","properties":{"osmId":1491248892,"attribution":"© OpenStreetMap contributors, ODbL 1.0","highway":"footway"},"geometry":{"type":"LineString","coordinates":[[-6.248531,53.370753],[-6.248511,53.370766],[-6.248465,53.370827],[-6.248468,53.370899],[-6.248521,53.371022],[-6.248536,53.371112],[-6.248515,53.371189]]}},{"type":"Feature","id":"way/1491248893","properties":{"osmId":1491248893,"attribution":"© OpenStreetMap contributors, ODbL 1.0","highway":"footway"},"geometry":{"type":"LineString","coordinates":[[-6.248414,53.370581],[-6.248485,53.370626],[-6.248608,53.370702],[-6.248586,53.370717]]}},{"type":"Feature","id":"way/1491248894","properties":{"osmId":1491248894,"attribution":"© OpenStreetMap contributors, ODbL 1.0","highway":"footway"},"geometry":{"type":"LineString","coordinates":[[-6.248586,53.370717],[-6.248558,53.370735],[-6.248531,53.370753]]}},{"type":"Feature","id":"way/1498159051","properties":{"osmId":1498159051,"attribution":"© OpenStreetMap contributors, ODbL 1.0","highway":"path"},"geometry":{"type":"LineString","coordinates":[[-6.242677,53.371846],[-6.242692,53.371949],[-6.242792,53.372058],[-6.242862,53.372033],[-6.242943,53.372021],[-6.24303,53.37207],[-6.243126,53.372111],[-6.243268,53.372107],[-6.243429,53.372126],[-6.243608,53.372124],[-6.243821,53.372102],[-6.243887,53.372065],[-6.243963,53.371989],[-6.243935,53.371954],[-6.243988,53.371899],[-6.243984,53.371873],[-6.243889,53.37181],[-6.24397,53.371452],[-6.24401,53.37114],[-6.24399,53.370995],[-6.244043,53.370671],[-6.244067,53.370577]]}},{"type":"Feature","id":"way/1498159053","properties":{"osmId":1498159053,"attribution":"© OpenStreetMap contributors, ODbL 1.0","highway":"footway"},"geometry":{"type":"LineString","coordinates":[[-6.245267,53.37003],[-6.245264,53.370016],[-6.245247,53.369951],[-6.245229,53.369885],[-6.245226,53.369875],[-6.245212,53.369866],[-6.245173,53.369843],[-6.245123,53.369833],[-6.245098,53.369707],[-6.244955,53.369676]]}},{"type":"Feature","id":"way/1498159054","properties":{"osmId":1498159054,"attribution":"© OpenStreetMap contributors, ODbL 1.0","highway":"footway"},"geometry":{"type":"LineString","coordinates":[[-6.245264,53.370016],[-6.244927,53.370051],[-6.244902,53.369984],[-6.244925,53.369982],[-6.245247,53.369951]]}},{"type":"Feature","id":"way/1499612094","properties":{"osmId":1499612094,"attribution":"© OpenStreetMap contributors, ODbL 1.0","highway":"footway"},"geometry":{"type":"LineString","coordinates":[[-6.248414,53.370973],[-6.248329,53.371012],[-6.24821,53.371049]]}},{"type":"Feature","id":"way/1500147763","properties":{"osmId":1500147763,"attribution":"© OpenStreetMap contributors, ODbL 1.0","highway":"footway"},"geometry":{"type":"LineString","coordinates":[[-6.245229,53.369885],[-6.244907,53.369907],[-6.244925,53.369982]]}},{"type":"Feature","id":"way/1501361954","properties":{"osmId":1501361954,"attribution":"© OpenStreetMap contributors, ODbL 1.0","highway":"service"},"geometry":{"type":"LineString","coordinates":[[-6.266049,53.371136],[-6.266101,53.371165],[-6.26616,53.371199],[-6.266231,53.371238]]}},{"type":"Feature","id":"way/1501446357","properties":{"osmId":1501446357,"attribution":"© OpenStreetMap contributors, ODbL 1.0","highway":"service"},"geometry":{"type":"LineString","coordinates":[[-6.266083,53.371112],[-6.26604,53.371091],[-6.265957,53.37105]]}},{"type":"Feature","id":"way/1509487516","properties":{"osmId":1509487516,"attribution":"© OpenStreetMap contributors, ODbL 1.0","highway":"residential","name":"Shanowen Avenue"},"geometry":{"type":"LineString","coordinates":[[-6.257846,53.388695],[-6.257767,53.388912],[-6.257694,53.389112],[-6.257559,53.389449],[-6.257532,53.389514],[-6.257076,53.390633],[-6.257065,53.390659]]}},{"type":"Feature","id":"way/1541336586","properties":{"osmId":1541336586,"attribution":"© OpenStreetMap contributors, ODbL 1.0","highway":"residential","name":"Iona Villas"},"geometry":{"type":"LineString","coordinates":[[-6.266065,53.367885],[-6.26611,53.367573],[-6.266111,53.367552],[-6.266122,53.367511]]}},{"type":"Feature","id":"way/1541336879","properties":{"osmId":1541336879,"attribution":"© OpenStreetMap contributors, ODbL 1.0","highway":"residential","name":"Iona Crescent"},"geometry":{"type":"LineString","coordinates":[[-6.266799,53.367556],[-6.266757,53.367551],[-6.266522,53.367535],[-6.266216,53.367511],[-6.266122,53.367511]]}},{"type":"Feature","id":"way/1549551979","properties":{"osmId":1549551979,"attribution":"© OpenStreetMap contributors, ODbL 1.0","highway":"service"},"geometry":{"type":"LineString","coordinates":[[-6.245212,53.369866],[-6.245247,53.369849],[-6.245283,53.369812],[-6.245252,53.369622],[-6.245281,53.369562]]}},{"type":"Feature","id":"way/1549551983","properties":{"osmId":1549551983,"attribution":"© OpenStreetMap contributors, ODbL 1.0","highway":"service"},"geometry":{"type":"LineString","coordinates":[[-6.244283,53.366729],[-6.244379,53.366594],[-6.244416,53.366541]]}},{"type":"Feature","id":"way/1549551984","properties":{"osmId":1549551984,"attribution":"© OpenStreetMap contributors, ODbL 1.0","highway":"service"},"geometry":{"type":"LineString","coordinates":[[-6.243872,53.367021],[-6.243938,53.366938],[-6.244028,53.366924],[-6.24413,53.366793]]}},{"type":"Feature","id":"way/1549570429","properties":{"osmId":1549570429,"attribution":"© OpenStreetMap contributors, ODbL 1.0","highway":"footway"},"geometry":{"type":"LineString","coordinates":[[-6.263246,53.377312],[-6.263258,53.377273],[-6.263269,53.377237]]}},{"type":"Feature","id":"way/1549570430","properties":{"osmId":1549570430,"attribution":"© OpenStreetMap contributors, ODbL 1.0","highway":"footway"},"geometry":{"type":"LineString","coordinates":[[-6.263269,53.377237],[-6.26321,53.377228],[-6.263157,53.377219]]}},{"type":"Feature","id":"way/1553208830","properties":{"osmId":1553208830,"attribution":"© OpenStreetMap contributors, ODbL 1.0","highway":"footway"},"geometry":{"type":"LineString","coordinates":[[-6.260784,53.368656],[-6.260812,53.368611],[-6.260836,53.368575]]}},{"type":"Feature","id":"way/1553208831","properties":{"osmId":1553208831,"attribution":"© OpenStreetMap contributors, ODbL 1.0","highway":"footway"},"geometry":{"type":"LineString","coordinates":[[-6.254634,53.368816],[-6.254653,53.368841],[-6.254644,53.368845]]}},{"type":"Feature","id":"way/1553208832","properties":{"osmId":1553208832,"attribution":"© OpenStreetMap contributors, ODbL 1.0","highway":"service"},"geometry":{"type":"LineString","coordinates":[[-6.254721,53.368716],[-6.254659,53.368753],[-6.254434,53.368719],[-6.254389,53.368665]]}},{"type":"Feature","id":"way/1553208834","properties":{"osmId":1553208834,"attribution":"© OpenStreetMap contributors, ODbL 1.0","highway":"service"},"geometry":{"type":"LineString","coordinates":[[-6.24952,53.366307],[-6.249612,53.366191],[-6.249792,53.366306],[-6.249743,53.366352]]}},{"type":"Feature","id":"way/1553208835","properties":{"osmId":1553208835,"attribution":"© OpenStreetMap contributors, ODbL 1.0","highway":"footway"},"geometry":{"type":"LineString","coordinates":[[-6.249141,53.36638],[-6.248558,53.365994],[-6.248612,53.365962]]}},{"type":"Feature","id":"way/1553891708","properties":{"osmId":1553891708,"attribution":"© OpenStreetMap contributors, ODbL 1.0","highway":"service"},"geometry":{"type":"LineString","coordinates":[[-6.249603,53.366132],[-6.249438,53.36622],[-6.249141,53.36638],[-6.249043,53.366432],[-6.248997,53.366457]]}},{"type":"Feature","id":"way/1553891709","properties":{"osmId":1553891709,"attribution":"© OpenStreetMap contributors, ODbL 1.0","highway":"service"},"geometry":{"type":"LineString","coordinates":[[-6.249296,53.366122],[-6.249438,53.36622]]}},{"type":"Feature","id":"way/1555134016","properties":{"osmId":1555134016,"attribution":"© OpenStreetMap contributors, ODbL 1.0","highway":"service"},"geometry":{"type":"LineString","coordinates":[[-6.263055,53.365766],[-6.263104,53.365806],[-6.262938,53.366117],[-6.26283,53.366313],[-6.262783,53.366399],[-6.262686,53.366437]]}}]}
